Kingdom,Phylum,Class,Order,Family,Genus,Species,sequence
k__Fungi,NA,NA,NA,NA,NA,NA,NNNNNNNNNNNNNANNNCGGTNATNCGGNGTTATGTNATCGTCGGGAATGCCCCTTGGTTTACTTCGTGTTNTGGCCGTCNNTATGCTTCGGTGGTATGCCGTTTACGAACATTTTCTGANNTAGGGCGTTGATATTTATAATATTATTTTTTCAACAACGATTTTTGTGGTTCTGGATCTATGATTAACGCTAAGAAACGCGACTTGGGTGTATAATAACAAAAATTCACTAAAATCATCGAAATCTTCTGTACGTCACATTGACGCACCTTGACTATCTCCGAATAGTGCATANNCTGTTTCTGAGCGATCATTAGTAACCCNCTTCNANNNNTCACGCATATGCGTCGCTTGNGCGGGCNCTTGTACGACTNCGTGCANATANTACNCNCATNTNNNNNNANTACGNNNNNNCNTAGNNNNNNNNNGNNCTCTGNNNNNNGNNTNNNNNNNNNTNANTNANNGNNNNGNNNNNTNAANCNNNNNNNNNANN
k__Fungi,p__Basidiomycota,c__Agaricomycetes,o__Agaricales,f__Cortinariaceae,g__Cortinarius,s__alpinus,ATTATTGANATAGACCTGATGAGTTGTTGCTGGYTCTCTAGAGAGCATTGTGCACGCTTGTCATYTTTATGTCTCCACCTGTGCACATTTTGTAGACCTGGATCACTCTCTGAAATGCTAACCAGCATTTTAGGTTGGAGGAATTTGACTTTGTTGTCTTTCCTTGCATTTCTAGGTCTATGTTCTTTTNCATATAATCTTATTGTGATATAATGGACCCTATATAATATAAACCTATACAACTTTCAGCAACGGATCTCTTGGCTCTCGCATCGATGAAGAACGCAGCGAAATGCGATAAGTAATGTGAATTGCAGAATTCAGTGAATCATCGAATCTTTGAACGCACCTTGCGCTCCTTGGTATTCCGAGGAGCATGCCTGTTTGAGTGTCATTAATATATCAACCTCTTTAAATTTTGAGAGTGTTTGGATGTGGGGGTGTTATTTTGCTGGCCTTCTCCAAGGTCAGCTCCCCTGAAATGTATTAGCGGAACAKTTTGTTGACCGTTCATTGTTGTGATAGCATATCTACGCTATTGACGTGAAGCAAGTTCAGCTTATAACAGTCCATTGACTTGGACAAATCTCTATTTTATTAATGTGACCTCAAATCAGGTAGGACTACCCGCTGAACTTAAGCATATC
k__Fungi,NA,NA,NA,NA,NA,NA,TKWWTKTCTCYCMCWGTGYRCAYATWKTRTWSMYSTKWARMKGWKAKWRMYYCTTSKKKYKCRYCRMGWKTKTGRCWSTSGMGCKYWTTKWRKWCKCSTYTKYKYTKYKYTTTKYYKYSTTSKAYGAYRTTWTYTCCAMMMAMYRAAKWWKTTSWKMATRWTGWAKMAKGWSSTYYTTTKTWSYWMYWAWRWWKWTWTWCTACTWYYWKCARCRRMKSWYYTSNTKCTYSYMKCRWYGAWGAASRMMGCRRARWRMKRYRATWAATRWKRWKWRYWGMAKWMTKYGRWKMATCRWAKMWTYKWWCGCMKCWTGYKSYSCTYSKTRTTMYKMSGAGSATGMYKSYTKKWKKRKYRTYWCATCWTCTYMWCMCMCMMCMACYRSWKTTTTTCTYYWSKRTGGKGGGYKKGKWKGWKGTGGGRKGATKTWTTTGYWGSMTSTYSWCKMKKCTSCYCYMMWATRCAKYATTGGTRTCMKMSRAGMWAATMTACTACWRSWGTKRTGATMWATTAAYKCCKCMWMATGMTGCATSATTGGTKCAYGMTGCTRCTACTAACAAAAAAARNACGRMWTTTTTTTGGGGGGGGGGGCC
k__Fungi,NA,NA,NA,NA,NA,NA,ANNNNNNNNNANANNNNNNNNNNNNGNGGATTACGACCAGTCCTCTANTGACAAGATCCTTGGTCTGGAAGGGAANCCTCCCTCTACCTACNGTTGTTGGTTTTTAGGGCGANNGTTCCCCTAAAGGAGCAATTGCTTGCTCTTTAGAGGNTTCCTCCCTTTAATTAACCANTATTGGGCCATTTNNNTATTACTTCCTTTATAGACATGCCNGTTNGNNNNNNTNNGTNNTNNGANNCTAGNCGGGTNTCTANGAGNGNNNTNCNATAGGNATNNTTNTTCTNGGNAAANNTGTTACNNNTCTNNGTCGGTGTNAGANNANTTCNNTNCNATCGGNGGNGTNNCTATTTTANNTAANGTNTNTGGNNNNNNGCTGGTTGATTGNGTTTTTTATCNNANACAGACANANGCTGNGNGNTNCCGCTTTTGTACCTTTTCCNTCGGCNNGNCANNNTTNNGATGAACTTTACCNNTAANGCANAAGGANTGGTTTAANAANNTGANNTTCNCCNATTGCANGTTTTNGGCATTTTAANGAAAGTNTCNNNNAGCANCATCATTGNGTGTNGAGAAAAAGGTTCNCTCCAAGCTGAAAATACGGATNTTAANNANAAAAAATCCCCCCAAAAAAAAAAAAAAAGTTTGTTTTTTTTTTAGAGAGAAAATTCTCTCTCAAAAAAAAAAAACAAAGTTGTTTTTTTTTTTGGAAGGAAAATATCCTCCCCCAAAAAAAAAAACAACTGTTTGTTTTTTTATAGAAAAGGGATTTCCTCTCCNNNTAAACAGACAAAACAATG
k__Fungi,p__Basidiomycota,c__Agaricomycetes,o__Agaricales,f__Tricholomataceae,g__Mycena,s__leptocephala,ACTGAATCSGTTCTGATGCTGRCTCTTCACTGGKCATGTGCTCGTCCGTTCATATTTACCTTCTCTTGTGCACATTTTGTAGTCCTTTGGAACAAGTGAATTTCGCGCTGCTGTGATTGACTTCGCGGTGGTTGCGGTTTGGGGGATTGNSTGTAACAGCCCTTCSTCTGTTTATGCGCGTTGCATGYGMTYTACTTCMTSTAAGAYGACSARGAGNNNNYTGARCGWCWGCACTTNCNCTGCTTTTGCTTTTTNTCAAGGCTACGTTTTCATATACCCTATRYAATGTTACAGMRTGTCTNTAAAGATTGTGCTTGGTCGCAGTCATTAAACCTATACAAYTTTCAGCAGCGGNTCTCGTNGNCTCTCYCRTCGATGAAGAACGCRGCGAGCTGCGATAAGTRNTGTGTNNTGCAGAATTCAGTGAATCATCGAATCTTTGAACGCACCTTGCGCTCCTTGCCRTTCCGAGGAGCABRCCKGTTTGAGTGTCRTDAACATMTTCATCCTSCCTGYYYWKSKTGAGCKACKTGSATGAGSGGKYTTGCTATTTGNGNGGTTTTCTGCTGNYYTCCTCTGAK
k__Fungi,p__Ascomycota,c__Sordariomycetes,o__Hypocreales,f__Nectriaceae,NA,NA,SSCTGTGACATACYAWTTGTYKCSTCGGMGGTGCCTGMTTCGRBAGCCCGCCANASGACCCAARCCCWTGATTTTATRCRGTATVKBCTGRGTAWATGWTYAAATARATCRAWACTTKSWHMAACGGAWHTCTTGGTTCTGGHATCGATRAAGAACGCAYCGARATGYGWYAAGTAATGWGRATTGCAKAATTCAGYGAATSATYKAATCTTTGAACGCACATTGCGCCCGCCADTATTCTGKYGGGYATGYCTGTTCGMKCGTCATTTCRACSCTCAARCYCCCGGGCTTGGDGTYGGAGATCGGHGTGCCCCCCCGGGGCGCGYCRGCTCCCARATATAKTGGSGKYCTCGCKGTAGMTKCCTCTGCGWAGTAGCACWCCTCGSACTGDAAAACAGCGWGGCCASGCCGTTAAASCCCCCACTTBTGAAASGTTGRCCTSGGATSAGGTAGGAATACCCGCTGAMCTTA
k__Fungi,p__Basidiomycota,c__Agaricomycetes,o__Agaricales,f__Inocybaceae,g__Inocybe,s__geophylla,AAACTTGCACAGGCTGTTGCTGGCCCTTGAGGGGGTATGTGCACGCTTGTCATCTTTATCATTTCTCCCAACTGTGCACATATTGTAGACTTTTTTTGAATTCCGATAAGGAATTCAAGTTGGGGGACTGCTGTGCTTAACAGTCGGCTTTCCCTTGTATTTTTCAGGTCTATGTCATTTTTCACAACCTCTATAATATGTTTAGAATGTTGAATCAGGTCCTTGTACCTATATAAAAAGTTATAAACAACTTTCAGCAACGGATCTCTTGGCTCTCGCATCGATGAAGAACGCAGCGAAATGCGATAAGTAATGTGAATTGCAGAATTCAGTGAATCATCGAATCTTTGAACGCATCTTGCGCCCCTTGGTATTCCGAGGAGCATGCCTGTTTGAGTGTCATTTGACCTTCTCTCAACCGTATCAGTCAATGATGTGGCTTGGATGTGGGGTTGCAGGCTTCCRAGTATGAAAGTCCAGCTTCCCTGGAATGCATTAGTGGTATCTGKCTGRRCTGNTAWTTGGTGTGATAACTTATCTATGCCTTTTGGTGATCAGCACCGCTTATAACTATCAATTTGACAAATTTGACCTCNAATCAGGTANGACTACCCGCTGAACTTAAGCATA
k__Fungi,NA,NA,NA,NA,NA,NA,NNNNNNNNNTANGTGACTGCGNGANNTCNTTACTCGAATGNCGAACGAGTGTTGCTGAGCCTCGGNGGGGGCATGTGCGCGCTCTGCTTACACATCCACTCACACATGTGCACCCTCTGTACCTCTGTGGCACTGCACCCTCGGTCCGCTTGCTGTGGTCCTACGTCTTTACACACACGCACCCAAAATACAGCAAGAGATAAAGATAAGTGTCCAATAACACGCTAAACGAGGCCTGTTGCCGCGGACCCTTTCGTGTCTCGCGGATAGGGGACGCGCGGGCAGGCGCGGGATAAGATATAGTTAGTGACTGATCGAGAGTAAAAATGCTATCGCGTCCGTAGCTGACCCTGAGGAACGAGAATTAAACAGGGGGCCCGTTTTTTTGCAGATGCTTCTATTCCCACACCGTGTCTACTGAGTTGTTTTGCTTTTGGAGGACTAAGTGCAAGGCGTCCCNTGCGNCTGACTGAGCAGGCTANNGNAACGAGTGTNNGTTCTTCACAGCTGCGAGAAAAATATATACGATNTGTANNNCTTNNANANCNNNAAAAGGAGNAAAGNNNNCTCTNNCNCACANACACCTCTCCTCNGCTGAGGACAGCAGNTTNTNTNGTGANNNTTTCAATCTCAAATAGAGANNACCCACCCCGCCNCTGNANNATTAATATAANNACGGAGNNGNGGNNAN
k__Fungi,NA,NA,NA,NA,NA,NA,NNNNNNCGTAGNTGNNCTGCGNNNNTCATTACCGAGTGGATGCGAACAGACTGCTGCTGAAACAGCCTTNNTCCTTGTACGCGNNNNACCGCATCTGCGCTCGACGAACTGTGACATATTTAANAGGGATACCCATTACTTATGTTCTACTTGGCGCTGCTGAACGAACAGAGCACCTTTGCCTTGCATTCTCAGGTCTATGTAATCCCCTCATACCTCTAAAATTGCTTGTAATTTTAACAGCAAAGTCAATTTTATACCTTTATAGTTTACACATAACTCTCAGCAAGCAATCGCTTGATTCTCGCTTCGTTCAGGAGTGCAGCGTCATGCCTTAATTAATGTGACTTGGACCATCCACGGGGTCACCGTGTGTATAAACGCAGCTGGCGCTCCCGCGCGATTCCGACCCGCAAGCACGCACAGCAGCAATTAAGTCATCAATCACGAACAATTTTGNTGCCTCGGGTTGCGGAAGTNNACCATGTCTTGCCTTTTTTTTTCTTCTTCTAANGAAGCAAAAGTANNCCCGGTATAACCTGAAGCATATCCTACAAGCGGGGAGAAAAGTGTATCATATGCCCTTNAGGGATGCGGCAAGGAAAACACCGCGATCAACACTGGCTTCCCAATTATGTGTTTACATGGTTGGAGAGAGTTGAGGCCCCACAGGGTCAGGGNNNGGGACTACCCCGCTGAACTATAAACATATAG
k__Fungi,p__Basidiomycota,c__Agaricomycetes,o__Agaricales,f__Inocybaceae,g__Inocybe,s__lanatodisca,TTATTGAATAGCATGACGAGTTGTCGCTGGTCTTTTCTTTGACCGTGCACGCTCTGTCGTTCTTCATTTCTCCATCTATTTGTGCACCTCTTGCGTAGACCTTTTCTKGAGGGCTTTCCTCGGGTCGTTAGGACTGCTTTGCAAAAACARTGAATTTTKGGGGCTTTCCTTGTCGCTACCMACACATACACCAGTGTAATTGTTTAGAAGGAAATGGAATTTGATGCWTAATACAACTTTCAGCAACGGATCTCTTGGCTCTCGCATCGATGAAGAACGCAGCGAAATGCGATAAGTAATGTGAATTGCAGAATTCAGTGAATCATCGAATCTTTGAACGCATCTTGCGCTCCTTGGTTAATCCAAGGAGCATGCCTGTTTGAGTGTCATTAATGTCTCAMCCACACCGKGAGGTGTGGCTTGGATTTGKKGGTTACAGGCTTAGTCTGCTCCCCTGAMATGCATGAGTGGTAACGACCTCTCCATWAGGATGTGATACATATCTGCATCTGRTTGAGGGTYNTNGCTGCTATACAAGAGTTGKATTTGATAAACTTGACCTCAAATCAGGTASRACCACCCGCTGAACTTAAGCATATCAAT
k__Fungi,p__Basidiomycota,c__Agaricomycetes,o__Sebacinales,f__Sebacinaceae,g__Sebacina,NA,HATTATTGATTGCGAATCGTCGYCTTCAGTGCTGGCCRGCTYYGGCAAGTGCACGTCGGYGGCTTTCATCCAATACCCTGTGCACCTTTGGCCTCTTGCTAGCTTCGGCCGGCAGAGGATTTTTACACACACTCGAATGTAATGAAATTTATTGTCGTGCGCAAGCACTAATGTACAACTTTCAACAACGGATCTCTTGGCTCTCGCATCGATGAAGAACGCAGCGAAATGCGATAAGTAATGTGAATTGCAGAATTCAGTGAATCATCGAATCTTTGAACGCACCTTGCACCCTTTGGCATTCCGAAGGGTATGCTCGTTTGAGTGTCATTGTACTCTCACTCTCCCGATACTTTTGGATCGGGAGTGGTGGACTTGGGTGCTGCTGCTTAACTGTGGCTCGCCTCAAATGAAGTAGTGCAACTCTCGGTTGGACATAGTACGGCGTGATAAGTATCTTCGCCGGCGCCTCATTCGAGGGTGGCCGATCGGGAGCTCTGTGCTTCAAACCGTCTTCGGACAATATCTGACAACTTGACCTCAAATCGAGTAGGACTACCCGCTGAACTTAAGCATATCA
k__Fungi,p__Basidiomycota,c__Agaricomycetes,o__Agaricales,f__Hymenogastraceae,g__Hebeloma,NA,CATTATTGANTGAACTTGGTGTGGTTGTYGCTGGYCTTCTTTNGGRGGCATGTGCACACCYACCATCCTCATCTCTCCACCTGTGCACMTCTTGTAGAYTTGGANTTGACTTTCCGAGGCAACTCGGTCGGGAGGACTGCTGGCRCTNAGCTRGCTTTCYTTGCATTTCCARGTCTATGTTTTTCATATACCCCATTGTATGTAACAGAATGTAACAYTRGGCCYTTGTGCCTATAAAMCTTATACAACTTTCAGCAACGGATCTCTTGGCTCTCGCATCGATGAAGAACGCAGCGAAATGCGATAAGTAATGTGAATTGCAGAATTCAGTGAATCATCGAATCTTTGAACGCACCTTGCGCTCCTTGGTATTCCGAGGAGCATGCCTGTTTGAGTGTCATTAAATTCTCAACCWTTATCAGCTTTTGCTGATGATGGCTTGGATATGGGGGTYTATTTTGCTGGCTTCTTCACAGATGNTCAGCTCCCCTTAAATGCATTAGCCGGTGCCCCGCGTGGACTGTCTATTGGTGTGATAATTATCTACGCYGTGGACATCTGCAATCATATGGGTTTGCNNCTGCTTCCAANCNGTCTGTTMACTCAGACAATACATGACAATTTGACCTCAAATCAGGTAGGACTACCCGCTGAACTTAAGCATATCATATCAATA
k__Fungi,NA,NA,NA,NA,NA,NA,NNNNNNGNAGNGAGCTGCGGNANNTCTTANANAATGCGAGAANGCNNTACGCGGTCCTCTATCANCTCTANCTTACTGCTGATAACGAGTGTGCGACNGCTTTAACCATTTTAAACTTTCCNNNCTCACACCCTGCATCTCGCCTCGGTGCGGAACGCAGCCGCTAGCCATAAGTACTGCAGTTGCAACGTTCAGTGAACATTGGAATCTTTGAATGCACATTGCGCCCTTTGNATACCATAGGNCATGCCTGTTCGAGCGACACTAGCAACCTCATCACAAAATTGCGGTATTGTGAGACGTGATATATCTACGAATAAGTGCTGGNCCACTCTGCTGCAATGAATAGTCCGNGAATGTAGAGATGGTACAGCTCTTTCACAGTATCGCNAATGCTATATTAGNTGTATGCTTGGGCAGAAGCTAGCGCACTGCGCCCCCATTCTGCATACAGCAGNAAAGATGAGCTCGTGTCAGNTAGNGATACCCGCTGAACTTAANCATATCNNNNNNCCGTTNNANAANGTTTNCTCNGCCTGCCTCNCTCNCAATTANGTTCGNNTTNTTTCTNACNTTTACTNCCTCAAANGGNCCCAAAANN
k__Fungi,p__Basidiomycota,c__Agaricomycetes,o__Sebacinales,f__Sebacinaceae,g__Sebacina,NA,CATTATTGATTGTGGATGGTTGCCTTCAGTGCTGGCTCCGGCAAGTGCACGCTGGTGACTTCAATCCAATACCCTTGTGAACCATTGGCCTCTTGCTAGCTTCGGCTGGTTGAGGATATTTACACCAACTCGAATGTAATGAAATTATTGTTGTGCGCAAGCACTAATGTACAACTTTCAACAACGGATCTCTTGGCTCTCGCATCGATGAAGAACGCAGCGAAATGCGATAAGTAATGTGAATTGCAGAATTCAGTGAATCATCGAATCTTTGAACGCACCTTGCACCCTTTGGCATTCCGAAGGGTATGCTCGTTTGAGTGTCATTGTACTCTCACACTTCCAATTCTTTGGATTGGGAGTGGTGGACTTGGGCGCTGCTGCTTTACTGTGGCTCACCTCAAATGCATTAGTGCAACCCTTGGTTAGACATAGTACGGCGTGATAAGTGTCTTCGCTGGCGCCTCACTTTGAGGGTGGCTGATCAGGGGCTCTGTGCTTCAAACCGTCTTTGGACAATGGCTGACAACTTGACCTCAAATCGAGTAGGACTACCCGCTGAACTTAAGCATATCAATACGYGG
k__Fungi,p__Basidiomycota,c__Agaricomycetes,o__Russulales,f__Russulaceae,g__Russula,s__globispora,WCATTATCGTATAACAGAGGTGTAAGGGCTGTCGCTGACCTTTANAGGTTGTGCACGCCTAAGCCCTCTCACAATCCACCTCACCCCTTTTGTGCATCACCGCGTGGGTCCTCCCTTTGCCGGGAGGGCCTGCGTTTTTATATAAAACTTGACACAATGTAGAATGTTTTCTTTTTTGCAATTATATGCAATCAATACAACTTTCAACAACGGATCTCTTGGCTCTCGCATCGATGAAGAACGCAGCGAAATGCGATACGTAATGTGAATTGCAGAATTCAGTGAATCATCGAATCTTTGAACGCACCTTGCGCCCCTTGGCATTCCGAGGGGCACACCCGTTTGAGTGTCGTGAAATTCTCAAAACCCCCTTTTCTTTGATCCTTTTTTGGGGTTTGGAAAAGGAGTTTTGGACTTGGAGGTTCGATGCTTGCCTTTCACTTTTGAAAGCGAGCTCCTCTCAAATAAATTAGTGGGGNTCCGCTTTGCTGATCCTTAACGTGATAAGATGTTTCTACGTTTTGGATTTGGCACTGTCCTTTGGATGCCTGCTTCTAACTGTCTCACGGACAATGATGGTGCTCCGGTCACTACCATTTATATTGGTGGAAGGCTGGACCCACATAAATAAAACCTTGACCTCAAATCGGGTGAGACTACCCGCTGAACTTAAGCATATCATA
k__Fungi,p__Ascomycota,c__Dothideomycetes,o__Mytilinidales,f__Gloniaceae,g__Cenococcum,NA,WCATTACAGAAAGTAACGCGGATCAAACCGCGAACTTTTAMACCTTTGACGATTGACTCATGTTGCCTCGGCGGGTTCTCCCGCCAGAGGATACATCAAAACTCCTGTTTTAACGGTGTTGTCTGAGCTACAAGCAACGAATTAAAACTTTCAACAACGGATCTCTTGGTTCTGGCATCGATGAAGAACGCAGCGAAATGCGATAAGTAGTGTGAATTGCAGAATTCAGTGAATCATCGAATCTTTGAACGCACATTGCGCCCCTTGGTATCCCGAGGGGCATGCCTGTTCGAGCGTCATTTCACCACTCAAGCCTGGCTTGGTGTTGGGCGACGTCCCCTTTAGGGACGCGCCTCGAAACGCTCGGCGGCGTGGCACCGGCTTTAAGCGTAGCAGAATCTTTCGCTTTGAAAGTCGGGGCCCCGTCTGCCGGAAGACCTACTCGTAAGGTTGACCTCGGATCAGGCAGGGATACCCGCTGAACTTAAGCATATCAWTAACCGCGCWGCAAAGTCCGCTTATAATGNTCTTCGGACGAACTCTTATATCAAATTTGACCTCAAATCAGGTANGGACTACCCGCTGAACTTAAGCATAT
k__Fungi,p__Ascomycota,c__Pezizomycetes,o__Pezizales,f__Pyronemataceae,NA,NA,NNNNNNANNTNNNNNNNNTATCTATGCAGAATCANNAGATCTATANGAGGCGTCTCCNANGAGACCGGTCTCGGGGANATCNNGACGCGGNCTGTCTGNGCGACCNCCGAGGAGGCTGNNTTANGANTCTCCCAAGCNNTGNTTNNNNNAGACNTCCCANNNCCTGTTGCCTNNNAATNCNNCNTNNAGNNNTTGNNTNAANCGNNTCNNATCCTGNCGCCTTGCGCNNNGTTTCNNCNGNTGCCTGTCNNNGTTTTAANNAATCNCCTNTGNCTTGGNATGCAGANNNNNGNNGAGCGGCCGCCCTTCCGAATACAATGGCGGAAGGTCTCTGGTACCCGGCGTATAATAACTGTTCGCCTTGTGTCTCGAGATGTTTCTGCCGTCAAACCCCCAATTCTTCTTAGGTTGGCCTCGGATCAGGTGAGGAGATACCCGCTGGAACTTAAGCATATCAATANNGNCCGAAAGGGANAAGACCNCCCCCTTCNCTTTAAATGATNATCTNCGGGGGGTGGGGGAAANNAGAANANNGNATNANNCNCCCCCCNNGCNNANNNNNNNNNAGGANGANTTTTTTTGNTCNCTTNGAGAAGGGNNGGGTNATTNCNCNCNCTCCCNGANATGNAAAACCNNNAAGGNCNGTNNTNNTGTTTNNTNTANGGAGGAGGNNGGGGAANNNNTCTNNCTCCNCNCCNCNNAAAAAAAAAANANGCNNCNNNCCNGCNTCNNGTTNNNTGTNGNGNNNNNNNNTNNNNNNNNNNNNNNNNNNANNNANNNNNTCNNCNTCNNTNTNNNNNNCNNTNNANNANNACGTANNNNNNNGNNNCCNGNNNNNGANNNGNNNNNNNNNNNNNNNNNNNNNGNTNNNGNNTNGNN
k__Fungi,NA,NA,NA,NA,NA,NA,NNNNNNNNNNNNTNNNNNNNTNNNCGANNNTAANGGATTCCTCTANTNACAAGNGNTNTGGNATGNGAGNTCCTCNCCTGATTGCACGTTTACNTGTTCATTTAGAGGAATCCTTCCTAGACGTCGTGNACTTGGTTATTTAGNGNTNTCNNCCCCTAATGGCCCAGTACTTTGGTCATTGTAGAGGAATATCTTCCCTAAATACCCAAGGCCGTGGGTTTTTTAAGGAAGTTTTCCCCTCAATGAAAAAGTTCTTGTGTTTTTTAAAGGAATACTTTCCTGCAAAAAAAAAATGTGTTGTGCATTTAGAGGAAGAATCTTCTAAAAAAGCAAAAGCTTCTTGCTTTTATAGGAATTGTTATCCCAAAAAACTGAAAAAAGTGTGTTTTTTTTGTGAAGTCTTCCCCGAAAAGTAAAATGTTTTGGGTTTTAGTTGGAGTGATCTGGCATAGACTGGCTTCCTCTGGNTTGCAGCGGGGGAATTTGACGCTGTCCCCATGTTTACGTGTTTGTGACGGGTCTATTGCGCCGTCTTGCTACTTCAATGTCCGTTTATANGGGGTCTTCGCCACGAACTCTTATCTCANATTTGACCTCNNGTTGAGGGTAAGACTANCCGCTCAACTTATCTATATCATAANNCGGNGGGAAAANNGAAAAGAANAANTCTCCCTCCCCAAAAAAAAAGNANGGTGTTTGGGTTAAANGAGGGGNNANNCCTTCNCCAAAAAAAANCNNNNNNNTTTNNTTTTTAGGGGGAGGAACCCCCCCCCAAAAAAAAAAAAGTNGGTGTTGGTTTTGAAAAAAAGGNNNTCCCTCCCCCCAAAAACGGNANNNNGGGTCNTGGGNGAANNANGGGGNNTTCCCCNCCCCCCAAAAGACATGNGCNNNGTNGNTNTTTNTAAANNANANANTATCCTCCCCNCTAAAAAGTNNNGCGTTTTTNTGTTTTTTNNGAGGGAAGCTCCTCCCNCAAAAANAGAAGGGCNTTNNTNNNTNGNTTTNNAAAGAAGTNNNNNNANTNNNTNCGNNTAANGGAAGTCGGNNNNTCNGGNGTNNNNNGGAANNNCCTAAACNNNCGCCACAGNNTGTCNTTCCGGNTATTNNNGGGGGNNNGNGNNTTACNTCCCGCTNGA
k__Fungi,p__Basidiomycota,c__Agaricomycetes,o__Thelephorales,f__Thelephoraceae,g__Tomentella,s__lapida,TCATTACTCGAACTGCTGACACGAGTTGTTGCTGGTCTCCAAATGGNKNCATGTGCACGCTCTGTTTGTGCATCCACTCACACCTGTGCACCTTCTGTAGTTCTGTGGCKTGAGKGACTYGTCCTCCTGCTGTGGTTCTGCATCTTTACACTCACACTGYGATAAAGTCTAATNGAATGCATGCCGCGTTTAWCGCAATACANATACAACTTTCAGCAACGGATCTCTTGNCTCTCGCATCGATGAAGAACGCAGMGAAATGMGATAAGTAATGTGAMTTGCAGAATTCAGTGAATCATMYAATCWTKRAACGCMSTKYGCGCTCYTTGTWATKMCGAGSAGCATGCCTGNTTGAGTRTCATTAANATACATATATCCRMRCCTTCWCWTRMAGAAGGSTTGGGATGTKNTTCTNTCTACTTCYWCAAAAAAGAACAAAGANTTCMGCTCTCCTGAAATGCATTANCAGAACARCCTTATGTGCRTTGGNGTGATAACTATCTACGCTATTGNATGTGGAGGGGGAAGTTNYANCTTTGNCCCNKGGCCCTTGCACAACTCATNSATTACTGTGACCTCAAATCAGGTAGGNCCTACCCCGCTGAACTTAAGCATATCAA
k__Fungi,p__Basidiomycota,c__Agaricomycetes,o__Cantharellales,f__Clavulinaceae,g__Clavulina,s__cinerea,CGTAGTGACTGCGGAGGATCATTAATGAGTTGTGATGGGGTTTGATGCTGGCAGCCAATTTTTGGATGCATGTGCTTGCCCTAACAATCATCTTCTAAACACCTGTGCACATTTTTGAGGGAGTTTCGAGTTTTATTGCCGTTTTTGGTGATTTTCTTGCATTCCCTTAAATTATTATACGCTGTTAACAATGATGAACGTGCTCTGTGCCGCAAGGCCATTAATATAATACAACTTTTAACAACGGATCTCTTGGCTCTCGCATCGATGAAGAACGCAGCGAAATGCGATAAGTAATGTGAATTGCAGAATTCAGTGAATCATCGAATCTTTGAACGCACCTTGCGCTCCCTGGTATTCCGGGGAGCACGCCTGTTCGAGTGTCGCGAAATTTCTCAAGCTTGGATGGCTTTTTTGTCTGTCCTTAGCCTTGGTTGTTGGGCTTTGCCGTGTCCTTTGTTGGGACGGCTGGCCTTAAAAGCATTAGCTGATCCTCGTGTGGYACTGGTTCTACTCAGCGTGATAACAGTCTGATCGCTGAGGACATCTTTTGGGATGGCCAGTTCTCATTTGGGTTGCTTCCAAACTTGGTTTTGCAGATTCTTCAATCTGTGTTCCACTTTTCAGCTTTGACCTCGAATCAGGTGGGACTACCCGCTGAACTTAAGCATATCAT
k__Fungi,p__Ascomycota,c__Dothideomycetes,o__Mytilinidales,f__Gloniaceae,g__Cenococcum,NA,CATTACAGAAAGTAAACGCGGATCAAACCGCGAACTTCTAAACCTTTGACGATTGACTCATGTTGCCTCGGCGGGTTCTCCCGCCAGAGGATAGATCAAAACTCCTGTTTTAACGGTGTTGTCTGAGCTACAAGCAACGAATCAAAACTTTCAACAACGGATCTCTTGGTTCTGGCATCGATGAAGAACGCAGCGAAATGCGATAAGTAGTGTGAATTGCAGAATTCAGTGAATCATCGAATCTTTGAACGCACATTGCGCCCCTTGGTATCCCGAGGGGCATGCCTGTTCGAGCGTCATTTCACCACTCAAGCCTGGCTTGGTGTTGGGCGACGTCCCCTTTGGGGACGCGCCTCGAAACGCTCGGCGGCGTGGCACCGGCTTTAAGCGTAGCAGAATCTTTCGCTTTGGAAGTCGGGGCCCCGTTTGCCGGAAGACCTACTCGCAAGGTTGACCTCGGATCAGGCAGGGATACCCGCTGAACTTAAGCATATCAATAAGGCGGAGGAA
k__Fungi,NA,NA,NA,NA,NA,NA,CAGGGYACRCTTGTAGWAGCCTKTGCAGCCACGCAAGWGNTAGMTCTAKGCGACTTTAAACAAYCCTATSAKCGCYATKCAAGTMGRCCYACGCATGTGRTGCCGKCGACACTTTCGAATTGACGGNGATACCCTAAAGCCTGTCRCACSAACWCTGTRTGKKAAACCSCTGGNGSSMCCGTRCWAACTACWMGRGRTGNWAACAGACGACACGGAWACMTCMACGCMTWTTWGGWGTGGMTACCAKGNNCAAWMCGCAGCGAAGCCWCTAASWCCGGYTGCCGGATACGAKGAACGTTSASAKWCTAAGTGNAAGTGNWGNWGCGTTCGCYGCWCTGCTTASGATRTASTSGGWMYCCTTGNTMMACTARGKKGRTGASTACACTGCCCGAAATTTAAACTTGAGCGCGTCTCGRWCAGYGCTCATGTTAGARTTTCGAGACTGYSGATTGCCTCGMGGWTCGACGSCTCTTAAAAYGWKCCGTASGTGAAYCTGCGGAMGNNTCATTACAGAAAGTAAACGCGGRTCAAAYCGCGAACTTCTAAACCTWTGACGAKTGAYTCATSTNGCCWMGNCGGTTCTCCCGCWANAGKGTACATCRAAACTCCTGTTKYAACSANGTTGWCTGANCTACAAGCAACGAATCAMAMCTTNTCWWCAACGGATCTCTTGGTTCTCGCATCGATGAAGAACGCAGCGAAATGCGATAARTAGTGTGAATTGCAGAATTCAGTGAATCATCGAATCTTTSAACGCRCATTGCGCCTTTCGGTATTCCGGAGGGCWTGCCTGTTCGAGAGTSRTTGACWACCGTTTCAATMSCTTTTATAWTATTCAAKGGCTTGGTTGTGGTGGATGAGGTGATGCACGCACTTTTGCTGAGTTACCTCCCCACCGAAATCTAGAGGCGGTCTGTCCCCACRTSGTTGTGGCGTTGTATAAGCTSTMCAGMACTTTCCGMWTGCAATCGTRSKKTSATGKCTAGMCATTATAGAACCCCCCAYAKWYCAAAGGTTGRCCTCGGATCAGGGTATGGATMCCCGCTGAACTTAAGCATATCGGTACTTTTRGGRGGAAWAA
k__Fungi,NA,NA,NA,NA,NA,NA,ANNNNNNNNNNNANNNNNNNNNNGNGGATAGNNCTAGTCCTCTAATGACAGAGGCTTGGTTGTAATGGCCTTACTGCGCTGTGCACGCTCGACCCTTTAATCCAACACACACCTGTGAACCCAATGTAAGGGCCCGTAGAAAATGAAGGTACGTATTTCTTTATAACTCTGTCTGCATACAATGAATTTAATATATTTCTTCNCCTCAAACGTTGGTAACCTTTTTTTAAATAACTTTAACGGATGTATTGGCTGTCGCTTCGATGAATAAAGAAGGGAAATGCTGNAATAATGAGAGTTGCTTGTTTTTTTTGAATGATTGAATCTTTCTTTGAACCTACCTTGCCTTGGTTTTTAGAGGGGCATGCCTGCCTGATTGACAGTAATTTCTTTCTTATGACTGGATTTATTTCTGATAAAAGCTAGCTTTTGCTGTGAGTGGGCGGATATTTAGCTCCATCCTCACGAATGCCTGGAATTAAAAAGAACATTTTCCGTCTGTATGTCTAAGTATTAGGTTATTTGGGGCGTCTTCCTCCTTAAAAGCCCATNTAGGNGTCGTTCGGACGAATTCNTCCNTCAAATTGNTCANGTCANTGATGACTAACCGCTGGTACTTACTCATATATATACAACGNNCTGGAGNNATNNNNNGGAAATAATTNCNCNCAAAATGCCCAAGGCCTTTGGNTTTTTTAAGGGGAAATACTTTCCCNCAAANAGACCAAANTGTTTGGGTTTTTTTANAAGGAAAATANTNCCTCNAAAATGACCAAGNAAACGTNGGNNTCTTNNNGGGAAAANAATNNCTCTCNNAAAANAAANAACNNNNGTNGGTCNNTTATNNAAGNAAANNATTCCNNCCNATNAAAACACANNNANCTGTNNTNNTCTNTNAAAANANANNGGAATCTCTCCNANNTAANANAAGACAAACNNNNNNNTNNGTNAAANAGANANANNNNNCTNCGNCNNNCCNAANNNNGNNNTNNNNNNNTGNTGTNN
k__Fungi,p__Ascomycota,c__Pezizomycetes,o__Pezizales,f__Pyronemataceae,g__Humaria,s__hemisphaerica,TGACTGYGGASGWSATYATCATGTCRCTCAGTCATGCTGCCGCGTGAACTGTACAARCCCACTCTGCGTACCTCTCCTGTTGCTTCCGCTGGDCCTGMAGCATTTTCAGATGAGTTGTCTCCCGCACAGTCAATTGCTGCGTGGAGTTGGTAACTCTCAAKTGACTGCTCTGGATTCACATGCCCAGCGGGAGRATACTTAATTTCTGGATTTACTAWYCCMNNNGWCTGAACANATGAACCAAAAAAAAATGTTMWWWCTTTCAGCAACGGATCTCTTGGTTCTCGCATCGATGAAMGAACGCAGCGAAATGCGATAAGTAGTGTGAATTGCAGAATTCAGTGAATCATCSAATCTTTGAACGCACATTGCGCCTTTCGGCATTCCGGAGGGCATGCCTGTTCGAGAGTCATTAACAACCAGTTCAATCCCTCTTAAAAAATATTTGGGGGATTGGTTATTGGTGAATGAGGGGATGCGTGCATCACGTTGAATCACCTCACCACCGAAATTCAGAGGCGGTTTGTCCCCACGTGTTTGTGGCGTTGTAAAGGCTTACCAGCACTATTCGCTCGCATCGTGGGTGCACTGCTTGCCATTGGAGAAATCCCCATTCATCAAAGGTTGACCTCGGATCAGGTAGGGATACCCGCTGNACTTAAGCATATCAT
k__Fungi,p__Basidiomycota,c__Agaricomycetes,o__Agaricales,f__Cortinariaceae,g__Cortinarius,s__alnetorum,TGCGGAAGGACCATTATTGAAATAAACCTGATGGGTTGTTGCTGGYTCTCTAGGGAGCATGTGCACGCCTTGTCATCTTTATATCTCCACCTGTGCACYTTTTGTAGACCTTTCAGGTCTATGTTGCTTCATTTNACCCCAATGTATGTTAATAGAATGTTGTGCCTATATAATATATACAACTTTCAGCAACGGATCTCTTGGCTCTCGCATCGATGAAGAACGCAGCGAAATGCGATAAGTAATGTGAATTGCAGAATTCAGTGAATCATCGAATCTTTGAACGCACCTTGCGCTCCTTGGTATTCCGAGGAGCATGCCTGTTTGAGTGTCATTAATATATANTCAACCTTCTCTTGNTGAGNNTGGTTTGGATGTGGGGGTTTGCTGGCCNTCTTNNNNAKGANTTCAGCTCTCNCTGAAATGCATTAGCAGAACAANCCNTNGTTCATTGGTGTGATAACTATCTACGCTATTGAATGTGAGGGGCAGTTCAGCTTTCTAACAGTCNNTTGGACAATTCATCATTAATGTGACCTCAAATCAGGTAGGACTACCCGCTGAACTTAAGCATATCATTAAAGGGGGGAGGGANTGCCCYTTTGCTTMYCAATAAA
k__Fungi,p__Basidiomycota,c__Agaricomycetes,o__Atheliales,f__Pilodermataceae,g__Piloderma,NA,CATTATTGAATTAGTGGTGAGGGTTGTAGCTGGCCTTCCGGGGCATGTGCACACCCAAGCCTTTAATCCACATACACCTGTGAACTTAGTGTGAGGGTCCGTAAAAAGGCCCYCATGTCTTATCATCAACCCCATTGTATGTCTCACAGAATGTAATATATATCTTCGCCCTTAAAAGCGTCGGTAAACCTATACAACTTTCAACAACGGATCTCTTGGCTCTCGCATCGATGAAGAACGCAGCGAAATGCGATAAGTAATGTGAATTGCAGATTTTCAGTGAATCATCGAATCTTTGAACGCACCTTGCGCCCCTTGGTATTCCGAGGGGCATGCCTGTTTGAGTGTCATTAAATCCTCAACTCCGATCGATTTGTTTCGATCCCGGGGCTTGGACTTGGAGTGTGCTGNCGTCTGNTCGGCTCCTCTCAAATGCATCAGCGGAATTGAACCTTTGGGGTTTCCGGACATCAGTGTGATAATCAATGTTGTGCTGTGTCTGACCTCAAAAKCCGCTCCCATCGGTCCCTCMTGGACAAAGTCWCCAATTGRCTCATCRGG
k__Fungi,p__Basidiomycota,c__Agaricomycetes,o__Thelephorales,f__Thelephoraceae,g__Odontia,NA,KAYCTCCYCWYRSWKMCCMCGTTGTGYACACCGGTCGYGTTKACACGMAMGCGKRTRSGYRWCAAYCAYTMKWRCRWCGMTKTAYKAATTTATWTGWWSWGWYTWGTTTCTAYTTCYKCTAAAAAACSAGAANGCAGWWTTCRKTGAATSATCGAATCTWTGARYRCWCCWTKYGCTCSTTGKATTCCGAGGAGCATGCCTGNKTGARYGTCAYTAAKATATATATMANATWCAGCAWCGGMTCWCWTGRCTCTCGCATCGRTGWAGMRCGCAKCKMRATGCGATAAGKAATGTGAATWGCAGMATTCAGTGAATSRTCGWRKCKTTGWACGCACCTTGYASSMTTTGKYRTTCSAAAGGGKATGCCTGTGTGAGKATSATGAARTTCTCNNCTCSCCTCGGATTCCATCTGYAGGSTGAGCWTGGACTKGGAGGTTTSKGCTGGCGTTCGCCGGCTCSKCTTGAAATCATTAGCTTWGASTKGATCKMGATGNSTWRACCGGWGTGATASWCRTCTAYGCCGRTNTGTGCCATCCTGWGCGRCGNATGNTGGAGACGCTCTGNCATTATAASTGWSTTCACYAGAGGTACGACGCCCCTGATACTTTTTGATCTCRRATC
k__Fungi,p__Basidiomycota,c__Agaricomycetes,o__Agaricales,f__Tricholomataceae,g__Mycena,s__zephirus,TYATTGAATACGATTGGTACTGATGCTGGCTCTTCACTGAGCATGTGCTCGTCCATCTATTTATCTTCTCTTGTGCACATYTTGTAGTCTTGRATGTACCNCTNGCGCAKTCRNNTGCGGTYTGGGAGCTTGVGCGYAAGNCCCTTCTCCTGCTTCTTCAAGRCTATGTTTTCATATACACTATAAAGTTACAGAATGTCTWTTAACGATTGCGCTTGTCGCAGTCATTAAACCTATACAACTTTCAGCAACGGATCTCTTGGCTCTCCTATCGATGAAGAACGCAGCGAAATGCGATAAGTAATGTGAATTGCAGAATTCAGTGAATCATCGAATCTTTGAACGCACCTTGCGCCCTTTGGTATTCCGAAGGGCATGCCTGTTTGAGTGTCATTAAATTATCAACCTTGCTCGCTTTTACYGSCTTGAGTTAGGCCTRGACTGTGAKGGTCTTNGCTGGCTTCCTTCAGTGGATGGTCTGCTCCCTTTAAATGCATTAGTGGGATCTCTTGTGGACCGNCNSTTGGTGTGATAAATNATMTATGCCATCTTGACTTTGAAGCAAACAAATGGGGACATGCKTATAANCGNGGCTTTCNNNRRAANTTYTTGNGCATTTTTGACCTCAAATCAGGTAGGGACTACCCCGCTGAACTTAAGCATATCAA
k__Fungi,p__Basidiomycota,c__Agaricomycetes,o__Agaricales,f__Hygrophoraceae,g__Hygrocybe,s__singeri,GTTGCTGGCCTCTTCTTTTCGAGGGGGCAATGTGCACTCCCTGAACAATTCACAATTTCCATCACACCCTTGTGCACATCTKGTAGGCGCCCACTCACCTCTCTTGGTWGSGGCGTMCTATGTATTCCTTCATMTCACACKKTANVGAATGNYGCTCTWGRACGCATMTCATGAATTATKTGKAAARRAGTAMTCACAGAAACAACTTTCAACAATGGATCTCTTGGCTCTCGCATCGATGAMRWACGCAGCGARATGCGATACGTAATGTGAATTGCAGAATTCMGTGAATCATCGAATCTTTGAACGCRCCTTGCGCCTCTTGATATGCTKATTYBCTCWATTGCWARAAAARACAYWRNATCCTCAAAAKAAAAKCTTAWCTGCTTTTCTCTTTTTGGAATTGGAGCGTGCTGKCCTTCKGNWTGGNAASCCCAGCTCCTCTGAAATACATTAGCGATGTGACATCCGCATGNCACCACGCTTCTCCGGCATTGATAGTATCTTCATGCCTGAGCGTGTTGTGCAGCTGTGNAAWGTTTTGCTCGCTCATAGCTTGATGGNNTCAGCCCATCCTTTGACCAATTTAACCTCAAATCAGNTANNATTACCCGCTGAACTTAAGCATATMAA
k__Fungi,p__Basidiomycota,c__Agaricomycetes,o__Thelephorales,f__Thelephoraceae,g__Tomentella,NA,GTACATTACYGAAYYGTCGACACGAGTTGTTGCTGGTCCTCARATGGGGGCATGTGCACGCTCTGTTTACACATCCACTCACACCTGTGCACCCTCTGTAGTTCTGTGGCCTGGGNGACTCTGTCCYCTTGCYGYGGTTCTACGTCTTTACACACACACCGTAACAAAGTCTYRTGGAATGTNYATCGCGTTTAACGCAATACAATACAACTTTCAGCAACGGATCTCTTGGCTCTCGCATCGATGAAGAACGCAGCGAAATGCGATAAGTAATGTGAATTGCAGAATTCAGTGAATCATCGAATCTTTGAACGCACCTTGCGCCCTTTGGCTATTCCGAAGGGCATGCCTGTTTGAGTATCATGAACACCTCAACTCTCATGGTTTGCCATGATGAGCTTGGACTTTGGGGGTCTTGCTGGCCTATGGTCGGCTCCTCTCAAAYGRATCAGCTTGCCAGTGTTTGGTGGCATCRCGGGTGTGATAACTATCTACRCTTGTGGTTTTCCACCAGATAACCTTCAGTGATGRAGGTTCGCTGGAGCTCACAAATGTCTCTCCTCRGCGARGACAGCTTTCTGAACGTTTGATCTCAAATCAGGTAGGACTACCCGCTGAACTTAAGCATATCATTAA
k__Fungi,p__Basidiomycota,c__Agaricomycetes,o__Russulales,f__Russulaceae,g__Russula,s__fulvograminea,CCTTATCRTACAACGGAGGCGCNGAGNGGCTGTCGCTGACCTTCGAAGGTCGTGCACGCCCGAGCSCTCTCACAATCCATCTCACCCTTTGTGCATCRCCGCGTGGGTCTCCCCCTTTGCGGGAGGGCTCGCGTTTTCACATANAAACTCGATACARTGTAGAATGTTTATTTTTGCGGTCACACGCNNAKCAATACAACTTTCAACAACGGATCTCTTGGCTCTCGCATCGATGAAGAACGCAGCGAAATGCGATACGTAATGTGAATTGCAGAATTCAGTGAATCATCGAATCTTTGAACGCACCTTGCGCCCCTTGGCATTCCGAGGGGCACACCCGTTTGAGTGTCGTGAAATCTTCAAAACCCTCTTCTTTGAGGATTTTTGGACTTGGAGGTTTAATGCTCGCTTTCGCGTTCGAAGGTGAGCTCCTCTCAAANAGAATCAGTGGGGTCTGCTTTGCTGGTCCTTGACGTGATAAGATGYTTCTACGTTTCGGATTCGGCATCGTCCCCGCTTCCAATCGTCCCATGGACAACGATGGTGCTTCGGTCGYCGCCACCCTACGTTGGCGGGAGGCTGGACCCACGAAACGAACATTGACCTCAAATCGGGTGAGACTACCCGCTGAACTTAAGCATATCA
k__Fungi,p__Basidiomycota,c__Agaricomycetes,o__Russulales,f__Russulaceae,g__Russula,s__brevipes,WHATTATCGTACGATGGGGGTACGACGGCTGTCGCTGACTTTTTAGTCGTGCACGCCCGAGTGCTCTCACATACAAATATCCATCTCACCCCTTTGTGCATCACCGCGTGGGTCCCCTTCCTCGGAGGGGGTGCTCACGTTTTTAACATTAAACACCCCATTCGAACGTATCGTAGAATGTTCTTTGCGCGATCACGCGCGATCAATACAACTTTCAACAACGGATCTCTTGGCTCTCGCATCGATGAAGAACGCAGCGAAATGCGATACGTAATGTGAATTGCAGAATTCAGTGAATCATCGAATCTTTGAACGCACCTTGCGCCCCTTGGCATTCCGAGGGGCACACCCGTTTGAGTGTCGTGAACATCCTCAACCTGCTTCGTTTTACCAAACCAAGTAGGCTTGGAATTTGGAGGTTTTCTGCTGGCCTCCTCCGAAGCCAGCTCCTCTTAAATCTATCAGTGGGATCCGCTTTGCTAGATCCTCGACGTTGATAAGATGTTTCTACGTCTTGGGTTTTGCTCGGGAAGGACCTGCTTCTAACCGTCCCATCGGGGACATCGTTCGAGCCGATCGCCCTTCACGGGGTGRGAAGCTTTTCGACCCATGAAACCTTGACCTCAAATCGGGTGAGACTACCCGCTGAACTTAAGCATATCATA
k__Fungi,NA,NA,NA,NA,NA,NA,AACTYGACAGGCTGYGCTGKCTTCWYGTGGGSAKGWGCACGCTTGTCAKMWTYAWMRKTTCWCCRCTGYGCRCATATWWWGTASAYMTGGMGTTTSGMTGCRATTCGYACCGAGKGGAGASTGCTGWGMTTCAAAAAAAAAAAACCCCCC
k__Fungi,p__Basidiomycota,c__Agaricomycetes,o__Russulales,f__Russulaceae,g__Russula,NA,WCATTATCGTATMACCGAGGKGCAGGGGCTGTCGCTGACCTTTCAAAGGTYGTGCACGCCCGAGCACWCTCKCACACATCCATCTCACCCCTTTTGTGCATCACCGCGTAGGCCCTCCCTTTGCAAGGAGGGCTTGCGTTTTCACATAAAAACTTTTGATACAGTATAGAATGTTCTTTTTTATTTTGCGGTCACACGCAATCAATACAACTTTCAACAACGGATCTCTTGGCTCTCGCATCGATGAAGAACGCAGCGAAATGCGATACGTAATGTGAATTGCAGAATTCAGTGAATCATCGAATCTTTGAACGCACCTTGCGCCCCTTGGCATTCCGAGGGGCACACCCGTTTGAGTGTCGTGAAATCATCAAAAWCCCTTTTTCTTTGNAAAGGAKTTTTGGACTTGGAGGTTCCATGCTYGCCTTYGCCTTTGAAGGTGAGCTCCTCTCAAATRAATYAGTGGGGTCCGCTTTGCTGATCCTTGATGTGATAAGATGYTTCTACRTTTTGGGATTYAGCACTGTCCCTKSGATGCCTGCTCCTRACTGTCTTTTGGACAATGATGGTGCTCCGGTCATCGCCATCTACATYGGCGAGAGGCTGGACCCACRAARMGAANACCTTGACCTCAAATCGGNTGAGACTACCCGCTGAACTTAAGCATAT
k__Fungi,p__Basidiomycota,c__Agaricomycetes,o__Agaricales,f__Tricholomataceae,g__Tricholoma,s__hemisulphureum,CATTATTGAATAAGCTTGGTTGGGTTGTAGCTGGCCTTCWGGGGCATGTGCACAATCTAACACCAACTTTTTACCACCTGTGCACCCTTCGTAGACATGGATATCTTTCGAGGCAAACTCGGTTTGAGGAATGTTGTGTGCTTGCCAGCTTTTCTTACACTTCCAGTCTATATTTTTATATATACCCCTATTTGTATGTCTATTGAATGTCATTAATGGGCTTTAATTGCCTTTAAAATTTATACAACTTTCAACAACGGATCTCTTGGCTCTCGCATCGATGAAGAACGCAGCGAAATGCGATAAGTAATGTGAATTGCAGAATTCAGTGAATCATCGAATCTTTGAACGCACCTTGCGCTCCTTGGTATTCCGAGGAGCATGCCTGTTTGAGTGTCATGAAATTCTCAACCTATTTCAGCTTTGTTGTTGAATCAGGCTTGGATTTGTGGGGGTTTGCGGGCTTCAAAAGTCGGCTCTCCTTAAAAGTATTAGCATTATCTTTGTTATTTAGCTTTGGCGTGATAATTATCTATGTCATGGCTTAAGAGTAACTTGAAATAAGATCATGCTTCAAATTGTCTATAACTTTATTACTTTGACCTCAAATCAGGTAGGACTACCCGCTGAACTTAAGCATATCWAAAGGGGGG
k__Fungi,p__Ascomycota,c__Pezizomycetes,o__Pezizales,f__Pyronemataceae,g__Wilcoxina,s__rehmii,AGTATATAGTTATACATTCTGTGTATCGACTAAATATACCCATTCTGAGTACCTTGCCTGTTGCTTCCATGGAGCCTGACACATGTCACTCTGGBGATTTACATCCCGAGGGAGCCTCCGTGGAAGGTAATCAATTAACTCTTGAATCCAATGTCATCTGTCTGATAATGTTTATAACAAATGTTAAAACTTTCAACAACGGATCTCTTGGTTCTCGCATCGATGAAGAACGCAGCGAAATGCGATAAGTAGTGTGAATTGCAGAATTCAGTGAATCATCGAATCTTTGAACGCACATTGCGCCTCCTGGTATTCCGGGAGGCATGCCTGTTCGAGCGTCATTAAATACCACTCAAGCTCTTCTGCTTGGTCATGGAAGAAGAGTATGCTTGCATCCTCTCTTCTGAAATCGAAYGGCGGACTGCCTCATGTGCCTCGCGTAGTAAGTTCATCTTTTCGCTTGGAGTGTGAGATAGTCTCGCCATCAACCCCCATACTTCTAAGGTTGACCTCGGATCAGGTAGGGATACCCGCTGAACTTAAGC
k__Fungi,NA,NA,NA,NA,NA,NA,AARWMMWSAARGTCMKGGTATTTTTTAGKGGGGATHTTWCCMCTAAAARMTGAAWKGWYTTTTGRWYYYTTAAGAAAWRTTATTCCYYYTAAAAAACGRATTTCTTGGTTCTYGMAKGGAWGAATWCCSCAAAARAAAWGCGATAAGTGGTGTKWATKGMAAAATTCTTCCSCATMAWMGACWCGTTKWWYGCWCWTTGMGCSTTTMRGTATTCCGAAAGRCATGCMWGTTCKRGAKTTAKTGAMAACCGTTCCCCCACCTTTTTATAAATAATATRTTTGTAGGGCTTGATTGTGGTGGACGAGGTGAWGTTWACGCTTGTTGAATTACMTCGCSRCCGAAATTCASAGGCGGTCCATCCCCATGKSGTTGTGGCGTTSTWAGAGCTCTTCAKCAATTTCCGCTTGCAATCATGGGCTTTATGGTGCTTGCCATATGAAAATCCCCCCATATATYAAAGAGTTGACCTCGGATCAAGGAANGGATACCCGCTGAACTTAAGCATATCAATA
k__Fungi,p__Basidiomycota,c__Agaricomycetes,o__Agaricales,f__Inocybaceae,g__Inocybe,s__griseolilacina,CATTATTGANTAASATTTGAACAGGCTGTTGCTGTCCCTTCCTTTGGTTKGGGTACGTGCACGCTTGTCATCTTTATTTCTACCCACTGTGCACATATTGTAGACCTGAGAGCTTTTGATTCATTTTCGAGTTGGGACTGCTGCACGAAAAGTTCAGCTTTGCCTTGCATTTTCAGGTCTATGTCATCTTCACAAACCTCTAGAATTGTTTGGAATGTTAAATGCAAAGGTCATTTTGTACCTATAAAGTTTATATACAACTTTCAGCAACGGATCTCTTGGCTCTCGCATCGATGAAGAACGCAGCGAAATGCGATAAGTAATGTGAATTGCAGAATTCAGTGAATCATCGAATCTTTGAACGCATCTTGCGCTCCCTGGTATTCCGAGGAGCATGCCTGTTTGAGTGTCATTTAAGTTCTCAACCACGAACAACTTTGTTGTATTGTGGCTTGGATGTGGGGGGATATCTTGCAGGCTTTTACGAGTCTGCTCCCCTGAAATGCATTAGTAGTATCTGAGCAGAAACTACAAGGTGTGATAATTTATCTATGCCCTTTAGTATGCTGCAGGAAAAACCAGATCACACTGCTTCCAACATGTTTTATTTTTGACAAATTTGACCTCAAATCAGGTAGGACTACCCGCTGAACTTAAG
k__Fungi,p__Basidiomycota,c__Agaricomycetes,o__Atheliales,f__Tylosporaceae,g__Amphinema,s__byssoides,WCATTATCGAATTATAAGCGAGGGTTGTCGCTGGCCTCTTTCGAGGCATGTGCACGCCCGAGCTCTTAAATCCACAACACACCTGTGAACCCACCGTAGGCCTTCGGGCTTATGTATCATATACTCTGAATGTGTCATAGAATGTTCATGTTGCCTTAAAACGCAATCAAATACAACTTTCAACAACGGATCTCTTGGCTCTCGCATCGATGAAGAACGCAGCGAAATGCGATAAGTAATGTGAATTGCAGATTTTCAGTGAATCATCGAATCTTTGAACGCACCTTGCGCTCCTTGGTATTCCGAGGAGCATGCCTGTTTGAGTGTCATTAAATTCTCAACCCCACCGATTTGCTTTGGGGGGATTGGACTTGGAGTGTGCTGGCGAAGGTCGGCTCCTCTTTAAATGCATCAGTGGAGAGAAACTTGCCCCAGTGTGATAATCCTGTTGCGCTGTGGTGGGCGAAAGTCTGCTTCCAACCGTCCCTCCRGGGNACATACATCATCTCATTTTGACCTCAAATCAGGTAGGACTACCCGCTGAACTTAAGCATAT
k__Fungi,p__Basidiomycota,c__Agaricomycetes,o__Agaricales,f__Inocybaceae,g__Inocybe,NA,TTATCGAATAACTTGATCAGGCTGTTGCTGGCCCCCCGGRGTATGTGCACGCTTGTCATCTTTATCATTTCTCCAWCTGTGCACATATTGTAGACCTGTTTATTTTTTGAAGAAATTCWAGTTGGGRGACTGCTGTGCTTMYAAAAGTCGSCTTTCMCWTGTATTTTTCAGGTCTATGTCATTTTTCACWACCWCTAGAATGCGTTTAGARTGWTGAVTCATATATAVAGTTAATAAATACATCTTTCAGCAACGGMTCTCTTGWCTCTCGCATCGATGAAGAACGCARCGAAATGCGATAAGTAATGTGAATTGCAGAATTCAGTGAATCATCGAATCTTTGAACGCATCTTGCGCTCAWTGGTATTCCGWTGAGCATGCCTGTTTGVGTRTCWGAWTCYTTTCAATTATRAAACTTTTACATATAMAMGATATATGTGWRNTTTGTKWGGAATACARTTGMYAAAAGTMRMATTCYTTRTGGTATTGCTTTCTTAAAAAYTANAAATACTATGTTTTGAKTTTTSTTCWGCTCATTTTGTATATCATTTANCAAATGAGTRCGAGTMRAAATATWSNAATACTTTGGATGACCTCAAATCAGGTAGGGATACCCGCTGAACTTAAGCATATCA
k__Fungi,p__Ascomycota,c__Leotiomycetes,o__Helotiales,f__Helotiales_fam_Incertae_sedis,g__Leohumicola,NA,NNNNNNNNNGNNNGNGNCTNCNNNANNTACATTACAGANTCATGCCCTNACGGCCAGATCTCCCACCCTTGATACTATACCTTTGTGGCTTTGGCGGNCGCCGCGNCTACCGGTTTCTTNGCATNAGCCCGCCAAATCACCCCTAAACTCTGAATGTTAATGACGTCTGAGTACTATATAATAGTTATCACTTTCAACAAGAGGGTCTCTTGGTTCTGCCATCGATAAAGAACGCAGCGAAATGCAATAAGTAATGTGATTTGCAAAATTCAGTGACTCATCGAATCTTTGAACGCACATTGCGCCCCTTGCCATTCTGAGGGGCATGCGTGNTCGAGCGTCGTTATAACCCTCAAGCCTACCTTGGTGTTGGGGCCTTGCTGATACAGACAGCCCTTAAAACTAGTGGCGGTGCCACCGGTTTCTAACCGTACTACTACCTTCTCGCTATAGANTCCCGNCGGATGCCNGCCATCCNCCCCCTAATTTTTTCTTATGGTTGACCCTNGGNATCCAGNTAGGGGATACCCCGTTGAAACTTAAAGCAATATCAAATAAACCCGGAAGNAANNNGGGGGANTCTAATTCANANATTTNNNNTTTCCCNACGACTTTTTACCTTCCNCTAAAATATTTCTTGNNTTTNN
k__Fungi,p__Basidiomycota,c__Agaricomycetes,o__Agaricales,f__Cortinariaceae,g__Cortinarius,s__centrirufus,CATTATTGAANTAAACCTGATAGGTTGTTGCTGGCTTCCTAGCATGTGCACACCTTGTCATCTTTATATCTCCACCTGTGCATCTTTTGTAGACCTTTCAGGTCTATGTTTCTTCATTTACCCCAATGTATGTTAATAGAATGTTGTGACTATATAAAATCTATACAACTTTCAGCAACGGATCTCTTGGCTCTCGCATCGATGAAGAACGCAGCGAAATGCGATAAGTAATGTGAATTGCAGAATTCAGTGAATCATCGAATCTTTGAACGCACCTTGCGCTTCTTGGTATTCCGAGGAGCATGCCTGTTTGAGTGTCATTAATATATCAATCTTCTCTTGTTGAGTGGTTTGGATGTGGGGGTTTGCTGGCCTCTGAAAAGGGATTCAGCTCCTCTGAAAAGCATTAGCAGAGCGACTCTGTTCATTAGTGTGATAACTATCTATGCTATTGAATGGGTGTGGTTCAGCTTTCTAACTGTCCTTGGACAAATTTATCATTTATGTGACCTCAAATCAGGTAGGACTACCCGCTGAACTTAAGCATATCATAAAAGGCGGGGGGGGAAAKTKWWGGGGGGAGWWYTTCTCTCCAAAAAAAGAAAAAAGASYT
k__Fungi,p__Basidiomycota,c__Agaricomycetes,o__Agaricales,f__Cortinariaceae,g__Cortinarius,s__roseocastaneus,WCATTATTGAATAAACCTGATGGGTTGTTGCTGGTTCTCTAGGGAGCATGTGCACGCCTTGTCATCTTTATATCTCCACCTGTGCACTTTTTGTAGACCTTTCAGGTCTATGTTGCTTCATTTAMNCCCAATGTATGTTAATAGAATGTTGTGCCTATGATAATATATACAACTTTCAGCAACGGATCTCTTGGCTCTCGCATCGATGAAGAACGCAGCGAAATGCGATAAGTAATGTGAATTGCAGAATTCAGTGAATCATCGAATCTTTGAACGCACCTTGCGCTCCTTGGTATTCCGAGGAGCATGCCTGTTTGAGTGTCATTAATATATATATCAACCCTCTCTTTGTTGAGCGGTTTGGATGTGGGGGTTTGCTGTGGCCTCTTGAAGAGGGTTCAGCTCCCCTGAAATGCATTAGCAGAACAACCTTGTTCATTGGCGTGATAAACTATCTACGCTATTGAATGTGAGGGGCAGTTCAGCCTTCTAACRGTCCTTTGGGACAAATTCATCATTAATGTGACCTCAAATCAGGTAGGACTACCCGCTGAACTTAAGCAT
k__Fungi,NA,NA,NA,NA,NA,NA,CNNNNNNNNNNNNNNNNCTGCNNNAGGNCANTTANTATATGTGATGAGCACGTGTGGNGCTACNCGTGGTTTCTCGNNNTTTTGTCGNCNGAAANGNCGCCAATAGCCCTTGCNGNNAGANNACATAATGNNGCTNGACTTAGCATGCTTTGCCGGACCGCCCTTGGCCGTCGGCCCCGGCTGACAGTCGCCGCCAGACTCCAAACACTCAATTGCCTCAGACGTCTGAGTACTATATAATATTTATAACTTTCAGAAACGGATCTCTTGNTTCTGACATCGATGACGATCGCAGCGAACTCCGACATCTAAGGCGAATTGCAGAATTCAGTGAATCATCGAATCTTTGAACGCACATTGCGCCCCCCGCNTTCCGCCGGGCAACCTGTTCTATCTTCATTATGTCTAATCCCCCCCACCGTTTTGTTGTCTCTCGGCTCGCTACAGACCATAAAGAAGTGGCGCCGCCCGCGCCCCTCACAAAAATTATTACTCCTCCCCCGGAACCCCGTGGACCTCTTTATNNNNTTTAAAAAAAAAAAGACCAGAGTGNNTGCCTTCGATGCCTGCTACGAGTGNTCANGNCATGTGGGCTCTGTCACTACCATTTATATGNGGAGCTGACCCACATAAATAAAACCTTGACTCAAATCGGGTGAACTACCGTGACTNNCNNNTCATAAN
k__Fungi,NA,NA,NA,NA,NA,NA,NNNNNNNNNNNNNNNNNNNNTCNTCCTATACANNNNATTTTACTTCTTATGACCAGTAGGCATTGATGCCTCTAAATGACCNATGGGCGCACGCTGGGGAACCTCACCACCCTGTGCGCCCTTCGGGTGGGGCCTACGGGGCTTCCGCTTTTACACATACCCCTACGGTCTATAATGGTATATACTATAACAAATAACANCTTTCAACAACGGGTCTCTTGGNTCTCGCATCGATGAAGAACGCAAAGGAATGCGAAAGGTAATGTGAATGGCAGTATTCAAAGAATCATCGAATCTTTGAACGCATCTGGCGCTCCTGGGCATTCCATGGCCCATGCCTGTGTGAGTGTCACGGAAACCCTCACCCTTGCGATGTAAAAATTGCACGTGGTGGACTTGGACTGGGCCGGAAGTGGCTCGACCTGAAATGCATCACCTGGCGCGCATTAGAGTGCTCGCCATGGTGAGAGAAGTATTTGCTACGTACCCTTAGGCCTCTTCTGTTGGTGCTGCTTCTAATCGTGCCTCGGGGACACTTTACTTTATGCTTTGGCCTCAAATCATATAAGACTACGCGCTGAACTTNNNNATANNNANNGGGGGGGAGGGAATCGTNNTCATATCAAACNNNGGAAAGGACCCGGGTNNTATTAACGCGCGATAAATGNCGTGNGGGCCTTNTGAANCTCAAAATATCCANCGGGTCTTTTNGANNAATAANCGCCCNGGGGTTTTTTTATNGCNANAAAGGGCCCACGGGGTCTTTNNNTTGGNAGNAANNCNNGGGGGTNTTTNTCNCNCAATAAAAANACCNGNGGGGTNTTAAANNNNGATANANCACCAGNGGGGANTNTANCNCNANNANN
k__Fungi,p__Ascomycota,NA,NA,NA,NA,NA,NNNNANANANNNNNNNNNNTGGAGGNGAGGNNNGTCCTCTAATGACAAGGAATTGTAAGGAATGNAANATTCCTGCTGTTCAGGGGCCTATCTATAGCTACCCTGTATTACCGGAGANGACCGCCGTTGACTACCAAAAGCTTTTATCTCTGTATATCTGAGTAAAAAAGCAAATAAGTGAAAACTTTCTTCAACGGATCTCTTGGTTCTGGCATCGATGAAAAAAGCAGCGAAATGAGATAAGTAATGTGAATTGCAGAATTCAGTGAATCATCGAATCTTTGAACGCACATTGCGCCCATTAGTATTCTAGTGGGCATGCCTGATCGAGCGTGGTTTATTCCAGTTAAGCCTTTGCTTAGTATTGGGAATCTACTTTTATTCTGGAGATGTATTTCCTCAAAGACAGCGGCGGAGTCGTGTTTTTACTCTGAGCTTAGTAATTTTTTTCTAGCTTTCGAGTTGCCATTGCCCCCTTGCCGTAAAACACCCTTTATTTGTTATTGGTTGACCTCGGATCAGGTACGAATACCCGCTGAACTTANGCATATCAATANGGGGGGAGGACCCCCCAAAAAAATCACNCAGTGGTGGGGGGNNTNGGNGGAAAGATTTTCTCCNCAAAAAAAAGGAAGNGACTTNCGGTGCTTGAAANNAAGAGGAANATCTNNTCCNNNAAAAANNAANAANTTNTNTNGNTTTNNAGGANNGGAATTTNNTTNNCCNNNNANNNNNNNNNNTTTNTGNGNTTNNNGNNGAGGAATATTNTTTCNNNAAAAANNANNNNANNNNNTTNNGNNNGNTTNANGAGGGGNAGNNNNNTNCCNNCNNNNAATAACANNNAACNNNNNNNGNNNNNNNNNNNNGNNAGNNNNNATTTCNNNNCNCNNNNNNNNNNNNCANNNNNGNNNNNNNNNTNGANGGANGNNANANNNTTNNCTCNNNNNNNNANANAAANNNNNNNGNNTGNNNNNNNNNTGNNNNNNNNNNGNNNNNNNNNNNNNCNNNNGANNNNAANNNNNNNTNNNNNNNNNNNNNNNNNNTNNNGNNNNNNNNNNNNNNNNNNNNNNNNNNNNNCNNNNNCNNNNNNNNNNNNNGNTNNNGGCNNNNN
k__Fungi,p__Basidiomycota,c__Agaricomycetes,o__Thelephorales,f__Thelephoraceae,g__Thelephora,s__atra,WCATTACCGAATCGTCAAACATGGGTTGTTGCTGGCCCCCGAACGGGGGCACGTGCACGCTCTGTTTACGCATCCACTCACACCTGTGCACCCTCGGTAGTTCTATGGTTCGGGAGACCCCGTCTTCCTTCCGTGGCTCTACGTCTTTACACACACGCAACGTCTCATGGAATGTTTTTCGCGTTTAACGCAATACAATACAACTTTCAGCAACGGATCTCTTGGCTCTCGCATCGATGAAGAACGCAGCGAAATGCGATAAGTAATGTGAATTGCAGAATTCAGTGAATCATCGAATCTTTGAACGCACCTTGCGCCCCTTGGTTATTCCTTGGGGCATGCCTGTTTGAGTATCATGAACACCTCAACTCTCATGGTCTTCCGTGACGAGCTTGGACTTTGGGGGTTTGCTGGCCCTGTGGCCGGCTCCTCTCAAACAAATCAGCTTGCCAGTGTTTGGCGGCATCTCACGSGTGTGATAACTATCTACGCTCGCGGTTGTCTGCCAGGTAACCCTCAGCGATGAAGGNTTCATTGGGGCTCATAAACGTCTCTCCTCGGCGAKGACAGCTTTTGGNACGTTCGATCTCAAATCAGGTAKGACTACCCGCTGAACTTAA
k__Fungi,p__Basidiomycota,c__Agaricomycetes,o__Agaricales,f__Inocybaceae,g__Inocybe,NA,NNNNNNNNNNNNNNNNNNTNCGGGAGACTGNNNNGGNTCTNAATGAANAAACTTTGGCAGGCTGNTGCTGGCCCTTGTCATGGGGGTATGTGCACGCTTGTCCTTTGTTATTTCTCCAACCTGTGCACACTTTGTAGACCCTGGAGATTTTATGAATTTTTCATTCGAGTTGGAATTGCTGTGCTTGAAACTAAGGAAAGCCAAATTTGCCTTGCCATCTTCAGGTTTATGTAATTTTATCCCAACCTATGAAAAGAATGTTGGATGAGGGACTATTTGCTCCTATAAAAATGAAATATGCAACTTTCAGCAAGGGATCTCTTGGCTCTCGCATCGATGATGAACGCAGAGAGATGCGATATGTAATGAGAATTGCAGAATGCAGTGAATCATGGAATCTTTGATCGCATATTGCGCTCCTTGGTATTCCGAAGAGCATGCCTGTTTGATTGTCATTTAACTTCTCAATCACATAAGATGTTAGAGGCTTGGATGTGGGAGTAGTTTTGCANGTCTTTTCAATGAGGTCGGCTCCCCTGAAATGTATNANGGGTATCTGAGGNTAGTGCTATAGGTGAGATAATTTATCTATGCCTTTGGTATGCTGCATGATCAGATTGCACTGCGTCNAGCATCGAACAATCTTGATGAATNTNNACCTCAGATCACGTAGGACTACCCGCTGNACTNAGGCATATCANANTTCCGGANGNAAGGNAGGNNNTTGTTTTTTAAAAAGGAAAANNNTCCCCCCCAAAAAAAAANAAAATTGTGTGGGTTNTTTTAGNNGGAAAAATNNTTTCTCCCCAAAAAAAAAAAAAANACGNTTGTGTTTTTAANANGAAAAGNNTTTTCTCCCCCCANANNAAAAANANNATNNNGTGTTTTTTNNNNNGANANAAGANTNTNTCNNCTCNCTCANNNNNANNNCNCTGNTCTNNTTTTNTNNNNNAGAANNATNNCCNCCCCCCGNNAAAAANCNANNGNNNTTTNTNTTNGTNTTNNNAGANAAAGGANNNNNCNNTCCCNNCNANNAAAAANTNNNANNATGNNTNNNNNNN
k__Fungi,p__Basidiomycota,c__Agaricomycetes,o__Thelephorales,f__Thelephoraceae,g__Tomentella,s__galzinii,ATGTCATTACNNGAACTGTCGACACGAGNCTGTTGCTGGTCCTCRAAYGGGGGCATGTGCACGCTCTGTTTACACATCCACTCACACCTGTGCACCCTCTGTAGTTCTGTGGCCTSGGGGACTCTGTCCTNCTNGCTGTGGTYCTACGTCTTTACACACACACNGTAAYAAAGTCTCATGGAATGNCATGYCGCGTTTAACGCAATACAATACAACTTTCAGCAACGGATCTCTTGGCTCTCGCATCGATGAAGAACGCAGCGAAATGCGATAAGTAATGTGAATTGCAGAATTCAGTGAATCATCGAATCTTTGAACGCACCTTGCGCCCTTTGGCTATTCCGAAGGGCATGCCTGTTTGAGTATCATGAACACCTCAACTCTCATGGTNNNCGCCATGATGAGCTTGGACTTTGGRGGTCTTGCTGGCCTRKSGTCNNGCTCCTCTCAAATGGATCAGCTTGCCAGTGTTTGGTGGCGNTCACAGGTGTGATAACTATCTACGCTTGTGGTNNTTCTGCCANNGTAACCTTCAGYGATGGAGGTTCGCTGGAGCTCACAGATGTCTCTCCTCAGKGAGGACAGCTTTTTGAACGTTTGATCTCAAATCAGGTAGGACTACCCGCTGAACTTAAGCATATCATA
k__Fungi,p__Basidiomycota,c__Agaricomycetes,o__Russulales,f__Russulaceae,g__Lactarius,s__cistophilus,ACAAAAAATGTGTTGAGGCATGCAAGGGCTGTCGCTGCAGTGGCTGTAACGGCCCAAAGTCGGSAATGCGAGGTGATGTTTCCACAACGGAATCACGTGCTCGTGCGCTGAGTTCAAGACCGCCCCCTCTGGAAAACTTTGGTGTCCATCATCCCTCGCGGCGTAAGCTGTGGCCGGATTTGGAGTAATCGGCCCTTGACTAGCCAGGGAAGTAATTCCGCAGCTAGCAGGGCTCACCGAGTTGGTCTTAGGAGATCAGGGCGTGTCATCTGTCGCGCGGGTGCGCCGTGTCCCTCGTAAACCTTTCGTGCACGCCGGAGCGTGTCCTCTCACATGAAATCCATCTCACCCTTTTGTGCACCACCGCGTGAGCACCCTTCGGGATCAAACCCGATCCAGGAAGGGGGCTTGCGTCTTCACACAAACCCCTATCTAAAAGTGTAGAACGACCTCATTTTTGCGATAACACGCAATCAATACAACTTTCAACAACGGATCTCTTGGCTCTCGCATCGATGAAGAACGCAGCGAAATGCGATACGTAATGTGAATTGCAGAATTCAGTGAATCATCGAATCTTTGAACGCACCTTGCGCCCCTTGGTATTCCGAGGGGCACACCCGTTTGAGTGTCGTGAAATTCTCAACCTCCTCGGTTTCTTCTGGACACCGAAGGAGGCTTGGACTTTGGAGGCCTTTGCTGGCGTCTCTCTCGCCAGCTCCTCTCAAATGAATTAGCGGGGGTCCTCTTTGCCGATCCTCGACATGTGATAAGATGTTTCCGTGTCTTGGCTTATGGCTCTGTTGCTTTTTGGGACCCGCTTCTAGCCGTCTCGTCGAGACAACGTCCGAGCGTGTCTCCCTTCTCGGNAAACACTCTCATNCCCACGAANCCCTTGACNTCAAATCGGGNGAGACTACCCGCTGAAC
k__Fungi,p__Basidiomycota,NA,NA,NA,NA,NA,NNNNNNNNNNNTANGTGACTGCGGNNNNCATTATTGNANNNAGAGTGNTATTGCTGATGCTACCCTTCAAAGNTGTGCACGCCCAAGCAAGTCTCGCACAATCTATCTCACCCCTTTGTGCATCACCGCGTGNNCCACTTTTTTGTGAGGGCTCGCGTTATTACATAAAACTTGATATAGTGTAGAATGTTTTTTTTTTTTTTCGGTTTTCTCGGGTCAAAAACCTTTTTTATACCGGCAGAAATGNGCTACCCACCGTGAGAAGCGCCGGGGAAAGGGGAACCGTGATNGTTTTGGCGATATTTGGGGAAACTGGTATTTTTTTAAGGCCTTTTGGCCCCCTGGAANTTCCGGGGGGGCACCCCCGTTGATNTNTGGGAANCCCCCCAAATTTTTTTTTAAAAAANAAAAAANTTTTTGNGNCTTGGCCGCNNAGCCCTCCCCTTNNNNNTTTTCTCNNTNCGNNGNCCGNNGCGGNGACGCGGTAGGCACCCGGCCTCTGNACGNTGCCTTGGAATCAGGTAGGACTACCCGCTGAACTAAAGCATATCAGTCANCCGGGGGGGAACCGCNCCAAAAAAAAAAAAAAAAAAANGGGGGGGGGGNTCCTCTCCCCTTTCCTATAAAAAAAAGGGAAGAAGGGCCCCCCCCCCCCCAACAAAAAAAACCTTTTTCCCCAAAAAGGGGGGGGGGGCCCCCACCCCCGTGGNNNTTNAACCTATTAAAANNAGGGGGG
k__Fungi,p__Ascomycota,c__Pezizomycetes,o__Pezizales,f__Tuberaceae,g__Tuber,s__anniae,CAATCGGRCCCCCAAGCAAACACATCCATGTGTACACTCCCATGTTGCTTCCCCAGATCAGTGGCCACTGCTGCCAGCCCACCCCCTTGATTGGGGTCCTGGGTTGAGGTGTCTGGGGAAGGGCCCAATAACAAACCTTTGAACCAATTAGTTGTCTGAGTAGGCCACCCGCCGCAATCTTTAAAACATGTTAAAACTTTCAACAACGGATCTCTTGGCTCTCGCATCGATGAAGAACGCAGCGAAATGCGATAAGTAATGTGAATTGCAGAATTCAGTGAATCATCGAATCTTTGAACGCACATTGCGCCCTTTGGTATTCCTTAGGGCATGCCTGTTCGAGCGTCACTAAAAACCCCCTCACAGATAATGTGGTATTGGTAGAAGTGAACGGTACTTACATTACCTTGTCTCACTCTGCTGAAATGAATAGGCCAGAGAAGTGGACCCATGGTAATTGACTCCAGGAGTGTTTTTCAATGCTAAACTAGTCTTTACCCAAGTCAAGTTCTGAGCTACCGGACCCCCNATTAAGTCCAAAACAGAGTGGTTGACCTCGGATCAGGTAGGGATACCCGCTGAACTTAAGCATATCA
k__Fungi,p__Basidiomycota,c__Agaricomycetes,o__Agaricales,f__Tricholomataceae,g__Mycena,s__rebaudengoi,TAGATGTGCACATTTGKATGCSCCTGAGTAACGAGCGCCTCWCGYWKYAATGCGGYTGCTTGKNACTGWYGNCWGYMKMTTTCCTGCAATGCTCTCTGGGGGCTACGTTTTTATATACAASTCAGNTATAGAATGTSTTTTAATGACTGKTGMCTAGCGCATGGTCTTAAACAATTACAACTTTCATCAACGGATCTCKTGGCTCTCCCATCGATGAAGAACGCAGCGAAATGCGATAAGTAATGTGAATTGCASAATTCAGTGAATCATCGAATCTTTGAACGCACCTTGCGCCCTTTGNTATTCCGAAGGGCATGCCTGTTTGAGTGTCATTAAATYATCAACCTTGCTCGCCTTTACCGGCTTGAGCTGASGCTTGGACGTGGRGGTTTTTGCTGGCTTCCTTCAGTGGATGGWCTGCTCCCCTTAAATTCATTAGCGGGATCTCTTGTGGACCGTCACTTGNTGTGATAATTATSTATGCCGTTTGACCTTGAAGCAAATTTATGGGACCCTGCTTATAACCGTCTCTTAACGAGACAATTTTATAACATCTTGACCTSAAAATCACGTAANRACTAACCCGCTGANCTTAAACATAT
k__Fungi,p__Ascomycota,c__Pezizomycetes,o__Pezizales,f__Tuberaceae,g__Tuber,s__beyerlei,TGCMCCTAACAAGGGCTCTCTATAAAACTCTANACTTAATGTCTGAGAAGGCCATGTGCCGTAATCTTTAAACATTTTAAAACTTTCAACAACGGATCTCTTGGTTCTCGCATCGATGAAGAACGCAGCGAAATGCGATAAGTAATGTGAATTGCAGAATTCAGTGAATCATCGAATCTTTGAACGCACATTGCGCCCTTTGGTATTCCATAGGGCATGCCTGTTCGAGCGTCACTAACAACCYCATCACAAAGAGTGTGGTATTGGCAGAAGTGGGTAGGGCTAGCAAGNAAGTGCTGGCCCCACTCTGCTGGAATGMATAGGCCGGAAATGTAGAYCATGGTAACAGACTTTCAGAGTATCGTCAAATGCTAWATTAGTYTGTATGCTTGGTCAGAATCTARGCCACTGGACCCCCATTCTGTRTAAAGCAGTAMTGTGTGACCTCGGNATCAGGTAGGGNATACCCGCTGAACTTAAGCATATCATAAA
k__Fungi,p__Basidiomycota,c__Agaricomycetes,o__Agaricales,f__Hymenogastraceae,g__Hebeloma,NA,TTATTGAATGANNACTTGRTGTGGTTGTTGCTGGCCCTTTCGGGGGCATGTGCACACCCGCCATCCTCATCTCTCCACCTGTGCACCTCTTGTAGACTTGGATTGACTTTCCGAGGCAACTCGGTCGGGAGGATTGCTGGCACTAGCTGGCTTTCTTTGCATTTCCAGGTCTACGTTTTTCATATACCCCATTGTATGTAACAGAATGTAATATTAGGCCCTTGTGCCTATAAACCTTATACAACTTTCAGCAACGGATCTCTTGGCTCTCGCATCGATGAAGAACGCAGCGAAATGCGATAAGTAATGTGAATTGCAGAATTCAGTGAATCATCGAATCTTTGAACGCACCTTGCGCTCCTTGGTATTCCGAGGAGCATGCCTGTTTGAGTGTCATTAAATTCTCAACCTTTATCAGCTTTTGCTGATGATGGCTTGGATGTGGGGGTTTATTTTGCTGGCTTCTTTGCAGATGGTCAGCTCCCCTTAAATGCATTAGCCGGTGCCCCGCGTGGACTGTCTATTGGTGTGATAATTATCTACGCCGTGGACATCTGCAATTATATGGGTTTGCACTGCTTCCAATCGTCTGTTGAATCAGATAATACATGACAATTTGACCTCAAATCAGGTAGGACTACCCGCTGAACTTAAGCATATCATANCCCCGGAGGA
k__Fungi,p__Basidiomycota,c__Agaricomycetes,NA,NA,NA,NA,RCASGGATATSYKRGATRTGATRTSWMTKRMWGAAKYSRSGGAAWMWKAGAAKCWWWGWGCRCWSCWKRMKYCAKTGRMRTMTCSSAKAKKKSRTGRCWGWTTGCGYMTYATGAGCTYCYSAACKSYCWTCKTGTWGMGRYGWKRWKMTTGYAATTCRWACTGCWGGATGGWMTGTGGTCKRGYGMTCTCGMGKAAAYTAGMATRWGAGTGGTTGGMGTGYGKRCTSKAYGYGWAAWMWATCTACGCGWGAGTKTWTTCCRMCWGGYAACCTTSMKMGAKGWGGGGTTMGMTGNAGCTCATAAATGTCTCTCCTCAGCGAGTACAGCTTCTTGHACGTTTGATCTCAAATCAGGTAGGGCTACCCGCTGAACTTAAGCATTATCAATAAGGCGGGAGGAA
k__Fungi,p__Basidiomycota,c__Agaricomycetes,o__Agaricales,f__Tricholomataceae,g__Tricholoma,s__argyraceum,GWCATTATTGGATAAGCTGGTTGGGTTGTTGCTGGCTCTCCGGGGCATGTGCACACCTGACACCAACTTTTTTACCACCTGTGCACCTTCTGTAGACCTGGATAAACTCTCGAGGAAACTCGGTTTGAGGACTGCTGTGTGTAAAAGCCAGCTTTCCTTGTAACTTCCGGTCTATGTCTTTATATATACCCTTACAGTATGTCTAAGAATGTTTGTTGTTGGGCTTYAATGCCTTTAAACTTAATACAACTTTCAACAACGGATCTCTTGGCTCTCGCATCGATGAAGAACGCAGCGAAATGCGATAAGTAATGTGAATTGCAGAATTCAGTGAATCATCGAATCTTTGAACGCACCTTGCGCTCCTTGGTATTCCGAGGAGCATGCCTGTTTGAGTGTCATGAAATTCTCAACCTTTTCAGCTTTCTTTGTTGATCAGGCTTGGATGTGGGAGTATGCGGGCTTCTCAGAAGTCGGCTCTCCTGAAATGCATTAGCGGGACCTTTGTTGCCTGGCTTTGGTGTGATAATTATCTACGCCATTGTGGTCAAGCAGCTTAAAATGAGGTTTCAGCTTCTAACCGTCTCCCCCTGAGACAACTTTTTGACAATTTGACCTCAAATCAGGTAGGACTACCCGCTGAACTTAAGCATA
k__Fungi,p__Ascomycota,c__Pezizomycetes,o__Pezizales,f__Pyronemataceae,g__Wilcoxina,s__rehmii,NNNNNNNNNNCNNCTNNNNNNNNNAGNGGAAANGAGGGATTCCTCTAATTNANGTANTTTTGGNNTNANATGGACTACTTATTCCCATTCGGAGTACCTTGCCTGTTGGTTCCATGGAGCCTGACACATGTCACTCTGGGGTTTTACATCCCGAGGGAGCCTCCGAGGAAGGTATTCTATTATCTTTTGGATGAAATGTTTTCTGAATGATAATGTTTATGGCAAATGTAGAGAATTTCATCCACGGATATCTTGGTTCTCGGATCTTTGAAGAACGCATTGCCCTGCGATAAATAGTGTGTTTTGTTTAATACAGAGAATCATCGAATCTTTGAACGCACATTGCGCCTCCTGGGATTCCGCCCGGCATGCCTGAACGAGCGTCATTAAATACCACTCAATCTCTTCTGCTTGGTCATGGAAGAAGATAATGCTTGAATCCTCTCTTCTGAAATCGAACGGCGGACTGCCTCATGTGCCTCGCGTAGTAAGTTCATCTTTTCGCTTGGAGTGTGAGATAGTCTCGCCATCAACCCCCATACTTCTAAGGTTGACCTCGGGATCAGGTAGGGATACCCGCTGAACTTANGCATATCATANNCGGGNAGGANNGNANTTCCTCCCCANNGNACGCGNNNGGGCAATATAGAAAAATTTGCCTCANAANAAGTAAGATTNCCGGTTNACTGAAGGATNTTCTNCNNNGNNNGANCNNGGTNGTTNNTAGAANGGANCNNCTCCNNNCCNNAAAANNNNNNNNNTTTTTNTGTTNATNNNANNNANATNNCNTCCTCTANAGANNNNNNNNTNNCTGNTGCTNTATNNNGNNGGNATNNNTTTCNNNTCAAATCNNNGAGTNTNNNNNGNNNNNNNNGANNNNNCTNNNTCCCNANNNNNCTGANNNGNNNNNNNNTNNNNNNNNNNTNNNNCNCNNANNNNCNNANNNTNNTNNNNNNTNNNNNNNANNNNNTNNNCANAANACNNNNNNNTGTNGTTTNNNNNNGNNANTCNN
k__Fungi,NA,NA,NA,NA,NA,NA,NNNNNNNNNNNNTTNNNNNNNTAGAGGANANACNGTTCCTCTANTGANANGTNNACTGGNATGAGTGAGTTTTCTTCCTAACAGAAAGTGTACGTGGTCATGTAGAGGTGCTCTTCCTTGTGCNGAATACTTGGGATTTAGCTTTGCATGGNNCCCTTAAAGGGGCATGGTGTCATTTAGAGGAAATCATCCTCTGAATGCAAAGGAATGGGTATTTTTAGAGGGAATAACTCCCACAAATTCCAATAACGGGTTTCTTGGATGGAGGAATTCCTCTAAAAAGCACCGAATTGCGTTATTTAAAGGGAATTGTTTACTTCAGTGAATCATCTAGTGTTTTAACGAACATTGCATCCCTTGATATACCAAAGGGTACTCCCGTTTGAGTGTAATTGTACTCTCACCTCATTGGCTTTTTGTTAATCAGGGTGGACTTGCATGCTGTCGAGTAACAAACGGCTCGTCTGAAATGCCTGAGTGTACCCTGCTTTGCAGCGTATTCGGNGTGATAAACATCTTCACCGGAGTTGACTTTCGGGTCGCGCTTGTACTGATTGGCTCTATGCCTTCTAACCGTCCTGACAAGGCCATCTTTGTACAATTTGACCTCAAATTCGGGTGGGACTACCCGCTGAACTTANGCATATCANAGAGGAAATGTCCGTNACGNNAAAAANNNNAGGNATTTTTTTGNTTTGAACTGAAAGTATATCCATTTCCCCCCAAAAAAANNANNTTGGTTTTTTGTGTGTTTTNNNGGAGGGGAAATTTNNTTCCTTAAAAAANAAANNGGGGGGGGNNNNNGNNTNNNNNNGGAAGNTGTTATTTCCCTNTTNAAAACANANAAGANGTTTGNNNNGGTGNANNNANANNGNAAATTACCCCCCCCCCCAAAAAAAAAAACGGGTTTGGACCTTNGNGNTNNAAGTANNNGATTACCCCGCNTGAACNTAAAGNANNNTGACGAGTTACTTGGGGNGTTGAGAGGGAAANANTTTATNANNNNNNNNCNNCCAAACATACAAGANGNCTTGNNNGTNTGNGTGGGGNTNTGTNTNNTNCNNANNNAATAACTAATCNNNNNNNCNNNNNNNNNCNGANNNNNTTTACNNGGCANNNNGGNGGNNNNNNTNNNN
k__Fungi,p__Basidiomycota,c__Agaricomycetes,o__Agaricales,f__Inocybaceae,g__Inocybe,NA,GCACGCTTGTCTCATCTTTATTTTMTCCAACTGTGCACATTTTGNAGACCTGGAGCTTATTTGAATAATTTTCATTGHTCGCGTTGGAGACTGCTGTGCTCTCTTGGATGGGAGTCAGCTGTGCCCTTTTGTAGTTTCCCAGGTCTATGTTTTTACCACAAACTCTTCAAATGTGTTTTAGAATGTTAAATTCAGGTGCTTTTTGTACCTATAAAAATGAAATATACAACTTTCAGCAACGGATCTCTTGGCTCTCGCATCGATGAASAACGCAGCGAAATGCGATAAGTAATGTGAATTGCAGAATTCAGTGAATCATCGAATCTTTGAACGCATCTTGCGCTCCTTGGTATTCCGAGGAGCATGCCTGTTTGAGTGTCATTTTGACTTCTCAATTCCACATTGTTGTGTGGGGTTGGATGTGGGGGTTATCATTTTTTGCAGGCTTCTGATTGAGGTCGGCTCCCCTGAAATGTATTAGTGGTATCTGAGCTACTGCCATAGGTTTGATAATTATCTATGCCTTTGGTATGCTGCATGAACGGATTGCACTGCTTCTAACAAAGTTGGTTGTTGAACCACGTCTTGACGAATTTGACCTCAAATCAGGTAGGACTACCCGCTGAACTTAAGCATATCA
k__Fungi,p__Basidiomycota,c__Agaricomycetes,o__Russulales,f__Russulaceae,g__Russula,s__subterfurcata,CATTATAGTACAACGGAGGCACCTGGGCTGTCGCTGACCTTAAAGGACGTGCACGCCCGGAGTGCTCTCTCACATCCATCTCACCCCTTTGTGCATCACCGCGTGGGGCCCTCTCTTTTGGCTTGTTCCGGGGAGGGGGTTTCACGTTTTTACACGAACAACCCATTAATGCATGTGTAGAATGTCTTACTTATTTTAAATACAACTTTCAACAACGGATCTCTTGGCTCTCGCATCGATGAAGAACGCAGCGAAATGCGATACGTAATGTGAATTGCAGAATTCAGTGAATCATCGAATCTTTGAACGCACCTTGCGCCCCTTGGTATTCCGAGGGGTGCACCCGTTTGAGTGTCGTGAACACCCTCAACCTTCTTGGTTTATCGACCGGGAAGGATTGGACTTTGGAGGTTTTTGTTGCTGGCCTCGTTTGAAGCCAGCTCCTCCTAAATGAATTAGTGGGGTCCGCCGTGCCGATCCTCGACGTGATAAGTACGCTTCTACGTCTTGGGGTTTCGCACCGTTCTCGCTTCCAACTTCGAGTTGTGACTCGACCTTATAAACCTTGACCTCAAATCGGGTGAGACTACCCGCTGAACTTAAGCAT
k__Fungi,NA,NA,NA,NA,NA,NA,NNNNNNNNNNAGNNGNNCTGNGNNNNNTACATTAACGAATGGNCTANTTTGANCTTGAAGCTTCATGTCTTTGTGAAGTTACNCTTGCTTCGNAGAGCACCTCTCTCCGNGTTGNGATCGCCGCGTTTATGCTCGCGTGTGGTTTGTGTGTCGATTTCTATAATAAATAAAGCTTTGAACAAGGGATCTCATGGCTCTCGCATCGATGAAGAACGCAGCGATGTGCGAAATGTAGTGTGAATCGCAGAACATTGTGAGTCATCGAATCTGTGAACGCACATTGCGCCTCCCGTTACAGANAGNCATGCNTGTCTGAGCGTCATTTAAACCATAAACCTCAACGGGTTTGTCTTGGGCTTTCGCCGTCTGTCGNCGTGCTCTCGAAGCGATCGCTCGAAACAAGCGGACGAGATCCATCTGNNACAGACCGCTTGTGCGACCTAAAACCATCGTGTTGACCTCAGATGAGCTAGGGTTACCGCCTGAACTTAAGCATATCANNNCCGCGGAANAAAANAGNNAGACCCGNTGNAAGTAAGGGATNNTCNNNNNGCCNGTATGAGNTTNTCTGTAGGGGNCAANNTNNACCCTCAGATCNGAGTAGAACTACCCGCTGAACTTAAGCATATCAATANNCCGANGNAANCC
k__Fungi,p__Ascomycota,NA,NA,NA,NA,NA,TTAACATGTTATTCAGTCATGCTGTTGCGTGANCTGTATAAATCCACTCTGCGTACMTATSCTGTTGCTTCYGCTGNNCSCASAGCATTTTTGGAGGAGTTGGCCCCCTCTTGCATAGTCAATATCTGTGCGGAGCTGYTCGCTTTCTGGSKCTGCTTTGTATTCACMCGCCKGGSGAAAARANAATYATKCTCTGMTCTCACTWCCTSWGARGGACSAAGACYGAACCAAAGGAAATGTWWTCCTTTCAGCAACKCTTSTCTTGSTTCTCGCATCGATGAAGAACGCAAYGAAATGCGATAAGTAGGGTGAATTGCAGAATTCAGTGAATCATCGAATCTTTGAACGCACATTGSGCCTTTTCGGNATTCCGGAGGGCATGCCTGTTCGAAAGTCATTGAMACCCGTTTCAAACCTTTTT
k__Fungi,NA,NA,NA,NA,NA,NA,NNNNNNNNNTAGNNGANNGCGGAGNTCATTATAGAATAGACATGATGAGAGTGCAGNCTCTCTAGAGAGCTGGTGCACGCTTGTCCTCTTCATGTCTCCACCTGCCACCATATTGTTACCTGCCACACCCTCTGAAAGGGTACCCAGCGTTTTATGTAGCGGGAAATTGCGCTTGTTGCTCTTCCTTGCATTGCAAGTTCCATGATCTTTTTCATAAAATCTTATTGTGACGCACAGCGCCCTAGATAATACACCGCTATACATTCTTTTACTTCCTGTAAATGACCANCACNTAGTGNCGTTGNTGCGGGTGCGGCCGCGCCGAAAAGGAATGCCCAACGGACAGGAGTCCCGACCGGCTTTACTCTGTTTTGACCTCACACAGGTAGANCTACCCGCTGAACTTAAGCATATCAATAAAGCGTAGGAACCTCCTTGAATTTTGGCGAGTGTTTGGCTGTGCGGGCGATATTTTGCTGCCCCCNCTCCAAAGACAGGTCCCCCNNGNAGTATTACAGCNACCAGTTGGTTGNCCNCCCCTGNNGTGGTAACATATGCTACNCTATTGACGTGNNCNANTTCNGCTACATAACAGTCCATTGNCTTGGACAATTCTCTATTTATTANTGTGACCCTCAAAATCCGGGTAGGACTAACCCCGGCTGNACTTAAAGCATATCAATAAANCCGGNGGGAAN
k__Fungi,p__Basidiomycota,c__Agaricomycetes,o__Agaricales,f__Cortinariaceae,g__Cortinarius,s__glaucopus,TATTGAATAAACCTGATGAGTTGCTGCTGRTTCTCTAGGGAGCATGTGCACACTTGTCATCTTTATATCTCCACCTGTGCACCTTTTGTAGACCTGGATATCCCTCTGARTGCTAGTCACTCAGGTTTGAGGATTGACTTTATGTCTCTCCTTGCATTTCCAGGCCTATGTTTCTTTATATACCCAATGTATGTCATAGAATGTAATCAATGGGCCTTTGTGCCTATAAACCTATACAACTTTCAGCAACGGATCTCTTGGCTCTCGCATCGATGAAGAACGCAGCGAAATGCGATAAGTAATGTGAATTGCAGAATTCAGTGAATCATCGAATCTTTGAACGCACCTTGCGCTCCTTGNTATTCCGAGGAGCATGCCTGTTTGAGTGTCATTAATATATCAACCTCTTCAGCTYTTGTTGGTCGAGTGTTGGATGTGGGGGTCTTTTGTGCTGGTCTTGNATNCTACANGTCAGCTCYCCTGAAATGYATWAGCAGAACAATTNGTGTGATCTGTTCAKTKGNTGTGATAMNCTATCTACGCTATTGACGTGAAACAGTNCAGCTTNCTAACAGTCCATTGACTTGKNACCACTTTNCATTAATGTGACCTCAAATCAGGTAGGACTACCCGCTGAACTTAAGCATATCAT
k__Fungi,p__Ascomycota,c__Leotiomycetes,o__Helotiales,f__Hyaloscyphaceae,g__Lachnum,NA,AGCSTATGCAACCTCACSMGGGTCCGCGACTATAAAKATAGAATGCWRGTSGCKATGGCGRCAACATGATCKAATTGCGGNGATATCCTAMWGCCTAGCGRTACCAACACGTKGAAGRAATYCAGGGTGGNCCAGTGCTAATCACACTGSAGGTCAGAATCTGCTAGGATGCTACAATGGACAATCCGCAGCGAAGCCCCTAAMGGMGCAAGCCCACGSNNAACGTYCACAGRCTAAGTGKWCGTGRRTAGGCGAGTCCWGCTYARGATATAGWCGRNSTCTTTGGGAAACCAACAGGKRTAAWMYGTTCMGWRGNTSANCCTGCGGAAGGATCRNTACAGAGTCCATGCCCTTCGGGNTAGAKCKCCCACCCTTGTGTATYATTATAGAATGTTGCTTTGGCGGDYCGCGMGBNCKGGCGCCYAGATTCGCGTCYAGCGTGCCCGCCAGAGGACCCCTAAACTCTGWATGTTAGTGTCGTCTGAGTACTATTAWATAGTTARAACTTTCAACAACGGATCTCTTGGTTCTGRCATCGATGAAGAACGCAGCGAAATGCGATAAGTARTGTGARTTGCAGAATTCAGTGAATCATCGAATCTTTGAACGCACATTGCGCCCYTTGGYATTCCGKTGGGCATGCCTGTTCGAGCGTCATTWATACCAATCWAGCYCKGCTAGGTGTTGKNCTSGCYGTCTGGCSTCAKTGCGTKCAGTCGCGTNTKCTYTCANGCTCYASGCGTANTGTCNKCYTCGYGCGCAGCACATKGCGKMGSGWGKCTRGCAGACCCCCTMCCATTVTGCTNNTTTCGTTNGACCTCGGATCAGGTAGGGATACCCGCTGAACTTANGCATATCATAA
k__Fungi,NA,NA,NA,NA,NA,NA,AATTYMTCCCCCYNWAAWAAARRRAWMTTWTTTTTTTTTTTCYTTTCTTYTCCYAYMMAAAAAAAAARRGAGGGGGGGCAGACCCGCSCCCCCYSRWKATAYWWWTTTTTTTWMAWWAAARRARTRGGGGGGGGGGGGK
k__Fungi,p__Basidiomycota,c__Agaricomycetes,o__Atheliales,f__Pilodermataceae,g__Piloderma,s__lanatum,WCATTATTGGAATTACCGGTGAGGGTTGTAGCTGGCCTTTCGGGGCATGTGCACGCTCGAGCCTTTAATCCAACACACACCTGTGAACCCAATGTAAGGGCCCGTAAAAAAGGCCCCTACGTCTTTATCACCAACTCTGTATTCATAGAATGTAATCCATATCTTCGCCTTAAACAAGCGTTGGTAAACTTTATACAACTTTCAACAACGGATCTCTTGGCTCTCGCATCGATGAAGAACGCAGCGAAATGCGATAAGTAATGTGAATTGCAGATTTTCAGTGAATCATCGAATCTTTGAACGCACCTTGCGCCCCTTGGTATTCCGAGGGGCATGCCTGTTTGAGTGTCATTAAATTCTCAACTCTGATTTGATTTGTTTCTGATCAGAGCTTGGACTTGGAGTGTGCTGGCGTCTAGTCGGCTCCTCTCAAATGCATCAGCGGAATTAGAACCTTTGGTTTCCGGACGTCGGTGTGATAATAAAGTTGCGCCGTCTTTCGACTTCAAAGTCCGCTTATAATGGTCTTCGGACGAACTCTTATATCAAATTTGACCTCAAATCAGGTAGGACTACCCGCTGAACTTAAGCATATCAATA
k__Fungi,p__Basidiomycota,c__Agaricomycetes,o__Atheliales,f__Tylosporaceae,g__Amphinema,s__byssoides,GTCATTATAGCGWTATAAGCGAGGGTTGTCGCTGGCCTCKCGGGGCATGTGCACGCCCGAGCTCTTAAATCCACAACACACCTGTGAACCCACCGTAGGCCTTCGGGCTTATGNNNCATATACTCTGWATGTGTCATAGAATGNTCATGTTGCMTTAAAANCGCAATCAAATACAACTTTCAACAACGGATCTCTTGGCTCTCGCATCGATGAAGAACGCAGCGAAATGCGATAAGTAATGTGAATTGCAGATTTTCAGTGAATCATCGAATCTTTGAACGCACCTTGCGCTCCTTGGTATTCCGAGGAGCATGCCTGTTTGAGTGTCATTAAATCMTCAACCCCACCGATTTGCTTCGGCKNGGANNTTGGACTTGGAGCGTGCTGGCGAAGGTCGGCTCCTCTTTAAATGCATCAGTGGAGAGAAWSYCGCCCCAGTGTGATAATCCTGTTGCGCTGTGNGTGGGTGAAAGTCKGCTTCCAAMCGTCCTCCGGGACATACACCATCNTATTTTGACCTCAAATCAGGTAGGACTACCCGCTGAACTTAAGCATATCATANNNNCGGGGAGGANACGYKCNANMKNNTCGCCCCTTCACGGGGTGAAGAAGCTTTTYGACCCATCGAWCCTNTGACCTCAAATCGGGTGWKTACTACCCGMTGAACTTAAGCATATCMA
k__Fungi,p__Basidiomycota,c__Agaricomycetes,o__Atheliales,f__Pilodermataceae,g__Piloderma,NA,ACTGCRGAGGATCATTATTGAATTATAGGTGACGGTTGTAGCTGGCCTTTCGGGGCATGTGCACGCCCGAGCCCTTAATCCACACACACCTGTGAACCCAATGTAAGGGCCCGTAAAAAAGGCCTTTATGTCTCATCACCAACCTTTTATGTCTCATAGAATGTAAATCTATATCCTCGCCTTAAAAAAGCGTTGATAAAACTTATACAACTTTCAACAACGGATCTCTTGGCTCTCGCATCGATGAAGAACGCAGCGAAATGCGATAAGTAATGTGAATTGCAGATTTTCAGTGAATCATCGAATCTTTGAACGCACCTTGCGCTCCTTGGTATTCCGAGGAGCATGCCTGTTTGAGTGTCATTAAATTCTCAACTCCGAATCGATTTGTTTCGACTCGGAGCTTGGACTTTGGAGTGTGCTGGCGTCTGTCGGCTCCTCTTAAATGCATCAGCGGAATATAACCCCGGACATCAGTGTGATAATCGTGTTGCGCTGTCGTCAGAGGTATAAAAGTCCGCTCATAATGGTCTTCGGACAAACTTTACAATCAAATTTGACCTCAAATCAGGTAGGACTACCCGCTGAACTTAAGCAT
k__Fungi,p__Ascomycota,c__Pezizomycetes,o__Pezizales,f__Tuberaceae,g__Tuber,s__lauryi,NNNNNNNNNNNTNGGNGNNNTGCGGNNNTCNTTATCAATATCTGGGATGCTCAATATGAGCTCCCAACAAAACACATCCATGCGTATCCTTCCATGTTGCTTTCCCAGGCCTGTGGCCACTGCTACCAGCCCGGCCATTATTTGGTTATCAGNTTGAGGTGCCTGGGGAAGGNTCAATCATGAAACTTTACATTACATTACCGACTGACACGGCCATGTGCCGTTATATATAAACATTTTAAAACTTTCAACAACGGATCTCTTGGCTCTCGCATCGATGAAGAACGCAGCGAGATGCGATAAGTAATGTGAATTGCAGAATTCAGTGAATCATCGAATCTTCGAACGCGCAANGGGCCCATTGGAATTCCTTAGGGCATGCGTGTTCGAGCGTCACTAACAACCTGAACACCTCATGTGTGGTATTGGCAGATGTGGATANAGCATATTTGCTANTAGTCCCACCCTGCTGCGATGAATAGNNTGNAAAAGTACATCATAGCAACAGACTTTCAGAGAATTNNAANATGCTAAATTATTTAGTNCCTGAACGGAACCCAGGCCATTTGACCCCCATTCTGTGTAAAGCAGTAAGGTTGACCTCGGATCAGGTAGGGATACCCGCTGAACTTAAGCATATCAATAAN
k__Fungi,p__Basidiomycota,c__Agaricomycetes,o__Russulales,f__Russulaceae,g__Russula,s__fragrantissima,TATCATACAATGGAGGTGCTGSGGTTGCGCTGACCTTTGAAAGGGTCGTGCACACCTTGGTGCTCTCACATATAATCCATCTCACCCCTTTTGTGCATCACCGCGTGGGGACCCCTTTTGGCTAGTTCTGAGGGGGGTCTTCACGTTTTTACACAGACACCCTTTTAATGCAATGTGTAGAATGTCTTACTTTTTGCGATYAYACGCAATCAATACAACTTTCAACAACGGATCTCTTGGCTCTCGCATCGATGAAGAACGCAGCGAAATGCGATACGTAATGTGAATTGCAGAATTCAGTGAATCATCGAATCTTTGAACGCACCTTGCGCCCTTTGGCATTCCGAGGGGCACACCCGTTTGAGTGTCGTGACATTCTCAAAACCTTCTTGGTTTCTTGACCGGGAAGGCTTTGGACTTTGGAGGCTTTTGCTGGCCTTCCTTTGTTGGAGCCAGCTCCTCTGAAATGAATTAGTGGGGTCTGCTTTGCYKATCCTTGACGTGATAAGATGTTTTCTACGTCTTGGGTTTYGCACTGTTCGCTGCTKCTATCCKGCTYMTANACTGWCTCATAGTCAAGWSAATGYCACGTGAYYGACNACTTGAAYGACCTCAAATCGGGTGAGACTACCCGCTGAACTTAGCCT
k__Fungi,NA,NA,NA,NA,NA,NA,NNNNNNNNNNGNTANTCNCTANTGNNNNNNNATCATTCATAATCAAGTTGTTTTTATCGGTCGCTTTCAAAAATCCATATCCACCTTGTGTGCAATGTCATCTCACTGGAGGTCACGGGTTGAACAAATCGGTGTGCTCCCCTTTGGTATTTATCTACACTCAGAACTATAGTGATTGTGTGTGACATATTTTGTGTATACTAATTCCAAAAAACACTTTTCACCACGGGTTTCCTGGGTCCCCGCTTGGAGAAAAAAGGCNCGGAATGGGGTNAGGTAAGGGGATTGGCGAAATCCAGGGATTCTTCGATTCTTGGACGGCTTATGGGGCTCTCGGNAATNCGGNAAAGCATGTTGGTTGGAGTATCGGAAACCCCCTCANTCCCCCTTCCTTTTTTTGANGNGAGATGTGCTCTNGTGAGATCNCAGCGCTTCTCTCAGCGNAGAGTNGNGNNACACGNGATGTGCATGCGCATGTGCACTTNNCTGAGATCTANNCGTATATATATANACTGTGTNTANANNACAGATNANNNNTGCGGTGCATCTNNCATANNGNGANNAGCNCNNNNGCTGTGTGNNGCNNNANNNGAGACANANNNNNNNTGNNNNNNTACTCTCGATCTCNNCTCGTGNACNNANNNCTGANNNNNNTNNNNGGGGGGNNNNNNNNNNNNNCNATANNAAANGNNNNAANNNNTNCNNNNCCCNNNNNNNNNNANNNNNNNNNNNNNNANNNNTTTNNNNNCNNNNNNNNNNGNNNNNNAGNNNNANNATNTTNNTTTNNNNNCNCNNNNNCNCNNNNNANNGANNANNNNTTNNTNNNNNTNNNNNNNNNNNGNNNNNNNNNNNNNNNNNNNNNNNTNNGNNCACTNNNNGNNAGNANATTANNNNNNTNNTNNNNNNNNNNNNNGCNAANCNNNNNANNNNNNTNCNNNCNNNNNNNNNNNNNNNTAGTNATTN
k__Fungi,p__Ascomycota,c__Eurotiomycetes,o__Eurotiales,f__Elaphomycetaceae,g__Elaphomyces,s__decipiens,NNNNNNNNNNNNNNNNANACGANNNANGCNNNNNTNATTACCGATACGNTCCCTATCCCCTTCCCGGGGTGNNGCCCAGACCTCCCACCCTTGTCGATCGTACCGCGTTGCTTCGGCGGNNCGCCATGTTGGCCGCCGGGGGGGTTTGCGAATGCTGCCCCCGGCCCCGTGCCCGCCGGNGAACCTCTCTCGAAACGCTACTGTGGTCAGNAATGCTGTCTGAGTGNTGAAAAATTGATCAAAAACTTTCAACAATGGATCTCTTGGTTCCGGCATCGATGAAGAACGCAGCGAAATGCGATAAGTAATGCGAATTGCAGAATTCCGTGANTCATCGAATCTTTGAACGCACATTGCGCCCCCCGGCTTCCCGGGGGGCATGCCTGTCCGAGCGTCATTGCCATCCCCTCAAGCTCTGCTTGGNTTGTTGGGCCGGCGTCCTCCTGTCATGGNGGGACGGGCCCGAAANGCAGTGNCGGCACCCGGAGACCTGGTCCCTTCGGNCGGNGATGCATGGGTCTCTTTTCATTCCACCGTCCGGCTGGNCNACGCCCCGNNAGCCTGTCGAACGATTGNTCTTCCCCTTTANGTTGACCTCGGATCANGTAAGGNATACCCGCTGAACTTAAGCATATCANAAACN
k__Fungi,p__Basidiomycota,c__Agaricomycetes,o__Russulales,f__Russulaceae,g__Lactarius,s__torminosus,NNNNNNNNNAGNNNNCNGCGNNAGGTCATTATCGTACAAAATNGTGTCGAGGCGTGCAAGGCCTGTCGCTGACTTTTAACGCAAAAGTCGTGCACGCACGGAGTGTGTCCTCTCACATAAAATCCATCTCACCCTTTTGTGCACCACCGCGTGNGCACCCTTCGGCATCGAACCGGTCCAGGAGGGGGCTTGCGTTTTCACACAAAACCCCTTTTTAAAAGTGTAGAATGACCCCATTTTTGCGATAACACGCAATCAATACAACTTTCAACAACGGATCTCTTGGCTCTCGCATCGATGAAGAACGCAGCGAAATGCGATACGTAATGTGAATTGCAGAATTCAGTGAATCATCGAATCTTTGAACGCACCTTGCGCCCCTTGGTATTCCGAGGGGCACACCCGTTTGAGTGTCGTGAAAATCTCAACCTTCTCGGTTTCTTCTGGACACCGAAGGAGGCTTGNACCTTGGAGGCCTTTGCTGGTGTCTCTCTCTTTTGAGAGCCAGCTCCTCTTAAATGAATTAGCGGNGTCCTCTTTGCTGGTCCTTCGACATGNGAATAAGATGTTTCCATGTCTTGGTTTCTGGCTCTGTTGCTTTTGGGACCCGCTTCTAACCGTCTCGACGAGACAACGTTCGAGCGCGTCTCCCTTCTCGGGAGACCTCNCCGGGACCCTCNACGAACCCTTGACTTCCAAATCGGGGTGAGACTACCCGCCTTGAACTTAAGCATNNNNNN
k__Fungi,p__Basidiomycota,c__Agaricomycetes,o__Thelephorales,f__Thelephoraceae,NA,NA,NNNNNNNNANTNNNNNNNNGAGGAAAGANATTCCTTATGACNGGCCNGGNGGGGGTTTCCCTGGGGGCGGTGCGGCTCGNNACCATAGCTCACACCTGTGCACCCTCTGGATTCTGTGGTTGGGCGACTCTGTCCCCTTGCCGTGGTTCAGCGGGTTACACACACACCGTAATCAGTCTTGTGGAATGTGCACCGCGTTTAACGCAATACAATACAACTTTCAGCAACGGATCTCTTGGCTCTCGCATAGATGAACAACGCAGCGAAATGCGATTTGTAATGTGAATTGCAGAATTCCGTGAATCATCGAATCTTTGAACGCACCTGGCGCCCTTTGGCTATTCCGAAGGGCATGCCTGTTTGAGTATCATGAACACCTCAACTCTCATGGTTTGCCGTGATGAGCTTGGACTTTGGGGGTCTTGCTGGCCTATGGTCGGCTCCTCTCAAATGAATCAGCTTGCCAGTGTTTGGTGGCATCGCGGGTGTGATAACTATCTACACTTGTGGTTTTCCACCAGATAACCTTCAGTGATGAAGGTTCGCTGGAGCTCACAAATGTCTCTCCTCGGCGAGGACAGCTTTCTGAATGTTTTGATCTCAAATCCAGGTAGGACTACCCGCTGAACTTAAGCATATCATAAAAACGGGGGGGAGGNAGNNNNTTTATAANAAAGNAAANANNTNCNCCCCCCAAAAAAAAANAACGTGTNTTTNTTTTTTTTTNNANNNNAGGAANAATNTCCCTCCNNNAAAAAAAAAAAAANNNNNTTTTNTTTTTTTNANGNNNAAGNNNNNNTCNNTCNNCNNNNNNAAAAAAAGNNGCCGTNNGTTGNNNNNNGNGNNNAAGNAANNNNNNNCTNNNNNNNNNNANANANNNNNNNNNNTNNNNTNNNGGGGNNANNNNTANAGNNNNNCNNNNNNTNCTNNCCCNNNNNNNNNGGNNNCNNNNTNNNNNNNNNNNNTNTGCNNNNNNNNNNNNNCNTANNNNGNNNNNNNNNGNGGGTTTTTNNNNNNNNAGAN
k__Fungi,p__Basidiomycota,c__Agaricomycetes,o__Agaricales,f__Hygrophoraceae,g__Cuphophyllus,s__borealis,NNNNNNNNNNNNNNNNNNNTTANTCCTACTNNNNTANNGNGGNANNNATTATCCTAAGGACCGAGTTGTNGAGNNTCTTCATNGCATGAGCACGCCTTTCAACTCATATCGACCACCTGTGCACCTTTTGAAGACCTGGAAATAGATATGTCAAGGCAACTTGTATTTTGAGGGCTTTTGCTGATTTACTTGAAATCGGTTTCCCTTGCTGTTTCCAGTGTTCTATGTTTTATAATACACCCCTTAAAATGTTACAGAATGTCATTGATGGTCCTGTCGTAAAAAAGCATCGTCCTTTAAAAAATATACAACTTTCAACAACGGATCTCTTGGCTCTCGCATCGATGAAGAACGCAGCGAAATGCGATAACTAATGTGAATTGCAGAATTCAGTGAATCATCGAATCTTTGAACGCACCTTGCGCTCCTTGGTATTCCGAGGAGCATGCCTGTTTGAGTGTCATTAAATTCTCAACTTCATTCAGCTTTTGTTACTTGAATGTGGCTTGGATTGTGGGGGTTGTGCGGGCTTCTTTGAAGTCGGCTCCCTTTTAAATGCATTAGCGGAAAACCCTTGTGGACCGTCTTTGGTGTGATAATTATCTACGCCACAGCCGTGAAGCAGCTTATAAAATGGGACTTCAGCTTCTAAACCGTCCTNTTTAGAGGGACAGCACTTAATTGACATTTTGACCTCAAATCAGGTAGGACTACCCGCTGAACTTAAGCATATCATNNNNGGGGGGGGNGAAANCCCCCCGNGGTTGTTTTTTTTTTTTTTTTTAAGNNAGAAAGAAANCNNTTNCCCCAAAAAAAAAAAAGGGCGTGGTGGGNATAAANAAGGGATTTTTTNTTCCCCCCAAAAGGNNANTTATTTTTTTTGGTATATANAGGAGNGTTTCTTTTCCCCNAAAAAAAAAAAANGTGTTNTNGNTNTTTTTTNTAGGAGAAAAAAAACCCCCCCACAAAAGNNGNNNTTTTTNTTGGGGGNNNNNNANGNGGAGNNANATTTTCTCNNNNNANNNNNANNNANNAGCATGTGGTGGGNTTNTNTANAGGNGCGNATCNTNCTNNNCANAACANNANNNNNNNCNNNTNCNNNNNGTTGTTGGTGANGNAGNNNANNNTCACACANNNNCAANANNACNNNNNNNNATGATGTGNN
k__Fungi,p__Basidiomycota,c__Agaricomycetes,o__Russulales,f__Russulaceae,g__Russula,s__pelargonia,TCATTATCGTACATCGGGGGTGCGAGGGCTGTCGCTGACCCTTTAAAAAARGKCSKGSMMSSCCSRNCGSYYYCMAAMMWYCMWYYYMMCCCYTTKKGSMWYMCCSSSKGGGTYCCCYTTKSSGGGGGSTTGSSKTTTCMMMWWAAAMYYCMWWMYGGGKAAAAWGGTTTCYTTTTKSSSYYMMMMSSMAWYMAWAMMAMYTTYMAMMAMGG
k__Fungi,NA,NA,NA,NA,NA,NA,NNNNTNCNNANNTGACTGCGNNNTNTTATTGNACACACCTGCGGTTTTGTTGCCGGTCTCTAGAGAGCTGTCCACGCCNNNCATCTTTATATCTTACCTGCGCACTTTCGGATACCTCTCCACGTCCATCTTCCTTCTTCTAACTGACCAGGACGGCAACCAGCTGTCGGCATATATAATACCTACCGTTTTTCAGGAAAANTCTGAGATTCACTCNTCGANGAAGACCGCAGCGAATTGCTAAACGTAGAGTGAATTGCAGATNCTGGGAATCATCGATCATTTGTACGCACCTTGCGCTCCTTGNTATTCCGAGGAACACGCCTGCGTGAGTGTCATTAANATATCTCAACCTTCTCCGTGNTGAGAGCTTTGNATGTGTCTCTTTACCNCCCCNANNTGACGGANNNAGCGCCTCTNGAAAGCATTAAAACTAGTGGCCTGCTCCGCGNNGCGGTTCTTACANACGCGAATGAGCGCGNGTCTTGGATGAGCTACTCTCANAGCCCCTNTACGATANGACATTAGCAGCTGCCGAAAACCCGGTACGNCTACCCGCTTCAGATGAGNATATGTTNNNGGGGNNTTTTATATCCNNATAAGNNNCCNNGGAACTTTTGGGCCCGCCGACCTCACATCCAAAGATTAAAACTACGTGGGGGGGGGGTAATNCACTCTGNGTTTTTCCCCTTTCTTGGAACCTTTTGATCTCCACTCAGGCAAGACTACCCGCTGAACTTAAGCATATCANN
k__Fungi,p__Basidiomycota,c__Agaricomycetes,o__Russulales,f__Russulaceae,g__Russula,s__globispora,NNNNNNNNNNNGNNNNNTAGNTNNNNNNACTGNCNGGNANGNTCNTTATCGTATATTGAGTGTGTAAGGGCTGTCGCTGACCTTTAAAGGTTGTGCACGCCTAAGCCCTCTCACAATCCACCTCACCCCTTTTGTGCATCACCGCGTGGGTCCTCCCTTTGCCGGGAGGGCCTGCGTTTTTATATAAAACTTGACACAATGTAGAATGTTTTCTTTTTTTGCAATTATATGCAATCAATACAACTTTCAACAACGGATCTCTTGGCTCTCGCATCGATGAAAAACGCAGCGAAATGCGATACGTAATGTGAATTGCAGAATTCAGGGAATCATCGAATCTTTGAACGCACCTTGCGCCCCTTGGCATTCCGAGGGGCACACCCGTTTGAGTGTCGTGAAATTCTCAAAACCCCCTTTTCTTTGATCCTTTTTTGGGGTTTGGAAAAGGAGTTTTGGACTTGGAGGTTCGATGCTTGCCTTTCACTTTTGAAAGCGAGCTCCTCTCAAATAAATTAGGGGGGTCCGCTTTGCTGATCCTTAACGTGATAAGATGTTCCTACGTTTTGGATTTGGCACTGTCCTTTGGATGCCTGCTTCTAACTGTCTCACGGACAATGATGGTGCTCCGGTCACTACCATTTATATTGGGGGAAGGTGACCCCCNAANAAAATTAAAAACCTTGACCTCAAATCGGTTGAGACTACCCGCTGAACTTAAGCATNNNNNAACCNNNNNNNNNNAANAANAAANNNNTTGTTNTTTTTTTTTTTTTTTTTTNNNNCGGCCCCCCCNGGCGCANTNAAAAAAANAAAAAAAATTTTTTTTTTTTTATCNANNGNNGGCCCCCCCCCCCCAAAAAAAAAAAAAAAAAATTTTTTTTTTTTNNNNNNTNNCCCCNCCCCCCCGGCNNAAGAGAAAAGAAAAAAANAAATTNTTTTTTTATNNNTTNTGCCNCCCCCCCCCCCACCANAANNAANNNAAANNNNCNTTTTATNTTTTTNNNTTNNNNCGCCCNCCNGCNCACANNNAGAGNNAAAANANNANTATATTTNTTNNNTNNNNCTNNCCCCCCCCCCNCCAGAAGAAGNNAGAANN
k__Fungi,p__Basidiomycota,c__Agaricomycetes,o__Thelephorales,f__Thelephoraceae,g__Tomentella,NA,ATTACCGAATTGTCACACGAGTTGTTGCTGGTCCCCAGACCGGGGTCAGGTGCACACTCTGTTTACACATCCACCCACACCTGTGCATCCTCTGTAGCTCTATGGCCTGGGTGGGTTTGTCCCCCCTTGCTGTGGTTCTACGTATTTACACACACACTGCCATAAAGTCTCATGGAATGTTTGCCGCGTTTAACGCAATACAATACAACTTTCAGCAACGGATCTCTTGGCTCTCGCATCGATGAAGAACGCAGCGAAATGCGATAAGTAATGTGAATTGCAGAATTCAGTGAATCATCGAATCTTTGAACGCACCTTGCGCCCTTTGGCTATTCTGAAGGGCATGCCTGTTTGAGTATCATGAACACCTCAACTCCTCATGGTTTGCCATGATGAGCTTGGACTTTGGGGGTTTTGCTGGCCTATGGCTGGCTCCTCTCAAATGGATCAGCTTGCCAGTGTTTGGTGGCATCGCAGGTGTGATAAATATCTACGCTTGCGGTTTCTACCATATAGCCTTCAGCAATGAAGGTTCTCTGGAGCTCACAAATGTCCCTCCTCAGTGAGGACAGCTTTTTGAACGTTTGATCTCAAATCAGGTAGGATTACCCGCTGAACTTAAGCATATCAAT
k__Fungi,p__Basidiomycota,c__Agaricomycetes,o__Agaricales,f__Tricholomataceae,g__Tricholoma,s__frondosae,AAGCTTGGTTGGGTTGTTGCTGGCTCTGAGGGGCATGTGCACGCCTAACACCAACTTTCTTACCACCTGTGCACTTTTTGTAGACTTTGGAAAATACCTCTTGGTTTGAGGACTGTCGTGCGCAAGCCGGCTTTCCTTGCACTTTCCAGTCTATGTTTTATAATATACACCTATAGTATGTTTCAGAATGTCATTTAATGTTCTNTACTKCCTCTAAATNAACAAASANTCTTYCAACAACGGATCTCTTGNCTCTCGCATCGATGAAGAACGCAGCGAAATGCGATAAGTAATGTGAATTGCAGAATTCAGTGAATCATCGAATCTTTGAACGCACCTTGCGCTCCTTGGTATTCCGAGGAGCATGCCTGTTTGAGTGTCATAAAATTCTCAACCTTTTCAATCTTTTATTGNTTGAATTAGGTTTGGATGTGGGAGTCTTTTGCTGGCTTCTTCAAGAGGTTGNCTCTCCTCAAATTTATTAGCAGGACCTTTGTTGCTGTCTCAGYGTTAGTGTGATAATTATCTACGCTATTTTGCTGAAA
k__Fungi,p__Basidiomycota,c__Agaricomycetes,o__Agaricales,f__Inocybaceae,NA,NA,NNNNNNNNNNGNNGNNGNCTGCGGNNNACATTATTGAATAACATTTGATAGGCTGTTGCTGGCCCTTGGTAGTGTGCACGCTTGTCATTTATTTGTTTGTTTTTCCACCTGTGCACCTTTTTGTAGACCTTGNAATTTGANNACTGCTGTGCCGAGTGCCAGCTTTTCCTTGTCTCTCTCTAGGTTCAATGTTTTTCACATACTCCTACGAATGTAATAGAATGTTGATCTGNCAATAAAGTTATATACAACTTTCAGCAATGCATCTCTTGCCTCTCGCATCGATGAAGAACGCAGCGAAATGCGATAAGTAATGTGAATTGCAGAATTCAGTGAATCATCGAATCTTTGAACGCATCTTGCGCTCCTTGNTATTCTGAGGAGCATGCCTGTTTGAGTGTCATTAAATTCTCAACTGCACCGACTTTTGATTGGTGTGGCTTGNATTTGANATTGTGGGCTTTGTTGTGGTCTGCTCCCCTGAAATTGATTAGCAGTGCCTTGGTGGAACTGTCTACAGGTGTGATAATTATCTACATCATGGACATCTGCTTGAATGCTGCTTTTCTAAAACCTTACCTCNGNTGACAAATCTTGACCTCAAATCAGGTAGGACTACCCGCTGAACTTAAGCATATCANNN
k__Fungi,p__Basidiomycota,c__Agaricomycetes,o__Agaricales,f__Inocybaceae,g__Inocybe,NA,NNNNNNNNNNNNNTNNNNNNNTTAGAGGNNANGNCNAGNNNCTCTANNANAGANTGNTGGGNGNNAGTGGCCCCTTGATCTATGTGCACGCTTGTCTCATCTTTAATTTCTCCAACTGNGCACATTTTGTAGACCTGGNGCTTATTTGAATAATTTTCATTGTACGCGTTGGAGACTGCTGTGCTCTCATGNATGGTACTCATATGTGCCCTTTTGTAGTTTCCCAGGTCTATGTTTTTACCACAAACTCTTCAAATGTGGTTTATAATGGGAAATTCAGGTGCTTATTGTACCTATAAAAATGAAATATACAACTTTCATCACCGGATCTCATGGCTCTCGCATCGATGAAGAACGCATCGAAATGCGATAAGTAATGTGAATTGCATAATTCAGTGAATCATCGAATCTTTGAACGCATCTTGCGCTCCTTGGTATTCCGAGGAGCATGCCTGTTTGAGTGTCATTTTGACTTCTCAATTCCACATTGTTGTGTGGGGTTGGATGTGGGGGTTATCATTTTTTGCAGGCTTCTGATTGAGGTCGGCTCCCCTGAAATGTATTAGTGGTATCTGAGCTACTGCCATAGGTTTGATAATTATCTATGCCTTTGGTATGCTGCATGAACGGATTGCACTGCTTCTAACAAAGTTGGTTGTTGAACCACGTCTTGACGAATTTGACCTCAAATCAGGTAGGACTACCCGCTGAACTTAAGCATATCANNAAAAGGGGNGGGNAAAAACCCCCCAAAAAAAAAAAAAANNTTNNTTNTTTTAAAAGGAAAAANATCCCCCCANANAAAAAANNACTNGNNNNTTTTNNAGGNANNAANTNCCCCNCNNTCNACNAANNANNNGGCTNNTTTNNNNGGNNNANAAGNNTNCNNATCCCCANATNANNTGNNNTNTNTNNGGGGNNNNTNNANNAAANNNCCCCACNNNNNNGNNNNNNNNNNNNNNNNTNNNANNNANNNANNNNCCTCNNNNNNANNNNNNNGNNNGNNNTTNNNNGANNNNNNNNNNNNNCNCNNNCNNANNNNNNNNANNNNGNNTNNTTNTNNNNNANCAN
k__Fungi,p__Basidiomycota,c__Agaricomycetes,o__Agaricales,f__Inocybaceae,g__Inocybe,s__ochroalba,NNNNNNNNNCNNNNNNNNTCGTAGATGACTGCGGNANGNTCTNATNGAATAAACTTGAACAGGCTGCTGCTGGCCTCCTCATTTGAGGGGTGTAATGTGCACGCTTGTCATCTTTATCATCTCTCCAACTGTGCACATATTGTAGACCTGGAAGAAAGCTTTTGAATTCATTTTCGAGTTGGGACTGCTGTGCTTTTGATCAAAGTCGGCTTTGCCTTGAAATTTCCAGGTCTATGTCATTTTCACAACCTCTTGATATGTTTAGAATGTTGAACCATATAAAAAAATATACAACTTTCAGCAACGGATCTCTTGGCTCTCGCATCGCTGAAAAACGCAACGAAATGCGATAAATAATGGGAATTGCAGAATTCAATGAATCATCGAATCTTTTAACGCATCTTGCGCTCCTTGGTATTCCGGAGAACATGCCTGGTTGAATGGCATTTAACTTCTCTCAACTGCATCACTCAGNCTGATGTGGCTTGGACGTGGGGCTTGCAGGCTTTGAATGAANTCTGCTCCCCTGGAATGGATTAATGGNATCTGANCTGCCAATAGGTGTGATAATTATCTACTCCTTTTGGGCATGCTGGNTGTGCTGCTTCTAACAAACACTTGGTTGACAAATTTGANCNTCNAATTCAGGTANGACTACCCCGGNTGAACTTAAGCATATCTNNNGGGGGGGAGNAAANNATTTGNCTTGTCCACCCAAAANNNATGGGGANCCTGCTTATAAACGGANACGCATGGGCACAATTNAAATAGAACTATTTNGACCTCAAATCAGGGAANGACTACCCGCTGAACTTAAGCATATCAATNANNGGNAGGAANNTTTCNTCCNNANAAAAAGCCCNNNTNTTNTTTNTANNANAGANATNTCNCCCCCCCNAAAANACNCCTAGNTNTTNGNNNNAANANAAGATANNNCCNNNCNNNNAAANNNCNCNGTCNCTNNNNNNNNNANAGTACTTNNNNNNNCNNAANNNNNNNNNNNNTNNNNGNNTGANNNATNGATTNNCNCTCNCCACCAGANCACANNNNNCNCG
k__Fungi,p__Basidiomycota,c__Agaricomycetes,o__Cantharellales,f__Clavulinaceae,g__Membranomyces,NA,NNNNNTNNNNAGTGACTGCGGNGGTCNTTAACGAATTGNACTTGGGGGGTTGATGCTGGAAGCCGCCGTTTCATGTGCTCGCCCTCCCTAACAATCTTCATCCAAACCCACCTGTGCACATTTCGGGAGGGGGGTTTCTCCGAGTTTGATTGCCTGCCTGTTGTTGGTGATTTTTCTTTGGGGTTTTCCTTCCTCTTCTCATATACACTGCCTTTTACAACATTGAACGTGATTGTGCCGCAAGGCCTTTGTTGCAATACAACTTTTAACAACGGATCTCTTGGCTCTCGCATCGATGAAGAACGCAGCGAAATGCGATAAGTAATGTGAATTGCAGAATTCAGTGAATCATCGAATCTTTGAACGCACCTTGCGCTCCCTGGTATTCCGGGGAGCACGCCTGTTCGAGTGTCGTGAAATCATCAAGCTTGGGATGGTTTTCCGTCTTAAGCTTGGTATTGGGCTCTGCTGTGCCTTTCGTTGGAACAGCTGGCCTTAAAAGCATTAGCTGATCCTAATGTAGTATTGGTTCTGCTCAGCGNGGATAATGATCTTGACCGCTGGGAACACCTTTCTAGGTGGNCAATTCTCTCATCTGGGTTGCTTCTAATTTGGCTTTGACAGGTNTGAATCTGTTTGCCCTTCTGTTTTGACCTCGAATCAGGTGGGACTACCCGCTGACTTANNNTN
k__Fungi,p__Ascomycota,c__Eurotiomycetes,o__Eurotiales,f__Elaphomycetaceae,g__Elaphomyces,s__striatosporus,NNNNNNNNNNTNNNNNNNTTAGAGGAAAGAANAANNNCNCTAATGACAAGAGGNTTCCGCCCCCTTCCCGGGGGGTTGGGGGCCCAGACCTCCCACCCTTGTAGATTGTACCGTGTTGCTTCGGCGGGCCCGCCATGGTTGGCCGCCGGGGGGCTCGCGCGAGAGCTGCCCCCGGGCCCGTGTCCGTCGGAGATCTCCCTCGAAAAGCTACTGTGGTCAGGAATGCTGTCTGAGTGGTGACAAATTGATCAAACAAAAACTTTCAACAATGGATATCTTGGTTCCGGAATCGATGAAGAACGCAGCGAAATGCGATAAGTAATGCGAATTGCAGAATTCCGTGAGTCATCGAATCTTTGAACGCACATTGCGCCACCCGGCTTCCCGGGGGGCATGCCTGTCCGAGCGTCATTGCCATCCCCTCAAGCTCTGCTTGGCTTGTTGGGCCGGCGTCCGCCCGGGGCTTCGCCTCGGGGGGATGGGCCCGAAAGGCAGTGGCGGCTCCCGGAGGGTGGTCCTTTGGGTGGTGATACATGGGTGTCTTCTTCCACCGCTCTGCTGGCCACGCTCCGGGGGCCTGTCGAACGAACGGTCTTCCCCTTTAGGTTGACCTCGGATCAGGTAGGGATACCCGCTGAACTTAAGCATATCANAAAANNCCCCNGANAAAAAANCCNTTTTNTGTTTTTTTTTTTTAAAAAAAAAAAANCCCCCTCCCCCACAAAAANATCCCNGGGTTTTTTTTTTTNTAAAAAAANNNCNNNNNNNNNNCNNNNAAAAAANNCCCCCGGGNNTTTTGGGNNNNANNAAANNAANNNAAAANNTCCCCCCAAAAAAANAAAACNCNANNTNNTNTNNGNNNNNNANNAAAGAAAAAAAAAAATCCCCCCNNNNAAANANNNNNNNNNANTNTTTNNNNGNNNNNNNNNNNNNNNNNNNNNNNNTCTNCCCCCAAAAAAAAAANANNNNNNNNTTTNNGGTGGGGGNNNTTNTNNAGGNGGGGGNNAAAANANNNN
k__Fungi,p__Ascomycota,c__Pezizomycetes,o__Pezizales,f__Pezizaceae,g__Pachyphlodes,s__nemoralis,NNNNNNNANNNNTNGNNNNNTNCGNGGNGACTGCNNGNCCTCTAATNCNNAGTTCTTGTTTTTTGAGATATTTTTCCCAATTTCCCTTGTGTATCTGCTCCATGTTGCTTCCACTAGACAGGCATATATATTATTAAAAATTCAATTTTCAATAATATTTTTGCCCTTTTTAACCCCGTCAAGGGGCCGAAGAATAGTCGGTGGATAGCCTTGATCCAAGAAAACACTTTTAGATTTAGTCTGATAAATATAGTATTTTTTCTGAATAAAAAAAACTTTCAACAACGGATCTCTAGGCTCTTGCATCGATGAAGAACGCAGTGAAATGTGATAAGTAATGTGAATTGCAGAATCTCGTGAATCATTGAATCTTTGAACGCACATTGCGCCTAATGGTATTCCATTGGGCATACCTGTTTGAGTGTCAGAATCCTCACAATTATCAAACTGTTAAATATGTACTATTTATTTTTTTTATCAATAGACATATATATAATGATGTTTGGACTATAATTGAGAAAAGTAATATTTTAATAAATATTACTTTCTTAAAAATCAGGATGATTTTTGTTTTGATTTTTGATCAACTCATTTTGTATGCAATATAACAAATGAGTATGAATAAAAAAGCAACAATACTTTATTTTGGATGACCTCAAATCAGGTAGGGATACCCGCTGAACTTAAGCATATCATAAACCCNCGNNNGAAAAAAANNCNNTTTTTTTTTTTAAAGGAGAGAAAATCCCNCCCCCNCCANANACACNCCCNCNNGTTNGTTTTGGNGTTGAGNGAGANTCCCCCCCCCCCCNAAAANNCNCNNNCGCGTTNNNNTGANNNTATANAGGANTNTCCTCCCCCCCCACAANAAANNNCCNGCNNNNTNTGNGGNNNNNANNGGCANCACCNCNCNNCNCNAAAAANCCCGCNCCGGCGNCGNTGGTGTAATAAGANGAAAACACACTCCCCNNNNNCCAACNCNGCGCCCNCCTTCTNTGGTGGTGTTNTGTANANCANCCNACCNCCNCCCCCCACCACNNCNNCGCNCNCNCNCTGTNGTTNGTGCTTGGTTGTTGTAGNCGCANGCNNNAC
k__Fungi,p__Ascomycota,c__Pezizomycetes,o__Pezizales,f__Pezizaceae,NA,NA,NNNNNNNNNNNNNNNNNNNTCGTAGNGACTGCGGNNGNTCTTACTGNNNACTTTTCTAGTTTTTTATATCCCATTGTCTACCTACCATGTTGCTTCCACTGGACATGTTTTTACCTTGTGTAAGACCTTTTGGCTTGTGTGAATTAACCCAAGTCCGGAAGTTGCCAGTGGCAAGACTATTTACCAAAACTTGATTAAAACACATTGACTGAATCTTTTGCTTCAATAAAATAAAACTTTCAACAACGGATCTCTAGGCTCTTGCATCGATGAAGAACGCAGTGAAATGCGATAAGTAATGTGAATTGCAGAATCTCGTGAATCATCGAATCTTTGAACGCACATTGCGCCCTATGGTATTCCGTAGGGCATGCCTGTCTGAGCGTCAGCTCCCCCCAATCAAGTATCTGATTTTCTGATGCTTGGAATGCTTTGGAGAGGTGTCTTGTTATAGAGCCGCCCTCCAGAAATTAATAGGCAGTATGGTTTGCACCTGAACCAGACGTAATAATAATAAAATCGTTTGTTTGGGTATAATTGTGCTTGTCTTAACCCACCCATTTTTTTTTTCTTTGGGTGACCTCAGATCAGGTAGGGATACCCGCTGAACTTAAGCATATCATANANGGGNAGGAAAGTTGTTTAACNNANANAAANCTNNNCCTCNAAATCGNNAGGAGACTACNCGNTGAAACTAAAGCATATCATAAAACGGAANGANTNTNTNGTTTTTTTAGAAGNAAAANTNNTCNCCANAAAAGAAAAANNACTTGTGTTTTTTTTTNNGAGAAATATCTCCCCANNAAAAACAAGNTCNNNTGTNTTTTNATGNGNNNNNANANNNCTCCCTACNNANAAANNNNNNNNNGTNNNNNNNNAGAANNNNNTCCCTCNNNNCANAN
k__Fungi,p__Basidiomycota,c__Agaricomycetes,o__Russulales,f__Russulaceae,g__Russula,s__aurantioflammans,ACATACYGTACAAGCGGWGGTGCAAGGGCTGTCGCTGGCCTTCAAAGGTCGTGCACGCCCGGGCCCTCTCACAATCCATCTCACCCTTTGTGCATCACCGCGTGGGTCCCCTTTGCGGGAGGGCTCACGTTTTAACATAAAAACTCGATACAGTGTAGAATGTTTATTTTTGCGGTCACACGCGATCAATACAACTTTCAACAACGGATCTCTTGGCTCTCGCATCGATGAAGAACGCAGCGAAATGCGATACGTAATGTGAATTGCAGAATTCAGTGAATCATCGAATCTTTGAACGCACCTTGCGCCCCTTGGCATTCCGAGGGGCACACCCGTTTGAGTGTCGTGAAATCCTCAAAACCCCTCTTCTTTGGGAGTTTTGGAATTGGAGGTTTAATGCTCGCTTTTGCCTTTGAAAGTGAGCTCCTCTCAAATGAATCAGTGGGGTCTGCTTTGCTGGTCCTTGACGTGATAAGATGTTTCTACGTCTTGGATTTGGCATCGTCCCTGCTCCTAATCGTCTCATGGACAATGATGGTGCTTCCGGTCACCGCCATCCACATCGGCGGGAGGCTGGACCCACAAAGAGAAAACCTTGACCTCAAATCGGGTGAGACTACCCGCTGAACTTAAGCATATCA
k__Fungi,p__Basidiomycota,c__Agaricomycetes,o__Boletales,f__Boletaceae,g__Leccinum,NA,CATTAATGAATTTGGAGGCTGTCGCTGGCTAGGTGATTCTAGCATGTGCACGTCTACACTTTTAAACACACTTGTGAACCCATTGTAGATCGAGTCCATCGAAAAGTAGCATCGAACTACCTAATAGAGGGCTAATTGGCTTATCGAAAAGTAACCTAATAGAGGCTTATTGAAAAGTAGTGTGAACTACCTAATAGAAAGCTTACCGAAAAGTACCTAATAGAGAGCTAGTTGGCTTATCGAAAAGTGGTGAGAAACTACCTAATAGAGGGCTGAGTTGGCTCATCGAARCGTAGTTAATAGAGGGCTGGGTTGGCTTATCGAAAAGTATGAGGCTTATTGAAAAGTAGTGTGAACTACCTAATAGAAAGCTTAGTACCTAATAGAGAGCTAGTGGCTTATCGAAACAGACTACCTAATAGAGGGACCCAGAAGATCTATGTTTAATTTACACCACATCGTATGTCCAGAAAATATAATAAATTACAACTTTCAGCATGGATCTCTGTTCTCSNNNAWGAAAACGCAGCGATCGCGWAAGTATGTGATTGCAGATTTCAGTGATCATCGATCTTGACGCACTTGCGCCCTTGTATCCGAGGGCATGCTGTTGAGTGNCATTATCATCACTCATAKCTTGATAGCTTTGNCTGACTGAATGCTGCTGATCTTTTACCATGACAGATCTATACTATAGAGGAAAAGKAKCGCTGCCTA
k__Fungi,p__Basidiomycota,c__Agaricomycetes,o__Russulales,f__Russulaceae,g__Russula,s__olivacea,NNNNNNNNNNNNNNNNCTGCGNNANNTCATTACNCGTACAACCGAGGTGCAAGGGCTGNCGCTGACCTTCAAAGGTTGNGCACGCCCGAGCGCTCTCACACAATCCAGCTCACACCCCTTTGTGCATCACCGCGAGGGTCCCAGTGGCTGTAACGGCCCCAAGGTGGGAATGCGAGGCGATGTTTTCCCCAACGGAGTCCCGTGCTTGTGCGCCGAGTTCAAGACTGTCCCCTCCAGAAAACTTTGGTGTCCATCGTCCCCCACAGCGTAGGCTGTGGTCGGATTTGGAGTAATCGGTCCTTGTCTAGCCAGGGAAGCAATTCCGCAGCTAGCAGGACTCACCGAGTTGGTCTTAGGAGATCAGGGCACGTCATCTGTCGCGCGGGTGCGCCGTGTCCCTCGTAGACCTTTATACCTCGCGTTTTCACACAAACCTCTGATACAGTGTAGAATGTTATTTTTACCTTTTGCGGGCCACCGCCATTCATAACACTTTTCAAAAAGGANCTCTTGGNTCCCCCCTTCNNGNANAANNGCNNGGAATGGCATAANTAANGGGGANNGGCNNATTCAGGGGAATCTTGAATCTTTNNACGCCNCCTGGCCCCCTTTGNATTTCGGNGGGNNCCCCCGGTTTGNNNNNNNNAAAANCATAAAAACTTTTTTNTTTTTNATCCCAAATTTTNTTTTGGNNGGGNAAAAGATTTTGGNNCTTGNNGGTTTCATNNGNTCCCCTTNNTTTTGAAACCAACCTCNTTCTCAAAGNANNNNNNGGGGGTCNGTTTTNGCNATNNNTTNNGNNGTGNNAANGANGTTTNNNNNNNTTTNGGATTTTGGCNACNTGCCCCTTGGANTNCNNGNNNCCNAANCGGNCCCANNGAANAATGGANGGTNGNNNCGGGTCNNANCCNGCCNNNTACGGTTNGGCGGGGGGGNNGGCTGGGACCNNNNNAAAANNNAAAACCTTGGACCNNAAATTCGGGTGNNANNNANCCGNNNGAACTTANNNNNNNNNNNN
k__Fungi,p__Basidiomycota,c__Agaricomycetes,o__Boletales,f__Boletaceae,g__Leccinum,NA,NNNNNNNNNNNNNNGNTNNCTGCGGNGGTCATTANNGAATTTGGAGGCTGNCGCTGGCTAGGTGATTCTAGCATGTGCACGTCTACACTTTTAAACACACTTGTGAACCCATTGTAGATCGAGTCCATCGAAAAGTAGCATCGAACTACCTAATAGAGGGCTAATTGGCTTATCGAAAAGTAACCTAATAGAGGCTTATTGAAAAGTAGTGTGAACTACCTAATAGAAAGCTTACCGAAAAGTACCTAATAGAGAGCTAGTTGGCTTATCGAAAAGTGGTGAGAAACTATCTAATAGAGGGCTGAGTTGGCTCATCGAAACGTAGTTAATAGAGGGCTGGTTGGCTTATCGAAAAGTATGAGGCTTATTGAAAAGTAGTGTGAACTACCTAATAGAAAGCTTTAGTACCTAATAGAGAGCTAGTTGGCTTATCGAAAAGACTACCTAATAGAGGGACCCAGAAGATCTATGTTTAATTTACACCACATCGNATGTCCAGAAAATATAAATAAATTACAACTTTCAGCAATGNATCTCTTGGTTCTCGCATCGATGAAGAACGCAGCGAATCGCGATAAGTAATGTGAATTGCAGATTTTCAGTGAATCATCGAATCTTTGAACGCACCTTGCGCCCCTTGATATTCCGAGGGGCATGCCTGTTTGAGTGTCATTTTATCATCAACTCATTAGTCTTTGATTAGGCTTTTGNGCTTGGACTTGNGAATTGCTGGNTTGATCTTTTTTACCCATTGAACAGTATCTAATACTTAATAGAGGGAAAAAAAGTGTAGTCGGGCTGTCCTTAAATGCATTAGCGAGTGTTAGTCTACATGGNNACGGCCTCTTGACGTGATAATGATCGTCGNGGGCCTNNAAGTGTAGTGTCTGNTTTCTAANCATTGATTGCGTGCATACGGCCCATAAAAGCTNNNAGCGCAACGNNCCCCCCCTACTNATGTGCANTACGGGNCCCCTAANNGNNTNNNNNNCATAGNNNGNNNAANNGGNNNATTNNGNNCCTCAAATNNNGGNAGNNCTACCCGNNTGAACTTNANCCATNATNNNN
k__Fungi,p__Basidiomycota,c__Agaricomycetes,o__Agaricales,f__Inocybaceae,g__Inocybe,s__silvae-herbaceae,NNNNNNNNNNNNGNNGACTGCGGNANNTCATTANTGNAATAAAGGCTGTTGCTGNTCCTCACTGAGGACATGTGCACGCTTGTTGTTATTTTTCCAACTGTGCACATATTGTAGACCTGGAAGTCTCTTATTGTTGGGATAGATTGAGGACTGCCAAATGCGGCTTTGCCTTGTATTTCCAGGTCTATGTTGTAATACAAACGAATGAATGTCGAGTACTGGGGAATATGAAATAATAATACAACTTTCAGCAACGGATCTCTTGGCTCTCGCATCGATGAAGAACGCAGCGAAATGCGATAAGTAATGTGAATTGCAGAATTCAGTGAATCATCGAATCTTTGAACGCATCTTGCGCTCCTTGGTATTCCGAGGAGCATGCCTGTTTGAGTGTCATTAAAAGTTCTCAACCACTCTGGGTTCTTTCTGGTGTGGCTTGGGATTTGAGGGGTTTTGCAGGCTTTTTAACTGAAGTCGGCTCCCTTGAAAAAGGATTAGTGGGTGTCTGAGCAGAAAGCCACCGTTGGGTGGTGATAAATTTATTCTTATGCCCTTGGGTGAAATGGCCTGACCAACAAAAAGCTTGTTTGTGTTTTTGAACAAAATTTTGACCTTCAAAATCAAGTTAGGGACTACCCCGNCTGAAACTTTAAGCNNNNNNNAANNNGNNNAAAAAAAAA
k__Fungi,p__Basidiomycota,c__Agaricomycetes,o__Agaricales,f__Cortinariaceae,g__Cortinarius,s__infractus,AATAAACCTGATGGGTTGTTGCTGGTTCTCTAGGGAGCATGTGCACGCTTGTCATCTTTATATCTCCACCTGTGCACTTTTTGTAGACCTGGATAATCTTTCTGAATGCACTTGCATTTCAGGTTTGAGGAATTGACTTCATGTCTCTCCTTACATTTCCAGGCCTATGTTTCTTCATATACCCCTATGTATGTTTCAGAATGTAACAGGATGGGCCTTTTGTGCCTATAAATATATACAACTTTCAGCAACGGATCTCTTGGCTCTCGCATCGATGAAGAACGCAGCGAAATGCGATAAGTAATGTGAATTGCAGAATTCAGTGAATCATCGAATCTTTGAACGCACCTTGCGCTCCTTGGTATTCCGAGGAGCATGCCTGTTTGAGTGTCATTAATATATCAACCTCTTCGGCTTATGCTTGTTGAGTGTTGGATGGTGNGGTTTTGCTGGTGTCTTATGAAGTCAGCTCCCCTGAAATGCATTAGCGGAACAATTTGTNGACCGTTCATTGNTGTGATAAAATATCTACGCTATTGATGTCAGTCAGTTCAGCTTCTAACAGTCCATTGACTTGGACAAATTTTCATTANTGTGACCTCAAATCAGNTAGGACTACCCGCTGAACTTAAGCATATCAA
k__Fungi,p__Ascomycota,c__Pezizomycetes,o__Pezizales,f__Tuberaceae,g__Tuber,s__anniae,NNNNNNNNNNNNCNNNNNNNNNNCGNGGGACTGCNNGNNNTCTCTACANANGNGTGGGATGGCAATCGGGCCCCCAAGCAAACACATCCATGTGTACACTCCCATGTTGCTTCCCCAGATCAGTGGCCACTGCTGCCAGCCCACCCCCTTGATTGGGGTCCTGGGTTGAGGTGTCTGGGGAAGGGCCCAATAACAAACCTTTGAACCAATTAGTTGTCTGAGTAGGCCACCCGCCGCAATCTTTAAAACATGTTAAAACTTTCAACAACGGATCTCTTGGCTCTCGCATCGATGAAGAACGCAGCGAAATGCGATAAGTAATGTGAATTGCAGAATTCAGTGAATCATCGAATCTTTGAACGCACATTGCGCCCTTTGGTATTCCTTAGGGCATGCCTGTTCGAGCGTCACTAAAAACCCCCTCACAGATAATGTGGTATTGGTAGAAGTGAACGGTACTTACATTACCTTGTCTCACTCTGCTGAAATGAATAGGCCAGAGAAGTGGACCCATGGTAATTGACTCCAGGAGTGTTTTTCAATGCTAAACTAGTCTTTACCCAAGTCAAGTTCTGAGCTACCGGACCCCCATTAAGTCCAAAACAGAGTGGTTGACCTCGGATCAGGTAGGGATACCCGCTGAACTTAAGCATATNANNNNCCGGGGGGGANANAAAAAAATNNNTGGNNNTTACCCGGTGNGANTTTAACCCATNTCAATAAAAGGGNGGGGGGGANTTTTTGGTNAAAAAAACCCCCCCCCCCCCCCNAAAAAGGGCGCGGGTTTTTTGGGNTTTTTNNAGGNNNAANNTCTCCCCCATAAANANCNGNGTTTTNNNNNNTTTTNGGGNGANANTCCCCCCCNNAAAAANAGNCAGGTGTNTNTNNNNNNNANANNNGNANATTNTCNCCCCACANAAANGGCNNNTGTTTNTGGNNTTTTNNANAGGGNNNATNCNCNCCCCCANAANNNNCNCNNNNTNTNNNNNNNTNTTAGNNAGGANNNNTCTNCTCCCCNNNNAAANNNNNNNNTNNNNTNNNNNTNTNGAGNNAAAANANNCNCNNNNNNNNATCNANANNNNNNNGTGTNTNTNTNNNNNNN
k__Fungi,p__Basidiomycota,c__Agaricomycetes,o__Agaricales,f__Inocybaceae,g__Inocybe,s__cincinnata,AMACTTGAACAGGCTGNTGCTGGCTCTCCCTCTGGAGTGTGTGTGCACGCTTGTCTCATCTTTATTATTTCTCCAACTGTGCACATTTTGTAGATCCTGGGAAAGGCCTTTTATGAATGTTCTCATTCGAGTAGGGACTGCTGTCGCTTTTCTTTGAAAGGCCGGCTTTGCCTTTTGTGCCTCCGGGTCTATGTCATTTTCCACAACCTCTCAAAACGAGTTTAGAATGTCTTATTATGTGAAATATACAACTTTCAGCAACGGATCTCTTGKCTCTCGCATCGATGAAGAACGCAGCGAAATGCGATAAGTAATGTGAATTGCAGAATTCAGTGAATCATCGAATCTTTGAACGCATCTTGCGCTCCTTGGTATTCCGAGGAGCATGCCTGTTTGAGTGTCATTTGACTTATCAACCGCTTCATGGTGAACATGGACGTGGCTTTGGATGTGGGGGTCTTTGCAGGCTTTTTTGAATCTGAAAGGTCGGCTCCCCTGAAACGCATTAGTGGCATCTGAGCTGCTACTATAGGTGTGATAAATTATCTATGCCTTTGGTATGCTGCATGAAYGGATTGCGCTGCTTACAAYGAYGAAAA
k__Fungi,p__Basidiomycota,c__Agaricomycetes,o__Agaricales,f__Entolomataceae,g__Entoloma,s__sericatum,TTGGGTTGCTGCTGGCTCTCCGGAGCATGTGCACACTCACTCCATCTTTAACCACCTGYGCACATACTGTASGCCTGAATGACATTTTTCGAGGAAACTCGGTTTGAGAACTGCTCCGCTGTTCTTGCATTTCAGGTCTATGTTTTTAAACATATACTCCATAGCAAGTTATAKAATGTTAATTATGGGCCTTCTGTGCCTTTAAAACCTAATACAACTTTCAACAACGGATCTCTTGGCTCTCGCATCGATGAAGAACGCAGCGAAATGCGATAAGTAATGTGAATTGCAGAATTCAGTGAATCATCGAATCTTTGAACGCACCTTGCGCTCCTTGGTATTCCGAGGAGCATGCCTGTTTGAGTGTCATGAAATTCTCAACCTTTCTGGCTTTTAAATAAGCTGGTCAGGCTTGGATTATGGGAGTTGCTGGTTTCTTTGAGATCCGCTCTTCTTAAATGCATTAGCAAAATTCTTGCTGGCCATCTTTGGTATGATAATTATCTATATCATTGAGACACAGCTTCTCCACTTCTATGGGATTTCAGGCTCTGCTTGGATGTTTATCTCCAAGTGTTCGATTCAACCGATCTGAAGCACTAGCTTAGGCACAGACGTTAACTCGTTTGATGGTGTTGAATACTTCAGGTTGACGAAGCGCGGCGTTCCTAGGAGCGCTCACGAGAGCAAGCAGCATCATTGATGTGTGCACTGTCATATTCCTGTACCTGCCCTAGCTATTACGTGGCTTTTATGGGTCTGGNCAAACCATGACCTGAACATAACCTTAGTGGGAGGATCTTGCTTCTAATATAGTTCATATGAACATTTTTGACAATTTGACCTCAAATCAGGTANNACTACCCCGCTGG
k__Fungi,p__Basidiomycota,c__Agaricomycetes,o__Agaricales,f__Hymenogastraceae,g__Hebeloma,NA,NNNNNNNNNNNNCNNNNNNNNNNAGAGGNNNACANNNCNNNNNNCCTCTAATGANNNGAANTTGNTGTGGTTGTAGCTGGCCTTCTTTGGGGGCATGTGCACACCCACCATCCTCATCTCTCCACCTGNGCACATCTTGTAGATTTGGATTGACTTTCCGAGGCAACTCGGTCGGGAGGACTGCTGGCGCTAGCTAGCTTTCCTTGCATTTCCAAGTCTATGTTTTTCATATACCCCATTGTATGTAACAGAATGTAACACTAGGCCTTTGTGCCTATAAAACTTATACAACTTTCAGCAACGGATCTCTTGGCTCTCGCATCGATGAAGAACGCAGCGAAATGCGATAAGTAATGTGAATTGCAGAATTCAGTGAATCATCGAATCTTTGAACGCACCTTGCGCTCCTTGGTATTCCGAGGAGCATGCCTGTTTGAGTGTCATTAAATTCTCAACCTTTATCAGCTTTTGTTGATGATGGCTTGGATATGGGGGTTTATTTTGCTGGCTTCTTCACAGATGGTCAGCTCCCCTTAAATGCATTAGCCGGTGCCCCGCGTGGACTGTCTATTGGTGTGATAATTATCTACGCCGTGGACATCTGCAATTATATGGGTTTGCGCTGCTTCCAATCGTCTGTTAACTCAGACAATACATGACAATTTGACCTCAAATCAGGTAGGACTACCCGCTGAACTTAAGCATATCNNNTNCNCCGGGGGGGAAANAANNNNNTTGNTTNTTTTAAANNNNAAGAAATTCCCNCNNAAANNGAAAAAAGNACNTNGNTNTTTTTNNNANGAAANAAAANTCCNCCTACANCNANCAANNANCNCGGNGNTTTNNGGGNAAATANNGNCCCNNNTCNCCCNNAANANNNNNNNNTTTTNGGGNANNNNNNNNAGCNANNNNNN
k__Fungi,p__Basidiomycota,c__Agaricomycetes,o__Agaricales,f__Hydnangiaceae,g__Laccaria,NA,NNNNNNNNNNNNGANGNNATNNGTNANAGTANATTANTGNATANNCTGACGTGACTGTTAGCTGCCTTTTCAAAGCATGTGCTCGTCCATCATCTTTAATCTCTCCACCTGTGCACATTTTGTAGTCTTGGATACCTCTCGAGGCAACTCGGATTTTAGGATCGCCGTCCTGTACAAGTCGGCTTTTCTCTCATTTCCAAGACTATGTTTTTATATATATACACCANAGNATGTGTAAAGAAAGTGACNAATAGANACTTGTGTCCTATANAATNATACACCTTTCAGCANNGGANCTCTCGGGNCTCGCATCGATGAGNANCGCACNGCNNNNNGNNANNNNNNGTGAANNGCGGANNNCAGNGNNTCNNNGAATNTNTGNNNNCGCCNNGCGCTCTNNGNGATACNGAGNNGNATGCGTGTGTGAGTGTGNNNCACTNCTCANNTNCNAGNTCTNNTANANNNNNNNNANNNNNNGTGTGGNTNGCACNCTCNNNTCNNNGATCAGNTCTNNNNNNTGCGNNNNNGCGNCTCTTGNNNGNNGTGTNNANNNNTNNNANNNNNTATGNNNNGNGTGTGNNNNNNNNNCTNNNNNNNNAGNNCNNNNNGNGTANNNACNNNNGCNNNNNNNGNNNNNNNGNCNNNNNNNNNANNNTANNNNNNNGNNNNNNNNNNN
k__Fungi,p__Basidiomycota,c__Agaricomycetes,o__Agaricales,f__Inocybaceae,g__Inocybe,NA,TTATCGAATARRCTTSMTCAGNGCTGWTGANTGGTCTTCTTGTGGGGACATGTGCACGCTTGTCATCTTTATCATTTCTCCAACTGTGCACGTATTTTGTAGACCTTGGGGGGAATGGAATTCGTTCCGAGTGGGGACTGCTGTGCTTCAAAAAAAATAGAGGTCGGCTTTCCCTTTGAAAGGTCTATGTCATTTTTTCACAACCAATGTGTCTAGAATGTTGTAATGAATAAAAGTTATAAAAAACAACTTTCAGCAACGGATCTCTTGGCTCTCGCATCGATGAAGAACGCAGCGAAATGCGATAAGTAATGTGAATTGCAGAATTCAGTGAATCATCGAATCTTTGAACGCATCTTGCGCTCCTTGGTATTCCGAGGAGCATGCCTGTTTGAGTGTCATTTTGAACTCTCAAAGCCYCACGTTTTGACGTGGCTTTGGACTTGAGGGCTTTTGSMAGSYTTTCRWTMARARMSYSTGCTCYCKTGAAWMTCATSWGKGATATSTGGMGCGAAAAGCKMTATGTGTAGATAAYAYACATMTRTGTCTGTGTATRTGCCGYGTAAWGTGCKCTGCTTCCAGCGCCCYRYGCTCTKWSACAMACKTGMYCTMAWMWSATRKARSWCTACGCGCTGCWCWTA
k__Fungi,p__Basidiomycota,c__Agaricomycetes,o__Russulales,f__Russulaceae,g__Russula,s__laeta,NNNNNNNNNNNNCNNNNNNNTAGGTANGCNNACTGNCNNNANGATCNTTATTGTATAGCCGAGGTGGCAAGGGCTGTCGCTGACCTTTCAAAGGTTGTGCACGCCCGAGCACACTCTCACACATCCATCTCACCCCTTTTGTGCATCACCGCGTAGGCCCTCCCTTTGCAAGGAGGGCTTGCGTTTTCACATAAAAACTTTTGATACAGTATAGAATGTTCTTTTTTATTTTGCGGTCACACGCAATCAATACAACTTTCAACAACGGATCTCTTGGCTCTCGCATCGATGAAGAACGCAGCGAAATGCGATACGTAATGTGAATTGCAGAATTCAGTGAATCATCGAATCTTTGAACGCACCTTGCGCCCCTTGGCATTCCGAGGGGCACACCCGTTTGAGTGTCGTGAAATCATCAAAAACCCTTTTTCTTTGAAAAGGATTTTTGGACTTGGAGGTTTCATGCCTTGCTTTGGCCTTGAAAGGGGACCTCTCTCAAAATAAATAATGGGGTCCGGTTTGCTGGATCTTAATGGGAATANATGGTTCTACATTTTGGNATTAANACTTGTCCCTTGGGATGCCTTGCTCCTAANCTGTCTTTTGGGACAATGATGGGTGCTCCGGGTCATCGCCATCTACATTTGGGCGAGAGGCTGGGACCCACAAAAAAAAACCTTTGACCTCAAATCGGGGTGAGACTACCCCGCTGAACTTTAAGCATANCNNNANNGGGGGGGGAANNAANNTNCCCCCAAAATAGACAACAAAAAAAAAAAAAATATNTTNTTTTCTCGGGGGGGNNNNCGGGAAAAAANANAACATAAAAAAANNNTTTTTTTTTTNTTTTTNCNGNCNCCNCCCACAAAAACATANATATATATTNTTNTTTTNTTTTCTCTTNNGNCGCGCGGGCNAANANAANNNAAAAAAAAAANNNTATTTTTTTCTCTNTNNNNNCCCCGCACANAAAANGNANACAATTTANATATANATTNTCTTCGTGNTNTNNCNCNGGNGGGNGNAAGNCAN
k__Fungi,p__Basidiomycota,c__Agaricomycetes,o__Agaricales,f__Cortinariaceae,g__Cortinarius,NA,NNNNNNNNNNCTTNNNNNNNTTCGTAGGTGACTGCGGNNGATCATCTANTGANATGACCTGATGGGTTGTTGCTGGTTCTCCAGGGAGCATGTGCACACCTTGTCATCTTTATATCTCCACCTGTGCACTTTTTGTAGACCTGAAAGGGTCTATGTTGCTTCATTTTACCCCAATGTATGTTAATAGAATGTTGTACCTATATAATATATACAACTTTCAGCAACGGATCTCTTGGCTCTCGCATCGATGAAGAACGCAGCGAAATGCGATAAGTAATGTGAATTGCAGAATTCAGTGAATCATCGAATCTTTGAACGCACCTTGCGCTCCTTGGTATTCCGAGGAGCATGCCTGTTTGAGTGTCATTAATATATATCAACCCTCTCTCTTGTATTGAGTGGGTTTGTATGTGGGGGTTTGCTGGGCTCTTTTTTTTCAAAAAGAGGGTCAGCTCTCCTGGAATGGATTAACAAAACAACCTGGTCATTGGTGGGGAAACTATCTGGGGCATTGAATGGGAGGGGCANTTTCGCTTTCTAACAGTCTTTGGACAATTCCTCNTTTATGGGGCCTCCAATCCNGTAAGACTACCCGGTGAACTTAAGCTANANGGGGGGNNNNNGNNGNNGNNNNNCCCCTTTTTTTGGTTTTTTTTAAAAGAAGAAATTTTNNNNAAAAAAAAAAAAAATTTTTGGTTTTTTTTTGGGAAAAAAAAACCCCCAACCCCCCCCCAAAAANNNNGGGTTTTTTTTGGTNTTTTTGGGAGANNNNNTNNNNNNAAAAAAAANNNNGNGGTTTTTGTGGGGTGNGAANATTCCCNCANANNNNCCAAAAACCCCGGNGNTTTTTGGGGGGGGNNGTGNTTNTCCAAAAAAAAAACACNANNCCCCCCTCNNNAATAAAAGAGGAAGATTTTTTTTTTTTTTNNANANNANANNNNNNNNANNNNTNCNCNCNNNTAANANAANNANNANNNANTNTCCTNNTCTTTTTNTATAAAAGAGAAAAANANNNNTCTCTCCCCNCCCCNNNAAAAAAAAAAANCACCTNTTTCTGNTGTTNTTNTNATATTATAAAAANGAAAAGAGGNNNNACTCNCTCNCCNCCC
k__Fungi,p__Basidiomycota,c__Agaricomycetes,o__Agaricales,f__Cortinariaceae,g__Cortinarius,s__subexitiosus,CTGCGGAGGATCATTATTGNAATAAACCTGATGGGTTGTTGCTGGTTCTCTAGGGAGCATGTGCACGCCTTGTCATCTTTATATCTCCACCTGTGCACTTTTTGTAGACCTTTCAGGTCTATGTTTGCTCATTTTACCCCAATGTATGTCGATAGAATGTTGTGCCTTTATAATGTATACAACTTTCAGCAACGGATCTCTTGGCTCTCGCATCGATGAAGAACGCAGCGAAATGCGATAAGTAATGTGAATTGCAGAATTCAGTGAATCATCGAATCTTTGAACGCACCTTGCGCTCCTTGGTATTCCGAGGAGCATGCCTGTTTGAGTGTCATTAATATAATCAACCTTCTCTTCTTGAGTTGGCTTGGATGTGGGGGGTTTTTATATGCTGGCCTTTCCAAAGTTCAGCTCCCCTGAAATGCATTAGCAGAACAACCCTTGTTCATTGGTGTGATAACTATCTACGCTATTGGATGTGAGGGGGCAGTTCAGCTTTCTAACAGTCTTCGGACAATTCATCATTTAATGTGACCTCAAATCAGGTAGGACTACCCGCTGAACTTAAGCAT
k__Fungi,p__Basidiomycota,c__Agaricomycetes,o__Thelephorales,f__Thelephoraceae,NA,NA,NNNNNNNNNNAGNNNNNNNNACTGACAGNNNGATNATTACCGAATTGTTNGACTCGACTTGGTGCTGGTCCTCAGATGGGGGCATGTGCACGCTCTGTCTACACATCCACTCACACCTGTGCACCCTCTGTAGTTCTGTGGCCTGGGCGACTCTGTCCCCTTGCCGTGGTTCTGCGTCTTTACACACACACCGTAACAAAGTCTTGTGGAATGTGCACCGCGTTTAACGCAATACAATACAACTTTCAGCAACGGATCTCTTGGCTCTCGCATCGATGAAGAACGCAGCGAAATGCGATAAGTAATGTGAATTGCAGAATTCAGTGAATCATCGAATCTTTGAACGCACCTTGCGCCCTTTGGCTATTCCGAAGGGCATGCCTGTTTGAGTATCATGAACACCTCAACTCTCATGGTTTGCCGTGATGAGCTTGGACTTTGGGGGTCTTGCTGGCCTATGGTCGGCTCCTCTCAAATGAATCAGCTTGCCAGTGTTTGGTGGCATCGCGGGTGTGATAACTATCTACACTTGTGGTTTTCCACCAGATAACCTTCAGTGATGAAGGTTCGCTGGAGCTCACAAATGTCTCTCCTCGGCGAGGACAGCTTTCTGAANGTTTGATCTCAAATCAGGTAGGACTACCCGCTGAACTTAAGNNNNNNNNNNNNNNNGNNNNNNNNNNNNGANNAAAAAAAAACAAAAAAAAAAAATTNNTTTTTTTNNNNNCNCNCCCNNCNCCCNAAAAAAAAAAAAAANAATTTTTTTTTTTTTTTNNNGCCNCCNCCCGCCCCCANAAAAGNAGAGAGAAAAATTTTTTTTTTANTNNNCCCCCCCCCCCCCCCCANNNNAANNANNNNNNAANAATTTTATTTTTTTNNNTGTNCCNNNNNGGGGGGNAAAGNNNAAANNAAAATTTTTTTTTTTTNTNNNNNNCCCCCCCCCCCCCCAAANAANANAAAAANNATNTTTNNNNTTTTNTTTNTNNCNNCNGNGGGCNNNNGGGGGNNGNNNNAAAANAANANATNTATNTNTNTTTNNNNNCNNCNNNCNNNNNNNNNNCGNCANNAAGAAAAANNAANNGTNTTATCTCTTTNNNTNN
k__Fungi,p__Ascomycota,c__Pezizomycetes,o__Pezizales,f__Pezizaceae,g__Peziza,NA,NNNNNNNNNNNNTNGNNNNNNNTNCGNNGTGACTGNNGGATGNTNCTTATTGANNNANTATGTTAGTTTTTTATATCCCATTGTTTTATCTACCCTGTTGCTTCTACTGGACTGTTTTGCTTGGAGGTAAGATTTATAAACCTCTAGGTAAAACCTCAGGCTTGTGTGAACCACACTTTCCAGAGAGCTGCCAGTAGCAAGACCACTTGCTAAAACCTGTTGTGAAATATATAGTCTGAATTTTGTGTCTTGAAAATGAAATAAAACTTTCAACAACGGATCTCTAGGCTCTTGCATCGATGAAGAACGCAGTGAAATGCGATAAGTAATGTGAATTGCAGAATCTCGTGAATCATTGAATCTTTGAACGCACATTGCGCCCTATGGTATTCCATAGGGCATACCTGTTTGAGCGTTAGCTCCCCATATTCTCAAGCATTATTTTGTAATGCCTGGATTTGTTTGGAGAGGCACCTCTATCATAGAGGTACCCTTCAGAAATGTATATGGCAGTATAGTTTATATCTGAACCAGGCGTAATAATAATAAAGTCGCTGAGTTTACCATATTTATACTTGCCTGAACCCACCCATTGTTAAATCGGGTAACCTCAAATCAGGTAGGGATACCCGCTGAACTTAAGCATATCATAAAAGGGGGNNNGAAACCCACAAANCCGGGGNGNNTGGGGNGGNAANAGAGAAAAATATCCCCCCANAAAAAAAAACGTGTNTTTTGTTNNAAGAAAAAAANACACCCCCCCNNNAAANANACANTGTNNTTNTTGTTGNNAAGAGANANNNCNNCCCCANCAAAAAACNGCGNGTNTNTTTGTGNNGAANNANNCNNCANNNNNCNNCNNANANNNNNGNNNNNNNNNGNGGGAGTANGNCNNNNNANACNCACNCNNAAATGGNGNNTNTGNGTGGGANNNNNAGCANAACTNNNCCCCCNCNNAANGTNNNNNGTNNNNGNNTNGNNNNNNGNNNNNNNNCNNNCNNNCNCANNATNNNNTNTNNNNNNNNTNNNNNNCGANNNNANACANNACNCCTCNCNANNAANCNNNNNGANNNNTNNNNTNNNNGTNNNNNNANNNAN
k__Fungi,p__Basidiomycota,c__Agaricomycetes,o__Agaricales,f__Cortinariaceae,g__Cortinarius,NA,GYTGAGTTCTCTAGGGAGCATGTGCACGCCTTGTCATCTTTATATCTCCACCTGTGCACTTTTTGTAGACCCTCCAGGGTCTATGTTGCTTCATTTACCCCCAATGTATGTTAATAGAATGTTGTGCCTATTTAATATATACAACTTTCAGCAACGGATCTCTTGGCTCTCGCATCGATGAAGAACGCAGCGAAATGCGATAAGTAATGTGAATTGCAGAATTCAGTGAATCATCGAATCTTTGAACGCACCTTGCGCTCCTTGGTATTCCGAGGAGCATGCCTGTTTGAGTGTCATTAATATATATTATCAACCTTCTCTTGTTGAGTGGTTTGGATGTGGGGGTTTGCTGGCCTTGTAAAAGGGTTCAGCTCTCCTGAAATGCATTAGCAGRAACAACCCTGTTCATTGGCGTGATAACTATCTACGCTATTGAATGTGAGGGAAAGTTCAGCTTTCTAACAGTCCTTGGACAACTCATCATTAATGTGACCTCAAATCAGGTAGGACTACCCGCTGAACTTAAGCAT
k__Fungi,p__Basidiomycota,c__Agaricomycetes,o__Agaricales,f__Inocybaceae,g__Inocybe,s__pseudodestricta,TATTGAATAAAATTGAACAAGGCTGTTGCTGGCCTCTCGGTTGTGCACGTCTTGTCTCATCTTTATCATTTCTCCCACTGTGCACATTTTGTAGACCCTGGAGTCTTTGGAATTCATTTTTCGTGTTGGGACTGCTGTGCTTGAAAGTCGGCTTTGCCTTGCATCTCCAGGTCTATGTTTTCATATAACCTCTCTGTTTGGAATGTTCCTATAATAAAAGTTATATACAACTTTCAGCAACGGATCTCTTGGCTCTCGCATCGATGAAGAACGCAGCGAAATGCGATAAGTAATGTGAATTGCAGAATTCAGTGAATCATCGAATCTTTGAACGCATCTTGCGCTCCTTGGTATTCCGAGGAGCATGCCTGTTTGAGTGTCATTCAAAACTTCTCAACCACATTGAATGATGTGGCTTGGATTGTGGGGGTCTTTTTTTGCAGGCTTTCTCAAGAAGGTCGGCTCCCCTGAAATGCATTAGTGGTATCTGTGCTACTATGGTGTGATAAATTATCTATGCCTTTGGTATGCTGCATGAACTGCTTCTAATTTATATCATGAATTTGACCTCAAATCAGGTAGGACTACCCGCTGAACTTAAGCATATCW
k__Fungi,p__Basidiomycota,c__Agaricomycetes,o__Agaricales,f__Inocybaceae,g__Inocybe,s__subpaleacea,NNNNNNNNNNNNNNNNNNNNNNNCGTAGTGACTGNCGGNANNNNTCCTTATTGAATAAACTTGAACAGGCTGTTGCTGGTCTCTCACTGAAGGGGCATGTGCACGCTTGTCATCTTTATTTTTCCAACTGTGCACATATTGTAGACCTGGAGTTGTATCTTGTTGATTCATTTCGAGTTGGCACTGCAGTGCTTTTGTAACAAAAAGTCTGCTTTGCCTTTTGGCTTTCCAGGTCTATGTCATTTTTCACAACCTCAGATGTGTTTAGAATGTTGAATCAGGTCATTTTATGTACCTATAAAAAGTTAAATATACAACTTTCAGCAATGGATCTCTTGGCTCTCGCATCGATGAAGAACGCAGCGAAATGCGATAAGTAATGTGAATTGCAGAATTCAGTGAATCATCGAATCTTTGAACGCATCTTGCGCTCCTTGGTATTCCGAGGAGCATGCCTGTTTGAGTGTCATTTCAAGTTCTCAAACCGCATCAATGATTTCTTGTTGGTGTGGCTTGGATGTGGGGGATTATTCATTTTTGCAGGCTTCTGTCAAGGAGGTCAGCTCCCCTGAAATAGATTAGTAGTATCTGAGCTACTTACAGGTGTGATAACTATCTATGCCTTTCAGTATGCTGCATAAACAGATGGCACTGCTTCCAACAAGTGAAGGGTCTCGAGAAGGGATTCCACATTTGACAAATTTGACCTCAAATCAGGTAGGACTACCCGCTGAACTTAAGCATATCANNNNNGNGGNGGNANAAA
k__Fungi,p__Basidiomycota,c__Agaricomycetes,o__Gomphales,f__Gautieriaceae,g__Gautieria,s__globispora,NNNNNNNNNNNNNNNNAGNTCNTNNNNGNATNNNNGANGTNATTAACGTAGTCAAATGTGCGTGGGGTTTGATGCTGGCCCTATTGGAGCACTGTGCTGCGCCCCCGTCATTCACACTATAACACCTGTGCACCCTTAGGCGAGCGCCCTCCTTCGGCTAAAAGTCTGGCGTTTCCACGTCGGATCGGGGCGCTCTCCGCCCAAACACACACCACAGCCTGTCTTATAACGCATGTATGCCGCCCCACGGGGTAACAAAAGTTAATACAACTTTCAACAACGGATCTCTTGGCTTTCGCATCGATGAAGAACGCCGCGAAAGTGCGAAACGTAATGTGAATTGCAGAATTCAGTGAATCATCGAATCTTTGAACGCACCTTGCGCTCCTTGGTATTCCGAGGAGCATGCCTGTTTGAGTGTCGTGAACCCTCTCAGCCTCGCTCCTTTGCCGGAGCGGGCTTGGATTTGGACGCCTGCCGGCCGAAAGGCCCGCTCGTCTTTAAATGCATTAGCTGGTCCCTATGGTCAGGTCCAAGCGACGGTGTGATAACATACGCTTAGTGCGCCGTTCCGTGGCTGGCCAGAGGGGTTGCTTACAGTCGTCCTTTGGACAAGCCTTTCATGTCATCTGACCTCAAATCAGGTAGGACTACCCGCTGAACTTAAGCATATNNNNNGGGGGGGGGGAGAAAANGGAAAAAAAAAAAAAAANNCTTTTTTTTTTTTTTTNNTTTCCCCCCCCCCCGNAGNNCNNNNGNNANANNTAATTTATTTTNTTTNTGTNTTCCNCTNGCCGCNGNGNNGAAAAANAAAAAATTTTNNTNNNANTNTNTTNNNNNCCCCNNNNNCNNANAGANAAAANANAANTATNTTTATATTTTNNNCTGCCNCGCCNGCGGNGANNAANAAANATNNNNNANTTTNTTTATATTNTNNCTTCNTGNNNCNNANAGACANATNNTNAANATTTNNNTNTNTNTTGTCNTCCTGCGCGNGCTAGGNGAAAAAAAAAAAATAATANNNNANNNTNNCTCACCNCCCNCCCCNCGCCACNNNAANNNAANNAAANATTNNTNNTNTTTTNTTTTTTTCTANGCGGGGNGTNNCGATGGAGNNGATGAAANAANAAGAGANNAAAGGANNATNCNCTNCCNTTNTTTTTTNNNCNN
k__Fungi,p__Basidiomycota,c__Agaricomycetes,o__Agaricales,f__Inocybaceae,g__Inocybe,s__fuscescentipes,NNNNNNNNNNNGGTNNNNNNNGNNGTANNCNNNANNNNANGNANNNTTTATTGNATAGACTTCGCTCAGTGCTGTNNNTGGTCACCCTAGGGGGGCATGTGCACGCTTGTCAATCTTTATTTCTCCAACTGTGCACACACTGTAGACCTGGAGGGTTTTTGATTCATTCGAGTTGGCACTGCAGTGCTTAAATTAACAAAGTCTGCTTTGCCTTTGCCTTTTCAGATCTATGTCCTTTTACAATCTCAAATATGTTTAGAATGATAATAAAGTTTAAATATAACAACTTTCAGCAACGGATCTCTTGGCTCTCGCATCGATGAAGAACGCAGCGAAATGCGATAAGTAATGTGAATTGCAGAATTCAGTGAATCATCGAATCTTTGAACGCATCTTGCGCTCCTTGGTATTCTGAGGAGCATGCCTGTTTGAGTGTCATTTCAAGTTCTCAACCGCATCAATTTCTTCTGATTGGTGTGGCTTGGATGTTGGGGGTTTTATTTTGCAGGCTTCTTCTTTCTAGGAGGAAATCGGCTCCCCTGAAATAGATTAGTAGTATATCTGAGCCTACTACAAAGGTGTGATAAATTATCTATGCCTTTTCATAGTATGGCCAACTGCTTCTAACGAGTGGAAACACCTTTTATTGGNACAAATTTGACCTCAAATCAGGTAGGACTACCCGCTGAACTTAAGCTANANNTTNGGGGNGGGGGGGNNNNNNNCCCCAAAAAGGCCCCAAGGGTTTTTTTTTTTTTTTAAGGGGAGGCAAAAATTCCCAAAAAAAANTAGGTGGGTTTTGTCCTCTTCTNAATAAAAAAAANNNCCCTATTTCTTTTACATTNCNNNGGGTTTTATNAAGAAAAATNAGGTTCTCTTTATCCCCCCCCATTTAACAANAGAANNNAANNNCTTTGTGNATCTTTTTTTANNNNNNNACANAANANANACNCGANAATCTTTATTGTTTTTTNATGNNGNGNCANAAAAAAAAANAAAAAANATTTTNTCA
k__Fungi,p__Ascomycota,c__Pezizomycetes,o__Pezizales,f__Tuberaceae,g__Tuber,s__anniae,NNNNNNNANANTNNNCNNNNNGAGGAGACTGCGGANGTCTTACTAATGNGTGGGTGNCATCGGGCCCCCAAGCAAACACATCCATGTGTACACTCCCATGTTGCTTCCCCAGATCAGTGGCCACTGCTGCCAGCCCACCCCCTTGATTGGGGTCCTGGGTTGAGGTGTCTGGGGAAGGGCCCAATAACAAACCTTTGAACCAATTAGTTGTCTGAGTAGGCCACCCGCCGCAATCTTTAAAACATGTTAAAACTTTCAACAACGGATCTCTTGGCTCTCGCATCGATGAAGAACGCAGCGAAATGCGATAAGTAATGTGAATTGCAGAATTCAGTGAATCATCGAATCTTTGAACGCACATTGCGCCCTTTGGTATTCCTTAGGGCATGCCTGTTCGAGCGTCACTAAAAACCCCCTCACAGATAATGTGGTATTGGTAGAAGTGAACGGTACTTACATTACCTTGTCTCACTCTGCTGAAATGAATAGGCCAGAGAAGTGGACCCATGGTAATTGACTCCAGGAGTGTTTTTCAATGCTAAACTAGTCTTTACCCAAGTCAAGTTCTGAGCTACCGGACCCCCATTAAGTCCAAAACAGAGTGGTTGACCTCGGATCAGGTAGGGATACCCGCTGAACTTAAGCANTNNNAANNNNNNNNNNNNNNNAAAAAAANAAAANNNTNNNTGNNNNNTTNGNAGNNNNAAANAANAANTCTCTCNCCNNNATANCNCNCANNAAAAGNCTNNNTCGGCGNNNTNTNNTTTNGNGGGGGGNNATNTATTATTCNNNNNGNNAAAAANNTNCCCCCCCCCNNNNNNNNNANNNNNGCCGCNNATGNNTGTTGCTGNGGTGGGNNNNNNTTNNTTNNGNGGGGAGANAGAANNNNNNNCCCCCCCCCCNNNNNNNNNTNANNANNNCNNNCGNNNNNTGTNNNNGNNNGTGNNNNCTNNNNNNNNAGGNNNGNNNNNGNNNNNATNNTCTNCNNNNNNCNANNNNAAANATANGNNNGCNGNNNGNNNNNNNNNNNTGTNNNTNNNNGNGNNNNNNAANNNNNNGNNNNNNGNGNNNNNNNNNNTNTNNNNCNNNNNNNNNNNNNNNNNNCNNNTNNNNGNNCNNN
k__Fungi,p__Basidiomycota,c__Agaricomycetes,o__Cantharellales,f__Clavulinaceae,g__Clavulina,s__cinerea,NNNNNNNNNNNNCNTNNNNNNNNNNNGCAGGAGACTGCGGNGGATCATNTAATGAGTTGTGNTGGGGTTTGATGCTGGCAGCCAATTTTTGGATGCATGTGCTTGCCCTAACAATCATCTTCTAAACACCTGTGCACATTTTTGAGGGAGTTTCGAGTTTTATTGCCGTTTTTGGTGATTTTCTTGCATTCCCTTAAATTATTATACGCTGTTAACAATGATGAACGTGCTCTGTGCCGCAAGGCCATTAATATAATACAACTTTTAACAACGGATCTCTTGGCTCTCGCATCGATGAAGAACGCAGCGAAATGCGATAAGTAATGTGAATTGCAGAATTCAGTGAATCATCGAATCTTTGAACGCACCTTGCGCTCCCTGGTATTCCGGGGAGCACGCCTGTTCGAGTGTCGCGAAATTTCTCAAGCTTGGATGGCTTTTTTGTCTGTCCTTAGCCTTGGTTGTTGGGCTTTGCCGTGTCCTTTGTTGGGACGGCTGGCCTTAAAAGCATTAGCTGATCCTCGTGTGGTACTGGTTCTACTCAGCGTGATAACAGTCTGATCGCTGAGGACATCTTTTGGGATGGCCAGTTCTCATTTGGGTTGCTTCCAAACTTGGTTTTGCAGATTCTTCAATCTGTGTTCCACTTTTCAGCTTTGACCTCGAATCAGGTGGGACTACCCGCTGAACTTAAGCANNNNNAAAGGNGGGGGGGGANNNAAANTTTTTGTTTTTTTTAAAAAAAAAAATNNCCNNNTCCCCCCNAAANANNCCGGGATTTTTNGGGGNTAATANANNNCCANAAATCCCCCCAAAAAANNNNGNNNTNTTTTGGGGGNTNTNNNGNGGAAAAAACTCCCCCCCCANAAAATGGCNNGNNTGGNGTGTTTTTAGAGGAAANATTCCCCCACAAAAAAGNACATTTNNGTGGGNGTATNTANAGAAANAAATCTCCCCCCCNCNANAACNCNCGNNGTGNNNGTGTTTTNTNNGAGAAATNTANCCACNNCCCCACNANCNCCCCNAGT
k__Fungi,p__Basidiomycota,c__Agaricomycetes,o__Agaricales,f__Inocybaceae,g__Pseudosperma,NA,NNNNNNNANANNNTNNNNNNNNNGTAGGTGACTGCGGANGANNTTATTGAATAAACATTTGATAGGCTGTTGCTGGCCCTTCTAGGGTAGTGTGTGCACGCTTGTCATTTATTTTATTTATTTCCACCTGTGCACCTTTTTGTAGACCCTTAGAGAAAGCGGAATTAATTGTCTTGAGCAATTGGGATAGGGACTGCTGTGCACTTTCAAATGAAGTGCCAGCTTTCCCTTGTTTCTCTAGGTTCTATGTTACACACATACTCCTATGAATGTAATAGAATGTTGATCTGGGTCTTTGATGCCCATAAAAGTTATATACAACTTTCAGCAATGGATCTCTTGGCTCTCGCATCGATGAAGAACGCAGCGAAATGCGATAAGTAATGTGAATTGCAGAATTCAGTGAATCATCGAATCTTTGAACGCATCTTGCGCTCCTTGGTATTCCGAGGAGCATGCCTGTTTGAGTGTCATTAAATTCTCAACCACACTGATTGGTGTGGCTTGGATATGGGTGTTGTGGGCTTCTGTAGTCCGCTCCCCTGAAATTAATTAGCAGTACCTTGGTGGAACTGTCTACAGGTGTGATAATTATCTACATCCTAGACATCTGCTGCAATTGCTTTCCAAAAAACCTTGCTTGTTTATTGACAATCTTGACCTCAAATCAGGTAGGACTACCCGCTGAACTTAAGCATNTNTNNNAAGGGGGGGGAGANNAAAAAANNTNNTNNTTTTTAAAAAAANAATATNCNCTCCACAACACAAAAACCTGGANNTTTTNGGNAAANGNNNCCCNCCCCCCCAAAAANGNTGCTNCTGTGTGGNGAANNANNNCNCNNCCCCCCNCNANNANNNGCNCNTCTCNNGGNNGNGGNANACTCCCCTCCNCCCCNCCNACCGCCCNCTNNTGAGGAGGANANNNNCNCN
k__Fungi,p__Basidiomycota,c__Agaricomycetes,o__Agaricales,f__Cortinariaceae,g__Cortinarius,NA,NNNNNNNNNTCNTAGGTGACTGCGGNGGATCATTATTGAAATAAACCTGATGGGTTGTTGCTGGTTCTCTAGGGAGCATGTGCACGCCTTGTCATCTTTATATCTCCACCTGTGCACTTTTTGTAGACCCTCCAGGGTCTATGTTGCTTCATTTACCCCCAATGTATGTTAATAGAATGTTGTGCCTATTTAATATATACAACTTTCAGCAACGGATCTCTTGGCTCTCGCATCGATGAAGAACGCAGCGAAATGCGATAAGTAATGTGAATTGCAGAATTCAGTGAATCATCGAATCTTTGAACGCACCTTGCGCTCCTTGGTATTCCGAGGAGCATGCCTGTTTGAGTGTCATTAATATATATTATCAACCTTCTCTTGTTGAGTGGTTTGGATGTGGGGGTTTGCTGGCCTTGTAAAAGGGTTCAGCTCTCCTGAAATGCATTAGCAGAAACAACCCTGTTCATTGGCGTGATAACTATCTACGCTATTGAATGTGAGGGAAAGTTCAGCTTTCTAACAGTCCTTGGACAACTCATCATTAATGTGACCTCAAATCAGGTAGGACTACCCGCTGAACTTAAGNTTAN
k__Fungi,p__Basidiomycota,c__Agaricomycetes,o__Agaricales,f__Cortinariaceae,g__Cortinarius,s__vernus,NNNNNNNAGANTNNNNNNNNNTCGTAGGTGACTGCGGANGATCATCTATTGNNTGNNCTGATGGGTTGTTGCTGGTTCTCCAGGGAGCATGTGCACACCTTGTCATCTTTATATCTCCACCTGTGCACTTTTTGTAGACCTGAAAGGGTCTATGTTGCTTCATTTTACCCCAATGTATGTTAATAGAATGTTGTACCTATATAATATATACAACTTTCAGCAACGGATCTCTTGGCTCTCGCATCGATGAAGAACGCAGCGAAATGCGATAAGTAATGTGAATTGCAGAATTCAGTGAATCATCGAATCTTTGAACGCACCTTGCGCTCCTTGGTATTCCGAGGAGCATGCCTGTTTGAGTGTCATTAATATATATATCCCCCCTCTCTCGTGTAGAGAGGGTTTTTGTGTGTGGGGGTGTGGTGCTCTCTTTTTTTAAAAAAAAGGGTCNNTTCTCTTGAATGGNTTTACAAAACNANCCGGTCNTTGGNGGGGATANTTATTGGCGCNTTGGATGGGGAGGGGAATTCCNNTTTTCAANCAGNTTTGGAACAATCATTNNTTANGGGGNCTTCAATTNNGNAGGNNCTNCCNGNTGANNTTANNTNNNNNNNGGNNGNNNNGNNNNNANNANNCTTTTTNTNNGGNTNTTAAAANGAAAAAAATNCCCCCNCANNAANANAAGTCTCTNGNGTTTTTGGGNNAAAAAANNANANCTCCCCACANNNNNCGGGGNNTTNNNGGGTNTTNNGGNGANNTANCCCCCCATAAANNNNGNNNTGTNTGTGNGNATGANNNNCNCCNNNNNNCCNNNNCTTGNNNNNNNNNNNANNTNNNNNNAANACANNNNNNNNNCNNNNNNNNNNNNNNNNNNTTTGNNNNANANNNNNNNNNTACTCTNNNNTATNNNNNNNNNNNNGNNNNTANNNNNNNGANNANNNNCNNNNNNNNAGNNNNNTNGTGNNNNTANNNAAGAGANNNNC
