plate,column,row,morphotype,sequence_list_name,sequence,kingdom,phylum,class,order,family,genus,species,elevation,site,tree
1,1,a,A,NA,NA,NA,NA,NA,NA,NA,NA,NA,l,d,248
1,1,b,B,NA,NA,NA,NA,NA,NA,NA,NA,NA,m,c,623
1,1,c,G,NA,NA,NA,NA,NA,NA,NA,NA,NA,l,d,202
1,1,d,F,NA,NA,NA,NA,NA,NA,NA,NA,NA,m,d,1411
1,1,e,G,NA,NA,NA,NA,NA,NA,NA,NA,NA,l,e,179
1,1,f,C,NA,NA,NA,NA,NA,NA,NA,NA,NA,m,d,1425
1,1,g,A,NA,NA,NA,NA,NA,NA,NA,NA,NA,m,a,722
1,1,h,K,NA,NA,NA,NA,NA,NA,NA,NA,NA,m,c,674
1,2,a,A,NA,NA,NA,NA,NA,NA,NA,NA,NA,l,d,248
1,2,b,F,NA,NA,NA,NA,NA,NA,NA,NA,NA,m,c,623
1,2,c,A,NA,NA,NA,NA,NA,NA,NA,NA,NA,l,d,202
1,2,d,I,NA,NA,NA,NA,NA,NA,NA,NA,NA,m,d,1411
1,2,e,D,NA,NA,NA,NA,NA,NA,NA,NA,NA,l,e,179
1,2,f,D,NA,NA,NA,NA,NA,NA,NA,NA,NA,m,d,1425
1,2,g,F,NA,NA,NA,NA,NA,NA,NA,NA,NA,m,a,722
1,2,h,K,NA,NA,NA,NA,NA,NA,NA,NA,NA,m,c,674
1,3,a,D,NA,NA,NA,NA,NA,NA,NA,NA,NA,l,d,248
1,3,b,A,NA,NA,NA,NA,NA,NA,NA,NA,NA,m,c,623
1,3,c,D,NA,NA,NA,NA,NA,NA,NA,NA,NA,l,d,202
1,3,d,F,NA,NA,NA,NA,NA,NA,NA,NA,NA,m,d,1411
1,3,e,B,NA,NA,NA,NA,NA,NA,NA,NA,NA,l,e,179
1,3,f,F,NA,NA,NA,NA,NA,NA,NA,NA,NA,m,d,1425
1,3,g,F,NA,NA,NA,NA,NA,NA,NA,NA,NA,m,a,722
1,3,h,D,NA,NA,NA,NA,NA,NA,NA,NA,NA,m,c,674
1,4,a,E,NA,NA,NA,NA,NA,NA,NA,NA,NA,l,d,248
1,4,b,B,NA,NA,NA,NA,NA,NA,NA,NA,NA,m,c,623
1,4,c,E,NA,NA,NA,NA,NA,NA,NA,NA,NA,l,d,202
1,4,d,D,NA,NA,NA,NA,NA,NA,NA,NA,NA,m,d,1411
1,4,e,B,NA,NA,NA,NA,NA,NA,NA,NA,NA,l,e,179
1,4,f,I,NA,NA,NA,NA,NA,NA,NA,NA,NA,m,d,1425
1,4,g,F,NA,NA,NA,NA,NA,NA,NA,NA,NA,m,a,722
1,4,h,I,NA,NA,NA,NA,NA,NA,NA,NA,NA,m,c,674
1,5,a,B,NA,NA,NA,NA,NA,NA,NA,NA,NA,l,d,248
1,5,b,A,NA,NA,NA,NA,NA,NA,NA,NA,NA,m,c,623
1,5,c,B,NA,NA,NA,NA,NA,NA,NA,NA,NA,l,d,202
1,5,d,H,NA,NA,NA,NA,NA,NA,NA,NA,NA,m,d,1411
1,5,e,A,NA,NA,NA,NA,NA,NA,NA,NA,NA,l,e,179
1,5,f,D,NA,NA,NA,NA,NA,NA,NA,NA,NA,m,d,1425
1,5,g,F,NA,NA,NA,NA,NA,NA,NA,NA,NA,m,a,722
1,5,h,I,NA,NA,NA,NA,NA,NA,NA,NA,NA,m,c,674
1,6,a,A,NA,NA,NA,NA,NA,NA,NA,NA,NA,l,d,248
1,6,b,B,NA,NA,NA,NA,NA,NA,NA,NA,NA,m,c,623
1,6,c,B,NA,NA,NA,NA,NA,NA,NA,NA,NA,l,d,202
1,6,d,H,NA,NA,NA,NA,NA,NA,NA,NA,NA,m,d,1411
1,6,e,E,NA,NA,NA,NA,NA,NA,NA,NA,NA,l,e,179
1,6,f,D,NA,NA,NA,NA,NA,NA,NA,NA,NA,m,d,1425
1,6,g,D,NA,NA,NA,NA,NA,NA,NA,NA,NA,m,a,722
1,6,h,A,NA,NA,NA,NA,NA,NA,NA,NA,NA,m,c,674
1,7,a,E,NA,NA,NA,NA,NA,NA,NA,NA,NA,l,d,248
1,7,b,F,NA,NA,NA,NA,NA,NA,NA,NA,NA,m,c,623
1,7,c,F,NA,NA,NA,NA,NA,NA,NA,NA,NA,l,d,202
1,7,d,D,NA,NA,NA,NA,NA,NA,NA,NA,NA,m,d,1411
1,7,e,E,NA,NA,NA,NA,NA,NA,NA,NA,NA,l,e,179
1,7,f,J,NA,NA,NA,NA,NA,NA,NA,NA,NA,m,d,1425
1,7,g,C,NA,NA,NA,NA,NA,NA,NA,NA,NA,m,a,722
1,7,h,D,NA,NA,NA,NA,NA,NA,NA,NA,NA,m,c,674
1,8,a,E,NA,NA,NA,NA,NA,NA,NA,NA,NA,l,d,248
1,8,b,F,NA,NA,NA,NA,NA,NA,NA,NA,NA,m,c,623
1,8,c,F,NA,NA,NA,NA,NA,NA,NA,NA,NA,l,d,202
1,8,d,D,NA,NA,NA,NA,NA,NA,NA,NA,NA,m,d,1411
1,8,e,E,NA,NA,NA,NA,NA,NA,NA,NA,NA,l,e,179
1,8,f,J,NA,NA,NA,NA,NA,NA,NA,NA,NA,m,d,1425
1,8,g,C,NA,NA,NA,NA,NA,NA,NA,NA,NA,m,a,722
1,8,h,D,NA,NA,NA,NA,NA,NA,NA,NA,NA,m,c,674
1,9,a,A,NA,NA,NA,NA,NA,NA,NA,NA,NA,l,d,248
1,9,b,A,NA,NA,NA,NA,NA,NA,NA,NA,NA,m,c,623
1,9,c,A,NA,NA,NA,NA,NA,NA,NA,NA,NA,l,d,202
1,9,d,D,NA,NA,NA,NA,NA,NA,NA,NA,NA,m,d,1411
1,9,e,A,NA,NA,NA,NA,NA,NA,NA,NA,NA,l,e,179
1,9,f,I,NA,NA,NA,NA,NA,NA,NA,NA,NA,m,d,1425
1,9,g,F,NA,NA,NA,NA,NA,NA,NA,NA,NA,m,a,722
1,9,h,G,NA,NA,NA,NA,NA,NA,NA,NA,NA,m,c,674
1,10,a,D,NA,NA,NA,NA,NA,NA,NA,NA,NA,l,d,248
1,10,b,D,NA,NA,NA,NA,NA,NA,NA,NA,NA,m,c,623
1,10,c,G,NA,NA,NA,NA,NA,NA,NA,NA,NA,l,d,202
1,10,d,F,NA,NA,NA,NA,NA,NA,NA,NA,NA,m,d,1411
1,10,e,G,NA,NA,NA,NA,NA,NA,NA,NA,NA,l,e,179
1,10,f,D,NA,NA,NA,NA,NA,NA,NA,NA,NA,m,d,1425
1,10,g,J,NA,NA,NA,NA,NA,NA,NA,NA,NA,m,a,722
1,10,h,I,NA,NA,NA,NA,NA,NA,NA,NA,NA,m,c,674
1,11,a,A,NA,NA,NA,NA,NA,NA,NA,NA,NA,l,d,248
1,11,b,B,NA,NA,NA,NA,NA,NA,NA,NA,NA,m,c,623
1,11,c,A,NA,NA,NA,NA,NA,NA,NA,NA,NA,l,d,202
1,11,d,B,NA,NA,NA,NA,NA,NA,NA,NA,NA,m,d,1411
1,11,e,B,NA,NA,NA,NA,NA,NA,NA,NA,NA,l,e,179
1,11,f,I,NA,NA,NA,NA,NA,NA,NA,NA,NA,m,d,1425
1,11,g,A,NA,NA,NA,NA,NA,NA,NA,NA,NA,m,a,722
1,11,h,D,NA,NA,NA,NA,NA,NA,NA,NA,NA,m,c,674
1,12,a,A,NA,NA,NA,NA,NA,NA,NA,NA,NA,l,d,248
1,12,b,A,NA,NA,NA,NA,NA,NA,NA,NA,NA,m,c,623
1,12,c,B,NA,NA,NA,NA,NA,NA,NA,NA,NA,l,d,202
1,12,d,H,NA,NA,NA,NA,NA,NA,NA,NA,NA,m,d,1411
1,12,e,E,NA,NA,NA,NA,NA,NA,NA,NA,NA,l,e,179
1,12,f,D,NA,NA,NA,NA,NA,NA,NA,NA,NA,m,d,1425
1,12,g,BLANK,NA,NA,NA,NA,NA,NA,NA,NA,NA,m,a,722
1,12,h,A,NA,NA,NA,NA,NA,NA,NA,NA,NA,m,c,674
2,1,b,L,NA,NA,NA,NA,NA,NA,NA,NA,NA,m,b,1037
2,1,c,D,NA,NA,NA,NA,NA,NA,NA,NA,NA,l,e,141
2,1,f,I,NA,NA,NA,NA,NA,NA,NA,NA,NA,m,e,572
2,1,h,F,NA,NA,NA,NA,NA,NA,NA,NA,NA,m,a,744
2,2,d,A,NA,NA,NA,NA,NA,NA,NA,NA,NA,l,e,186
2,2,e,B,NA,NA,NA,NA,NA,NA,NA,NA,NA,m,d,1496
2,2,f,A,Contig 8,TAGAGGRGKAAGCGGCATATCATAACGCGAAGCGTCTTGTTTTGTTAATTTAGAGAAVGGAAGCGGNATAACAAAAAGCGAAGCGTCTTGTTTTTTTAAAGKAGGGAAGGGAAGCATAATAACAAGAGGCGGGGTGTTTTGTTTTTTTAAAGGAGGGAAGCGAAATAAAAAAAVAAGGGGGGTTGTTTTTTTTTTTTAAAGAAGAGAAGSGAANAANAAAAAAAASGKGGGGKWGKTTTKTKTTAKKWNGAAGAANAGGGAAWCRAAAAAAAAADNNGGGGGKGGGGTKTWKTWTTAAARAAGRGAARGGAAAAAAWACATAASGDMAGGGGGTGTGNTGTTTTGTTNNGGGRGGGRSRMMCCTCCAAANNCATTTTTNTTTTTGGAAAA,k__Fungi,NA,NA,NA,NA,NA,NA,m,e,572
2,2,g,A,Contig 8,TAGAGGRGKAAGCGGCATATCATAACGCGAAGCGTCTTGTTTTGTTAATTTAGAGAAVGGAAGCGGNATAACAAAAAGCGAAGCGTCTTGTTTTTTTAAAGKAGGGAAGGGAAGCATAATAACAAGAGGCGGGGTGTTTTGTTTTTTTAAAGGAGGGAAGCGAAATAAAAAAAVAAGGGGGGTTGTTTTTTTTTTTTAAAGAAGAGAAGSGAANAANAAAAAAAASGKGGGGKWGKTTTKTKTTAKKWNGAAGAANAGGGAAWCRAAAAAAAAADNNGGGGGKGGGGTKTWKTWTTAAARAAGRGAARGGAAAAAAWACATAASGDMAGGGGGTGTGNTGTTTTGTTNNGGGRGGGRSRMMCCTCCAAANNCATTTTTNTTTTTGGAAAA,k__Fungi,NA,NA,NA,NA,NA,NA,m,c,t1
2,2,h,D,NA,NA,NA,NA,NA,NA,NA,NA,NA,m,a,744
2,3,a,A,NA,NA,NA,NA,NA,NA,NA,NA,NA,m,a,1070
2,3,b,F,NA,NA,NA,NA,NA,NA,NA,NA,NA,m,b,1037
2,3,c,E,Contig 8,TAGAGGRGKAAGCGGCATATCATAACGCGAAGCGTCTTGTTTTGTTAATTTAGAGAAVGGAAGCGGNATAACAAAAAGCGAAGCGTCTTGTTTTTTTAAAGKAGGGAAGGGAAGCATAATAACAAGAGGCGGGGTGTTTTGTTTTTTTAAAGGAGGGAAGCGAAATAAAAAAAVAAGGGGGGTTGTTTTTTTTTTTTAAAGAAGAGAAGSGAANAANAAAAAAAASGKGGGGKWGKTTTKTKTTAKKWNGAAGAANAGGGAAWCRAAAAAAAAADNNGGGGGKGGGGTKTWKTWTTAAARAAGRGAARGGAAAAAAWACATAASGDMAGGGGGTGTGNTGTTTTGTTNNGGGRGGGRSRMMCCTCCAAANNCATTTTTNTTTTTGGAAAA,k__Fungi,NA,NA,NA,NA,NA,NA,l,e,141
2,3,d,B,NA,NA,NA,NA,NA,NA,NA,NA,NA,l,e,186
2,3,g,D,NA,NA,NA,NA,NA,NA,NA,NA,NA,m,c,t1
2,3,h,E,NA,NA,NA,NA,NA,NA,NA,NA,NA,m,a,744
2,4,a,D,NA,NA,NA,NA,NA,NA,NA,NA,NA,m,a,1070
2,4,c,E,NA,NA,NA,NA,NA,NA,NA,NA,NA,l,e,141
2,4,d,A,NA,NA,NA,NA,NA,NA,NA,NA,NA,l,e,186
2,4,e,C,NA,NA,NA,NA,NA,NA,NA,NA,NA,m,d,1496
2,4,g,D,NA,NA,NA,NA,NA,NA,NA,NA,NA,m,c,t1
2,4,h,F,NA,NA,NA,NA,NA,NA,NA,NA,NA,m,a,744
2,5,a,I,NA,NA,NA,NA,NA,NA,NA,NA,NA,m,a,1070
2,5,b,D,NA,NA,NA,NA,NA,NA,NA,NA,NA,m,b,1037
2,5,f,I,NA,NA,NA,NA,NA,NA,NA,NA,NA,m,e,572
2,5,g,A,NA,NA,NA,NA,NA,NA,NA,NA,NA,m,c,t1
2,6,a,I,NA,NA,NA,NA,NA,NA,NA,NA,NA,m,a,1070
2,6,b,A,Contig 16,ATAACAAGAGGGGGAGGGTTTTGTTTTTTTAGTGAAGGGAGGGGAAGTATTATAAGGAGGGGGTTTTTTTTTTTTTTTTTTAGAGGAGGGAAGAAAAAAAAAAAAAGGGGGGGGGTTGTGTTTTGTTAATGAAGAGAAGAGAAATAAAACAAAAGGGGGGGGGGTGTTTTTTTAAGAAAAAGAAAAGAAAAAAAACAGATTAGGGGGGGGGTTGTTGTTTTGTAGGAGGAGGGAAGGGAAGCGKMWWANCAAAASGGGGMGGGTTTTKTTTTKKWAAWRRAGGGRRGGGRARYAWWAWAWMAWGGGGGGGGGTGTTTTTTTTTTRWARAGAARGGAARGRRARAAWAAWAMNGGGGGGGNNNGTNTTTTTTTTTTNWWAAKRRRRRWKKCAAMAMMRMAWSKSKRGGSKSKGGSKKYTTTKWWWAWWRMANAGAAAAAAAACATAATATAGGGGGGGGGGGTTTTTTGTTTTAAAAAAGAAGAGGAAAGGCACATAGCGCCGGGTGGGGTTGAGTTTTTTGAGGGGGAAAGAGAGCCGTGAACTCCATCAACCTTTCGGGTTTTTTGGACGGAAAAAAATGGACCTTGGCACCATTTGTTTTAGGGTCCTTTTGGAGCCCACCTC,k__Fungi,NA,NA,NA,NA,NA,NA,m,b,1037
2,6,h,C,NA,NA,NA,NA,NA,NA,NA,NA,NA,m,a,744
2,7,a,F,NA,NA,NA,NA,NA,NA,NA,NA,NA,m,a,1070
2,7,c,B,NA,NA,NA,NA,NA,NA,NA,NA,NA,l,e,141
2,7,d,B,NA,NA,NA,NA,NA,NA,NA,NA,NA,l,e,186
2,7,e,I,NA,NA,NA,NA,NA,NA,NA,NA,NA,m,d,1496
2,7,f,K,NA,NA,NA,NA,NA,NA,NA,NA,NA,m,e,572
2,8,a,A,NA,NA,NA,NA,NA,NA,NA,NA,NA,m,a,1070
2,8,b,I,Contig 8,TAGAGGRGKAAGCGGCATATCATAACGCGAAGCGTCTTGTTTTGTTAATTTAGAGAAVGGAAGCGGNATAACAAAAAGCGAAGCGTCTTGTTTTTTTAAAGKAGGGAAGGGAAGCATAATAACAAGAGGCGGGGTGTTTTGTTTTTTTAAAGGAGGGAAGCGAAATAAAAAAAVAAGGGGGGTTGTTTTTTTTTTTTAAAGAAGAGAAGSGAANAANAAAAAAAASGKGGGGKWGKTTTKTKTTAKKWNGAAGAANAGGGAAWCRAAAAAAAAADNNGGGGGKGGGGTKTWKTWTTAAARAAGRGAARGGAAAAAAWACATAASGDMAGGGGGTGTGNTGTTTTGTTNNGGGRGGGRSRMMCCTCCAAANNCATTTTTNTTTTTGGAAAA,k__Fungi,NA,NA,NA,NA,NA,NA,m,b,1037
2,8,d,B,NA,NA,NA,NA,NA,NA,NA,NA,NA,l,e,186
2,8,f,A,NA,NA,NA,NA,NA,NA,NA,NA,NA,m,e,572
2,8,g,A,NA,NA,NA,NA,NA,NA,NA,NA,NA,m,c,t1
2,8,h,D,NA,NA,NA,NA,NA,NA,NA,NA,NA,m,a,744
2,9,b,D,NA,NA,NA,NA,NA,NA,NA,NA,NA,m,b,1037
2,9,c,E,Contig 8,TAGAGGRGKAAGCGGCATATCATAACGCGAAGCGTCTTGTTTTGTTAATTTAGAGAAVGGAAGCGGNATAACAAAAAGCGAAGCGTCTTGTTTTTTTAAAGKAGGGAAGGGAAGCATAATAACAAGAGGCGGGGTGTTTTGTTTTTTTAAAGGAGGGAAGCGAAATAAAAAAAVAAGGGGGGTTGTTTTTTTTTTTTAAAGAAGAGAAGSGAANAANAAAAAAAASGKGGGGKWGKTTTKTKTTAKKWNGAAGAANAGGGAAWCRAAAAAAAAADNNGGGGGKGGGGTKTWKTWTTAAARAAGRGAARGGAAAAAAWACATAASGDMAGGGGGTGTGNTGTTTTGTTNNGGGRGGGRSRMMCCTCCAAANNCATTTTTNTTTTTGGAAAA,k__Fungi,NA,NA,NA,NA,NA,NA,l,e,141
2,9,d,E,NA,NA,NA,NA,NA,NA,NA,NA,NA,l,e,186
2,9,f,A,NA,NA,NA,NA,NA,NA,NA,NA,NA,m,e,572
2,9,h,F,Contig 8,TAGAGGRGKAAGCGGCATATCATAACGCGAAGCGTCTTGTTTTGTTAATTTAGAGAAVGGAAGCGGNATAACAAAAAGCGAAGCGTCTTGTTTTTTTAAAGKAGGGAAGGGAAGCATAATAACAAGAGGCGGGGTGTTTTGTTTTTTTAAAGGAGGGAAGCGAAATAAAAAAAVAAGGGGGGTTGTTTTTTTTTTTTAAAGAAGAGAAGSGAANAANAAAAAAAASGKGGGGKWGKTTTKTKTTAKKWNGAAGAANAGGGAAWCRAAAAAAAAADNNGGGGGKGGGGTKTWKTWTTAAARAAGRGAARGGAAAAAAWACATAASGDMAGGGGGTGTGNTGTTTTGTTNNGGGRGGGRSRMMCCTCCAAANNCATTTTTNTTTTTGGAAAA,k__Fungi,NA,NA,NA,NA,NA,NA,m,a,744
2,10,b,A,NA,NA,NA,NA,NA,NA,NA,NA,NA,m,b,1037
2,10,c,E,NA,NA,NA,NA,NA,NA,NA,NA,NA,l,e,141
2,10,g,C,Contig 6,AGAGGAGAAGCGGATAACAWAACGCGAAGCGCTTGTCTTGTTAGAGGAGGGAAGGGAAGCGGCATAACAAAARGCGGRGCGTCTTGTTTTTTTAGGGGAGRGGRGGGGMGSAATATMACAASGSGARGCGTCTTGTCTTGTTARWTTAGGGARGGGAAGCGGCATATCAAAAMGCGGAGCGTCTTGTTTTTTTAAAGAAGGGAAGCGAAGCATCATAACAAGAAGCGKCGTGTTTTKTTAAKATAAAGAAGGGAAGCAAAACAWAAAAANRYGTCGCGTCKTKTTTTGTTADDDAAGWRAARRGRARGRAARWAAMAWAARATTTAGAGACGTGTTTTAAAAAAGAAAACACCAAGGCCGGGTGGTGTGTGTTGTNCTTTTCTTCAAAAAAAAAAAAATCTGCATTTTTTTTTGTTTTGTTTTTTTTTTTTTCTAAAATAAAAAAATAGAGTAATTTTTTTTTTTTTTTTTTTTCTCTCTCTTCTAAAAAAAAAGAAGAGGAGAGTTGTTTTGTTTTTTTTCTCCTTCCCCTTAAAAAAAAAAAGAGCGACGTGTTTTTTTTTTGTGCTCCCCTCCCCCCCCAAAAAAAAAAAAAGACACTACTCTTTTTTATTTTTTGCTTTTCTTTTTTTTTAAAAAGGAGATGNAAAAAAAAAAAAAAAAGACCTTTTTTTTTTTTATTTTGAAANGCGGAACGTAAAAAATGNATCTGNCATCTTTTTTTTTTTTATAAAAAAGCGAAAAGAAATGTAAATTGCAGAATTCATTGTTTTATTTAAACTTTGAACGCACATTGAACCACTTGAAATCCCGAGGTTCATGCCTGTTCGAGAGACAAATCACCACTCAAGCCTGCCTTGGTGTTGTTTGACGTATACTAAGAAGACGCGACACGAAATGCTCGNCGGCGTGNACTGTAANAAAGAGAAGAAAAAATCTTTCCGCTTTGAAGTCGGNCCCCCCGTTTTGCCGGAAAAACCTAGCTCGCAAGTTTGACCTCGGAATCAGGCAG,k__Fungi,NA,NA,NA,NA,NA,NA,m,c,t1
2,10,h,C,Contig 5,AGAGGAGNAGCGGAGAGCAGAAGGCGAAGCGGTTGTCTTTTTAGAGGAGAGGGGGAAGCGGATAWCARAACGCGGGCTTTTGTTTTTTTAGTGKAGGGAGGGGAAGCAKCATATCAAAAAGCGGCGTTTTTTTTTTTTTTAAAAAAGGGAAGCGAAABARAAAAAAAADANGGKTTGTGTTTTTTTTTTTTAAAWAARAGAANGAAGCAAAANAAAAAAANGCGTYGTGTTTTTTTTTTTTAAAGAAGAGGARRGANARNARAAAAAAAAATANKKSKBKTTTTTTTTTTTTTTAAANAAAAGAAAAAAANAACAAAATAANATNNANMTTTTTTTTTTTTTTTTTAAAAAAAAAAAAAGACAAAAAAAAAAAAAAGMGCNTTTTTTTTTTTTTTAAAAAAAAAAAAAAAAMAAAAAAAAAAAANATWNGNNTTTTTTTTTTWAATAAGAAAAAAAAAAAAVAAAAAAACAHAACCCCCTTNTTTTTTTTTNTTTAAAAAAAAAAAAAANAAAAHCCCACHACMACCTTHNNTATTTTTTTATATTAAAAAAAAAAAAAANAVCRAARMAMWAMMMMMMAWWMWAWYYNATTTTWWWWTTAAAAAAAAAAAAAAAAAAAAAACCCTCTTCTTTGAAAGATTTGAAATTTAAAAAAAAAAAAACAAAATAGACTTAGAAAGAGAACTCATCACAAATGAATAAAAGAAAAAAGAAAAGAAGCAAAAACANCCTCAAGGAATTTATCTACGTATTGCAAATGCCATCGTCCCTGCTCCNAATCGTCTCATGTACAATGATG,k__Fungi,NA,NA,NA,NA,NA,NA,m,a,744
2,11,b,H,Contig 8,TAGAGGRGKAAGCGGCATATCATAACGCGAAGCGTCTTGTTTTGTTAATTTAGAGAAVGGAAGCGGNATAACAAAAAGCGAAGCGTCTTGTTTTTTTAAAGKAGGGAAGGGAAGCATAATAACAAGAGGCGGGGTGTTTTGTTTTTTTAAAGGAGGGAAGCGAAATAAAAAAAVAAGGGGGGTTGTTTTTTTTTTTTAAAGAAGAGAAGSGAANAANAAAAAAAASGKGGGGKWGKTTTKTKTTAKKWNGAAGAANAGGGAAWCRAAAAAAAAADNNGGGGGKGGGGTKTWKTWTTAAARAAGRGAARGGAAAAAAWACATAASGDMAGGGGGTGTGNTGTTTTGTTNNGGGRGGGRSRMMCCTCCAAANNCATTTTTNTTTTTGGAAAA,k__Fungi,NA,NA,NA,NA,NA,NA,m,b,1037
2,11,d,A,NA,NA,NA,NA,NA,NA,NA,NA,NA,l,e,186
2,11,f,A,NA,NA,NA,NA,NA,NA,NA,NA,NA,m,e,572
2,11,g,A,NA,NA,NA,NA,NA,NA,NA,NA,NA,m,c,t1
2,11,h,D,NA,NA,NA,NA,NA,NA,NA,NA,NA,m,a,744
2,12,a,B,Contig 8,TAGAGGRGKAAGCGGCATATCATAACGCGAAGCGTCTTGTTTTGTTAATTTAGAGAAVGGAAGCGGNATAACAAAAAGCGAAGCGTCTTGTTTTTTTAAAGKAGGGAAGGGAAGCATAATAACAAGAGGCGGGGTGTTTTGTTTTTTTAAAGGAGGGAAGCGAAATAAAAAAAVAAGGGGGGTTGTTTTTTTTTTTTAAAGAAGAGAAGSGAANAANAAAAAAAASGKGGGGKWGKTTTKTKTTAKKWNGAAGAANAGGGAAWCRAAAAAAAAADNNGGGGGKGGGGTKTWKTWTTAAARAAGRGAARGGAAAAAAWACATAASGDMAGGGGGTGTGNTGTTTTGTTNNGGGRGGGRSRMMCCTCCAAANNCATTTTTNTTTTTGGAAAA,k__Fungi,NA,NA,NA,NA,NA,NA,m,a,1070
2,12,b,H,NA,NA,NA,NA,NA,NA,NA,NA,NA,m,b,1037
2,12,d,H,NA,NA,NA,NA,NA,NA,NA,NA,NA,l,e,186
2,12,e,B,NA,NA,NA,NA,NA,NA,NA,NA,NA,m,d,1496
2,12,f,A,Contig 6,AGAGGAGAAGCGGATAACAWAACGCGAAGCGCTTGTCTTGTTAGAGGAGGGAAGGGAAGCGGCATAACAAAARGCGGRGCGTCTTGTTTTTTTAGGGGAGRGGRGGGGMGSAATATMACAASGSGARGCGTCTTGTCTTGTTARWTTAGGGARGGGAAGCGGCATATCAAAAMGCGGAGCGTCTTGTTTTTTTAAAGAAGGGAAGCGAAGCATCATAACAAGAAGCGKCGTGTTTTKTTAAKATAAAGAAGGGAAGCAAAACAWAAAAANRYGTCGCGTCKTKTTTTGTTADDDAAGWRAARRGRARGRAARWAAMAWAARATTTAGAGACGTGTTTTAAAAAAGAAAACACCAAGGCCGGGTGGTGTGTGTTGTNCTTTTCTTCAAAAAAAAAAAAATCTGCATTTTTTTTTGTTTTGTTTTTTTTTTTTTCTAAAATAAAAAAATAGAGTAATTTTTTTTTTTTTTTTTTTTCTCTCTCTTCTAAAAAAAAAGAAGAGGAGAGTTGTTTTGTTTTTTTTCTCCTTCCCCTTAAAAAAAAAAAGAGCGACGTGTTTTTTTTTTGTGCTCCCCTCCCCCCCCAAAAAAAAAAAAAGACACTACTCTTTTTTATTTTTTGCTTTTCTTTTTTTTTAAAAAGGAGATGNAAAAAAAAAAAAAAAAGACCTTTTTTTTTTTTATTTTGAAANGCGGAACGTAAAAAATGNATCTGNCATCTTTTTTTTTTTTATAAAAAAGCGAAAAGAAATGTAAATTGCAGAATTCATTGTTTTATTTAAACTTTGAACGCACATTGAACCACTTGAAATCCCGAGGTTCATGCCTGTTCGAGAGACAAATCACCACTCAAGCCTGCCTTGGTGTTGTTTGACGTATACTAAGAAGACGCGACACGAAATGCTCGNCGGCGTGNACTGTAANAAAGAGAAGAAAAAATCTTTCCGCTTTGAAGTCGGNCCCCCCGTTTTGCCGGAAAAACCTAGCTCGCAAGTTTGACCTCGGAATCAGGCAG,k__Fungi,NA,NA,NA,NA,NA,NA,m,e,572
3,1,a,D,NA,NA,NA,NA,NA,NA,NA,NA,NA,h,a,2218
3,1,d,B,NA,NA,NA,NA,NA,NA,NA,NA,NA,h,d,2602
3,1,g,K,NA,NA,NA,NA,NA,NA,NA,NA,NA,l,g,gr1
3,1,h,K,NA,NA,NA,NA,NA,NA,NA,NA,NA,l,g,gr3
3,2,b,B,NA,NA,NA,NA,NA,NA,NA,NA,NA,m,e,t3
3,2,c,A,NA,NA,NA,NA,NA,NA,NA,NA,NA,NA,NA,2143
3,2,d,A,NA,NA,NA,NA,NA,NA,NA,NA,NA,h,d,2602
3,2,f,B,NA,NA,NA,NA,NA,NA,NA,NA,NA,h,c,2792
3,2,g,K,NA,NA,NA,NA,NA,NA,NA,NA,NA,l,g,gr1
3,3,a,B,NA,NA,NA,NA,NA,NA,NA,NA,NA,h,a,2218
3,3,b,F,NA,NA,NA,NA,NA,NA,NA,NA,NA,m,e,t3
3,3,c,I,NA,NA,NA,NA,NA,NA,NA,NA,NA,NA,NA,2143
3,3,f,B,Contig 8,TAGAGGRGKAAGCGGCATATCATAACGCGAAGCGTCTTGTTTTGTTAATTTAGAGAAVGGAAGCGGNATAACAAAAAGCGAAGCGTCTTGTTTTTTTAAAGKAGGGAAGGGAAGCATAATAACAAGAGGCGGGGTGTTTTGTTTTTTTAAAGGAGGGAAGCGAAATAAAAAAAVAAGGGGGGTTGTTTTTTTTTTTTAAAGAAGAGAAGSGAANAANAAAAAAAASGKGGGGKWGKTTTKTKTTAKKWNGAAGAANAGGGAAWCRAAAAAAAAADNNGGGGGKGGGGTKTWKTWTTAAARAAGRGAARGGAAAAAAWACATAASGDMAGGGGGTGTGNTGTTTTGTTNNGGGRGGGRSRMMCCTCCAAANNCATTTTTNTTTTTGGAAAA,k__Fungi,NA,NA,NA,NA,NA,NA,h,c,2792
3,3,h,D,Contig 5,AGAGGAGNAGCGGAGAGCAGAAGGCGAAGCGGTTGTCTTTTTAGAGGAGAGGGGGAAGCGGATAWCARAACGCGGGCTTTTGTTTTTTTAGTGKAGGGAGGGGAAGCAKCATATCAAAAAGCGGCGTTTTTTTTTTTTTTAAAAAAGGGAAGCGAAABARAAAAAAAADANGGKTTGTGTTTTTTTTTTTTAAAWAARAGAANGAAGCAAAANAAAAAAANGCGTYGTGTTTTTTTTTTTTAAAGAAGAGGARRGANARNARAAAAAAAAATANKKSKBKTTTTTTTTTTTTTTAAANAAAAGAAAAAAANAACAAAATAANATNNANMTTTTTTTTTTTTTTTTTAAAAAAAAAAAAAGACAAAAAAAAAAAAAAGMGCNTTTTTTTTTTTTTTAAAAAAAAAAAAAAAAMAAAAAAAAAAAANATWNGNNTTTTTTTTTTWAATAAGAAAAAAAAAAAAVAAAAAAACAHAACCCCCTTNTTTTTTTTTNTTTAAAAAAAAAAAAAANAAAAHCCCACHACMACCTTHNNTATTTTTTTATATTAAAAAAAAAAAAAANAVCRAARMAMWAMMMMMMAWWMWAWYYNATTTTWWWWTTAAAAAAAAAAAAAAAAAAAAAACCCTCTTCTTTGAAAGATTTGAAATTTAAAAAAAAAAAAACAAAATAGACTTAGAAAGAGAACTCATCACAAATGAATAAAAGAAAAAAGAAAAGAAGCAAAAACANCCTCAAGGAATTTATCTACGTATTGCAAATGCCATCGTCCCTGCTCCNAATCGTCTCATGTACAATGATG,k__Fungi,NA,NA,NA,NA,NA,NA,l,g,gr3
3,4,b,I,NA,NA,NA,NA,NA,NA,NA,NA,NA,m,e,t3
3,4,c,B,NA,NA,NA,NA,NA,NA,NA,NA,NA,NA,NA,2143
3,4,d,I,NA,NA,NA,NA,NA,NA,NA,NA,NA,h,d,2602
3,4,e,E,Contig 6,AGAGGAGAAGCGGATAACAWAACGCGAAGCGCTTGTCTTGTTAGAGGAGGGAAGGGAAGCGGCATAACAAAARGCGGRGCGTCTTGTTTTTTTAGGGGAGRGGRGGGGMGSAATATMACAASGSGARGCGTCTTGTCTTGTTARWTTAGGGARGGGAAGCGGCATATCAAAAMGCGGAGCGTCTTGTTTTTTTAAAGAAGGGAAGCGAAGCATCATAACAAGAAGCGKCGTGTTTTKTTAAKATAAAGAAGGGAAGCAAAACAWAAAAANRYGTCGCGTCKTKTTTTGTTADDDAAGWRAARRGRARGRAARWAAMAWAARATTTAGAGACGTGTTTTAAAAAAGAAAACACCAAGGCCGGGTGGTGTGTGTTGTNCTTTTCTTCAAAAAAAAAAAAATCTGCATTTTTTTTTGTTTTGTTTTTTTTTTTTTCTAAAATAAAAAAATAGAGTAATTTTTTTTTTTTTTTTTTTTCTCTCTCTTCTAAAAAAAAAGAAGAGGAGAGTTGTTTTGTTTTTTTTCTCCTTCCCCTTAAAAAAAAAAAGAGCGACGTGTTTTTTTTTTGTGCTCCCCTCCCCCCCCAAAAAAAAAAAAAGACACTACTCTTTTTTATTTTTTGCTTTTCTTTTTTTTTAAAAAGGAGATGNAAAAAAAAAAAAAAAAGACCTTTTTTTTTTTTATTTTGAAANGCGGAACGTAAAAAATGNATCTGNCATCTTTTTTTTTTTTATAAAAAAGCGAAAAGAAATGTAAATTGCAGAATTCATTGTTTTATTTAAACTTTGAACGCACATTGAACCACTTGAAATCCCGAGGTTCATGCCTGTTCGAGAGACAAATCACCACTCAAGCCTGCCTTGGTGTTGTTTGACGTATACTAAGAAGACGCGACACGAAATGCTCGNCGGCGTGNACTGTAANAAAGAGAAGAAAAAATCTTTCCGCTTTGAAGTCGGNCCCCCCGTTTTGCCGGAAAAACCTAGCTCGCAAGTTTGACCTCGGAATCAGGCAG,k__Fungi,NA,NA,NA,NA,NA,NA,h,e,2398
3,4,f,B,Contig 5,AGAGGAGNAGCGGAGAGCAGAAGGCGAAGCGGTTGTCTTTTTAGAGGAGAGGGGGAAGCGGATAWCARAACGCGGGCTTTTGTTTTTTTAGTGKAGGGAGGGGAAGCAKCATATCAAAAAGCGGCGTTTTTTTTTTTTTTAAAAAAGGGAAGCGAAABARAAAAAAAADANGGKTTGTGTTTTTTTTTTTTAAAWAARAGAANGAAGCAAAANAAAAAAANGCGTYGTGTTTTTTTTTTTTAAAGAAGAGGARRGANARNARAAAAAAAAATANKKSKBKTTTTTTTTTTTTTTAAANAAAAGAAAAAAANAACAAAATAANATNNANMTTTTTTTTTTTTTTTTTAAAAAAAAAAAAAGACAAAAAAAAAAAAAAGMGCNTTTTTTTTTTTTTTAAAAAAAAAAAAAAAAMAAAAAAAAAAAANATWNGNNTTTTTTTTTTWAATAAGAAAAAAAAAAAAVAAAAAAACAHAACCCCCTTNTTTTTTTTTNTTTAAAAAAAAAAAAAANAAAAHCCCACHACMACCTTHNNTATTTTTTTATATTAAAAAAAAAAAAAANAVCRAARMAMWAMMMMMMAWWMWAWYYNATTTTWWWWTTAAAAAAAAAAAAAAAAAAAAAACCCTCTTCTTTGAAAGATTTGAAATTTAAAAAAAAAAAAACAAAATAGACTTAGAAAGAGAACTCATCACAAATGAATAAAAGAAAAAAGAAAAGAAGCAAAAACANCCTCAAGGAATTTATCTACGTATTGCAAATGCCATCGTCCCTGCTCCNAATCGTCTCATGTACAATGATG,k__Fungi,NA,NA,NA,NA,NA,NA,h,c,2792
3,4,h,H,Contig 10,GGGGGGTGTGGTGTTTAGGAAGAGGAGGGAGGGGGAGTAAAAAAAAGGGGGGGGGGGGGTTTYTTKWARAGAGAGGAGAAGCGGATAACAAAACGCGGAGCGNCTTGTTTTTTTAAAGGAGGGAAGGGAAGCGGMAWAACAAAAGGGGGGGGGTTTTGTTTTGGTAAGAGGAGGGGRGGGGAGTAAAAAAAAAAGGGGGGGGGTGTTTTGTTTTGAAGNGGAGGGGAGGGAAGAANTAAAAAAAGGGGGGGSGGTGTTTTTTTTTNTARRARAAGGAAGGGAAATAAAATNATAANGGGGGGGGGNGGTTTTTTTTTBGAAAAGAAGAVGAAGCAADAANNAAAAGGGGGGGGGKKKKKTWTRWTWWAKRRAASRKMRRAGMWKKGAAMYMMMMTGGGSGSSKKGKTATTCCGGAAAGAACGCCTGTCCAANTGCCCNNAATTTCTCCAAGCTTGGTGGGTTTTTTGGCGGCCCTTAGCCCTGGGTGGTGGGCTTTTGCCGGGGCCTTTGGTGGGAAGGGTTGGCCCTAAAANCCTTAAGCTGGCCCCCCGGGGGGGACTGGNTCAACCCCGCGGGGAAAAAGCCGGGCCCCCGGGNAATTTTTTTGGGAAGGGCAATTCCCTTTTGNNTGGCTTCCAAAACTGGGTTTTCGAAATTTTTAAAATGGGGTCCCATTTTTCCCTTTTGGCCCC,k__Fungi,NA,NA,NA,NA,NA,NA,l,g,gr3
3,5,b,G,Contig 5,AGAGGAGNAGCGGAGAGCAGAAGGCGAAGCGGTTGTCTTTTTAGAGGAGAGGGGGAAGCGGATAWCARAACGCGGGCTTTTGTTTTTTTAGTGKAGGGAGGGGAAGCAKCATATCAAAAAGCGGCGTTTTTTTTTTTTTTAAAAAAGGGAAGCGAAABARAAAAAAAADANGGKTTGTGTTTTTTTTTTTTAAAWAARAGAANGAAGCAAAANAAAAAAANGCGTYGTGTTTTTTTTTTTTAAAGAAGAGGARRGANARNARAAAAAAAAATANKKSKBKTTTTTTTTTTTTTTAAANAAAAGAAAAAAANAACAAAATAANATNNANMTTTTTTTTTTTTTTTTTAAAAAAAAAAAAAGACAAAAAAAAAAAAAAGMGCNTTTTTTTTTTTTTTAAAAAAAAAAAAAAAAMAAAAAAAAAAAANATWNGNNTTTTTTTTTTWAATAAGAAAAAAAAAAAAVAAAAAAACAHAACCCCCTTNTTTTTTTTTNTTTAAAAAAAAAAAAAANAAAAHCCCACHACMACCTTHNNTATTTTTTTATATTAAAAAAAAAAAAAANAVCRAARMAMWAMMMMMMAWWMWAWYYNATTTTWWWWTTAAAAAAAAAAAAAAAAAAAAAACCCTCTTCTTTGAAAGATTTGAAATTTAAAAAAAAAAAAACAAAATAGACTTAGAAAGAGAACTCATCACAAATGAATAAAAGAAAAAAGAAAAGAAGCAAAAACANCCTCAAGGAATTTATCTACGTATTGCAAATGCCATCGTCCCTGCTCCNAATCGTCTCATGTACAATGATG,k__Fungi,NA,NA,NA,NA,NA,NA,m,e,t3
3,5,c,F,NA,NA,NA,NA,NA,NA,NA,NA,NA,NA,NA,2143
3,5,e,A,NA,NA,NA,NA,NA,NA,NA,NA,NA,h,e,2398
3,5,f,D,NA,NA,NA,NA,NA,NA,NA,NA,NA,h,c,2792
3,5,g,A,NA,NA,NA,NA,NA,NA,NA,NA,NA,l,g,gr1
3,5,h,K,Contig 16,ATAACAAGAGGGGGAGGGTTTTGTTTTTTTAGTGAAGGGAGGGGAAGTATTATAAGGAGGGGGTTTTTTTTTTTTTTTTTTAGAGGAGGGAAGAAAAAAAAAAAAAGGGGGGGGGTTGTGTTTTGTTAATGAAGAGAAGAGAAATAAAACAAAAGGGGGGGGGGTGTTTTTTTAAGAAAAAGAAAAGAAAAAAAACAGATTAGGGGGGGGGTTGTTGTTTTGTAGGAGGAGGGAAGGGAAGCGKMWWANCAAAASGGGGMGGGTTTTKTTTTKKWAAWRRAGGGRRGGGRARYAWWAWAWMAWGGGGGGGGGTGTTTTTTTTTTRWARAGAARGGAARGRRARAAWAAWAMNGGGGGGGNNNGTNTTTTTTTTTTNWWAAKRRRRRWKKCAAMAMMRMAWSKSKRGGSKSKGGSKKYTTTKWWWAWWRMANAGAAAAAAAACATAATATAGGGGGGGGGGGTTTTTTGTTTTAAAAAAGAAGAGGAAAGGCACATAGCGCCGGGTGGGGTTGAGTTTTTTGAGGGGGAAAGAGAGCCGTGAACTCCATCAACCTTTCGGGTTTTTTGGACGGAAAAAAATGGACCTTGGCACCATTTGTTTTAGGGTCCTTTTGGAGCCCACCTC,k__Fungi,NA,NA,NA,NA,NA,NA,l,g,gr3
3,6,a,E,NA,NA,NA,NA,NA,NA,NA,NA,NA,h,a,2218
3,6,b,I,NA,NA,NA,NA,NA,NA,NA,NA,NA,m,e,t3
3,6,d,B,NA,NA,NA,NA,NA,NA,NA,NA,NA,h,d,2602
3,6,e,I,NA,NA,NA,NA,NA,NA,NA,NA,NA,h,e,2398
3,6,f,I,NA,NA,NA,NA,NA,NA,NA,NA,NA,h,c,2792
3,6,g,A,NA,NA,NA,NA,NA,NA,NA,NA,NA,l,g,gr1
3,6,h,K,Contig 12,AGAGGAGARGCGGATAACAKAACGNSRRGCGKTTGTTTTTTTAGNNRGGVGAGAGGGAAGCGGCATAACAAAAANGCGGNGCTTTTTTTTTTTTAAAGGAGGGAGGGGAAGCRGTATAACAAAAGGMGGKGTTTTTTTTTTTTTAAAAGAAGGGAAGCAAAATAAAATAACACRTRGYKTTTTTTTTTTTTWTTAAAAAAANNNAAGVGVAAMAAAAWAAATGATGTTTTTTTTTTTTTTTTTTTAAAAAAAAAAAAAAAAAAAAAAAATTAWAAACTTTTTTTTTTTTNTCYTYTTCYTTTYMAAAAAACCCMSCCYCCYCYMAYTKYTTYYNCCTCCNCTCCTTTTCCTTAACAAAACCCCCCCCCCCCCGTTTTTTTACTTCCCTTCCCTCCTCTCCCAAAACAAAACACCCCCCCCCTTGTTTTTTTGCTCCCCCCCCCCCCTCTACCAAAACANCACCCCCCCCCTTTTTNTATTCCGCTTCCCCTCCCTCCTTTAAAAANACAAGCGCTTCGCGTTATGNTATCCGCTTCTNCTCT,k__Fungi,NA,NA,NA,NA,NA,NA,l,g,gr3
3,7,a,A,NA,NA,NA,NA,NA,NA,NA,NA,NA,h,a,2218
3,7,c,B,NA,NA,NA,NA,NA,NA,NA,NA,NA,NA,NA,2143
3,7,e,N,NA,NA,NA,NA,NA,NA,NA,NA,NA,h,e,2398
3,7,f,L,Contig 14,AGAGNACGAGGCGGAGANCAAAAGGCGAGGCGTCTTGTCTTGNTAGGGGAGGGNGGGGAAGCAGCATAACAAAAAGCGGAGTGGCTTGTTTWGTAAAAGAAGGNAANGSAAAWAWAMAWAAMAKWAGCGTTGTTTTTTTTTNNTTWWAAAAAAAAAAAMRRAAWAAAMAAAMACTTCSCGTTTTTTTTTAGGGGAGGGGGGGAAGTTTATCCACACAGGGCGGTGTTTTTTTTGTAAAGGGGGGGGGAGGGGAGCCCCAAGGCGTGAGGCCCGGTTTTTTTTATAGAAAGATGAGGGAAGTTTTTTTAAAAAAAACCGGGGTTTGTTTTTTTTATARAAAAAAACACCCCCCACATATCAAGAGGTTGTGCTCCTCTCTTAAAACAAAAAAAAACACGGCACGTTTTTTTGCTCCCCTCCCCTCCTCTACAAAAAAAAAAAACAACGCCCCATGATATTTTGCTCCCCTCCCCTCCTTTAACAAAAAAAAACGCTCCGCCTCTTGATAGCCGCTCCCCTTCCCTCCTTTAAAAAAACAAGACGC,k__Fungi,NA,NA,NA,NA,NA,NA,h,c,2792
3,7,g,A,Contig 12,AGAGGAGARGCGGATAACAKAACGNSRRGCGKTTGTTTTTTTAGNNRGGVGAGAGGGAAGCGGCATAACAAAAANGCGGNGCTTTTTTTTTTTTAAAGGAGGGAGGGGAAGCRGTATAACAAAAGGMGGKGTTTTTTTTTTTTTAAAAGAAGGGAAGCAAAATAAAATAACACRTRGYKTTTTTTTTTTTTWTTAAAAAAANNNAAGVGVAAMAAAAWAAATGATGTTTTTTTTTTTTTTTTTTTAAAAAAAAAAAAAAAAAAAAAAAATTAWAAACTTTTTTTTTTTTNTCYTYTTCYTTTYMAAAAAACCCMSCCYCCYCYMAYTKYTTYYNCCTCCNCTCCTTTTCCTTAACAAAACCCCCCCCCCCCCGTTTTTTTACTTCCCTTCCCTCCTCTCCCAAAACAAAACACCCCCCCCCTTGTTTTTTTGCTCCCCCCCCCCCCTCTACCAAAACANCACCCCCCCCCTTTTTNTATTCCGCTTCCCCTCCCTCCTTTAAAAANACAAGCGCTTCGCGTTATGNTATCCGCTTCTNCTCT,k__Fungi,NA,NA,NA,NA,NA,NA,l,g,gr1
3,7,h,K,NA,NA,NA,NA,NA,NA,NA,NA,NA,l,g,gr3
3,8,a,D,NA,NA,NA,NA,NA,NA,NA,NA,NA,h,a,2218
3,8,b,A,NA,NA,NA,NA,NA,NA,NA,NA,NA,m,e,t3
3,8,c,I,NA,NA,NA,NA,NA,NA,NA,NA,NA,NA,NA,2143
3,8,d,L,NA,NA,NA,NA,NA,NA,NA,NA,NA,h,d,2602
3,8,e,N,NA,NA,NA,NA,NA,NA,NA,NA,NA,h,e,2398
3,8,f,B,NA,NA,NA,NA,NA,NA,NA,NA,NA,h,c,2792
3,9,a,D,NA,NA,NA,NA,NA,NA,NA,NA,NA,h,a,2218
3,9,c,E,Contig 10,GGGGGGTGTGGTGTTTAGGAAGAGGAGGGAGGGGGAGTAAAAAAAAGGGGGGGGGGGGGTTTYTTKWARAGAGAGGAGAAGCGGATAACAAAACGCGGAGCGNCTTGTTTTTTTAAAGGAGGGAAGGGAAGCGGMAWAACAAAAGGGGGGGGGTTTTGTTTTGGTAAGAGGAGGGGRGGGGAGTAAAAAAAAAAGGGGGGGGGTGTTTTGTTTTGAAGNGGAGGGGAGGGAAGAANTAAAAAAAGGGGGGGSGGTGTTTTTTTTTNTARRARAAGGAAGGGAAATAAAATNATAANGGGGGGGGGNGGTTTTTTTTTBGAAAAGAAGAVGAAGCAADAANNAAAAGGGGGGGGGKKKKKTWTRWTWWAKRRAASRKMRRAGMWKKGAAMYMMMMTGGGSGSSKKGKTATTCCGGAAAGAACGCCTGTCCAANTGCCCNNAATTTCTCCAAGCTTGGTGGGTTTTTTGGCGGCCCTTAGCCCTGGGTGGTGGGCTTTTGCCGGGGCCTTTGGTGGGAAGGGTTGGCCCTAAAANCCTTAAGCTGGCCCCCCGGGGGGGACTGGNTCAACCCCGCGGGGAAAAAGCCGGGCCCCCGGGNAATTTTTTTGGGAAGGGCAATTCCCTTTTGNNTGGCTTCCAAAACTGGGTTTTCGAAATTTTTAAAATGGGGTCCCATTTTTCCCTTTTGGCCCC,k__Fungi,NA,NA,NA,NA,NA,NA,NA,NA,2143
3,9,e,D,Contig 5,AGAGGAGNAGCGGAGAGCAGAAGGCGAAGCGGTTGTCTTTTTAGAGGAGAGGGGGAAGCGGATAWCARAACGCGGGCTTTTGTTTTTTTAGTGKAGGGAGGGGAAGCAKCATATCAAAAAGCGGCGTTTTTTTTTTTTTTAAAAAAGGGAAGCGAAABARAAAAAAAADANGGKTTGTGTTTTTTTTTTTTAAAWAARAGAANGAAGCAAAANAAAAAAANGCGTYGTGTTTTTTTTTTTTAAAGAAGAGGARRGANARNARAAAAAAAAATANKKSKBKTTTTTTTTTTTTTTAAANAAAAGAAAAAAANAACAAAATAANATNNANMTTTTTTTTTTTTTTTTTAAAAAAAAAAAAAGACAAAAAAAAAAAAAAGMGCNTTTTTTTTTTTTTTAAAAAAAAAAAAAAAAMAAAAAAAAAAAANATWNGNNTTTTTTTTTTWAATAAGAAAAAAAAAAAAVAAAAAAACAHAACCCCCTTNTTTTTTTTTNTTTAAAAAAAAAAAAAANAAAAHCCCACHACMACCTTHNNTATTTTTTTATATTAAAAAAAAAAAAAANAVCRAARMAMWAMMMMMMAWWMWAWYYNATTTTWWWWTTAAAAAAAAAAAAAAAAAAAAAACCCTCTTCTTTGAAAGATTTGAAATTTAAAAAAAAAAAAACAAAATAGACTTAGAAAGAGAACTCATCACAAATGAATAAAAGAAAAAAGAAAAGAAGCAAAAACANCCTCAAGGAATTTATCTACGTATTGCAAATGCCATCGTCCCTGCTCCNAATCGTCTCATGTACAATGATG,k__Fungi,NA,NA,NA,NA,NA,NA,h,e,2398
3,9,f,B,NA,NA,NA,NA,NA,NA,NA,NA,NA,h,c,2792
3,9,h,D,Contig 12,AGAGGAGARGCGGATAACAKAACGNSRRGCGKTTGTTTTTTTAGNNRGGVGAGAGGGAAGCGGCATAACAAAAANGCGGNGCTTTTTTTTTTTTAAAGGAGGGAGGGGAAGCRGTATAACAAAAGGMGGKGTTTTTTTTTTTTTAAAAGAAGGGAAGCAAAATAAAATAACACRTRGYKTTTTTTTTTTTTWTTAAAAAAANNNAAGVGVAAMAAAAWAAATGATGTTTTTTTTTTTTTTTTTTTAAAAAAAAAAAAAAAAAAAAAAAATTAWAAACTTTTTTTTTTTTNTCYTYTTCYTTTYMAAAAAACCCMSCCYCCYCYMAYTKYTTYYNCCTCCNCTCCTTTTCCTTAACAAAACCCCCCCCCCCCCGTTTTTTTACTTCCCTTCCCTCCTCTCCCAAAACAAAACACCCCCCCCCTTGTTTTTTTGCTCCCCCCCCCCCCTCTACCAAAACANCACCCCCCCCCTTTTTNTATTCCGCTTCCCCTCCCTCCTTTAAAAANACAAGCGCTTCGCGTTATGNTATCCGCTTCTNCTCT,k__Fungi,NA,NA,NA,NA,NA,NA,l,g,gr3
3,10,b,F,NA,NA,NA,NA,NA,NA,NA,NA,NA,m,e,t3
3,10,c,B,NA,NA,NA,NA,NA,NA,NA,NA,NA,NA,NA,2143
3,10,d,B,Contig 6,AGAGGAGAAGCGGATAACAWAACGCGAAGCGCTTGTCTTGTTAGAGGAGGGAAGGGAAGCGGCATAACAAAARGCGGRGCGTCTTGTTTTTTTAGGGGAGRGGRGGGGMGSAATATMACAASGSGARGCGTCTTGTCTTGTTARWTTAGGGARGGGAAGCGGCATATCAAAAMGCGGAGCGTCTTGTTTTTTTAAAGAAGGGAAGCGAAGCATCATAACAAGAAGCGKCGTGTTTTKTTAAKATAAAGAAGGGAAGCAAAACAWAAAAANRYGTCGCGTCKTKTTTTGTTADDDAAGWRAARRGRARGRAARWAAMAWAARATTTAGAGACGTGTTTTAAAAAAGAAAACACCAAGGCCGGGTGGTGTGTGTTGTNCTTTTCTTCAAAAAAAAAAAAATCTGCATTTTTTTTTGTTTTGTTTTTTTTTTTTTCTAAAATAAAAAAATAGAGTAATTTTTTTTTTTTTTTTTTTTCTCTCTCTTCTAAAAAAAAAGAAGAGGAGAGTTGTTTTGTTTTTTTTCTCCTTCCCCTTAAAAAAAAAAAGAGCGACGTGTTTTTTTTTTGTGCTCCCCTCCCCCCCCAAAAAAAAAAAAAGACACTACTCTTTTTTATTTTTTGCTTTTCTTTTTTTTTAAAAAGGAGATGNAAAAAAAAAAAAAAAAGACCTTTTTTTTTTTTATTTTGAAANGCGGAACGTAAAAAATGNATCTGNCATCTTTTTTTTTTTTATAAAAAAGCGAAAAGAAATGTAAATTGCAGAATTCATTGTTTTATTTAAACTTTGAACGCACATTGAACCACTTGAAATCCCGAGGTTCATGCCTGTTCGAGAGACAAATCACCACTCAAGCCTGCCTTGGTGTTGTTTGACGTATACTAAGAAGACGCGACACGAAATGCTCGNCGGCGTGNACTGTAANAAAGAGAAGAAAAAATCTTTCCGCTTTGAAGTCGGNCCCCCCGTTTTGCCGGAAAAACCTAGCTCGCAAGTTTGACCTCGGAATCAGGCAG,k__Fungi,NA,NA,NA,NA,NA,NA,h,d,2602
3,10,e,B,NA,NA,NA,NA,NA,NA,NA,NA,NA,h,e,2398
3,10,g,K,NA,NA,NA,NA,NA,NA,NA,NA,NA,l,g,gr1
3,10,h,E,NA,NA,NA,NA,NA,NA,NA,NA,NA,l,g,gr3
3,11,a,B,NA,NA,NA,NA,NA,NA,NA,NA,NA,h,a,2218
3,11,c,D,NA,NA,NA,NA,NA,NA,NA,NA,NA,NA,NA,2143
3,11,d,B,NA,NA,NA,NA,NA,NA,NA,NA,NA,h,d,2602
3,11,e,F,NA,NA,NA,NA,NA,NA,NA,NA,NA,h,e,2398
3,11,f,B,NA,NA,NA,NA,NA,NA,NA,NA,NA,h,c,2792
3,11,g,N,NA,NA,NA,NA,NA,NA,NA,NA,NA,l,g,gr1
3,11,h,K,NA,NA,NA,NA,NA,NA,NA,NA,NA,l,g,gr3
3,12,a,C,NA,NA,NA,NA,NA,NA,NA,NA,NA,h,a,2218
3,12,b,B,NA,NA,NA,NA,NA,NA,NA,NA,NA,m,e,t3
3,12,c,M,NA,NA,NA,NA,NA,NA,NA,NA,NA,NA,NA,2143
3,12,d,D,NA,NA,NA,NA,NA,NA,NA,NA,NA,h,d,2602
3,12,e,B,NA,NA,NA,NA,NA,NA,NA,NA,NA,h,e,2398
3,12,f,A,NA,NA,NA,NA,NA,NA,NA,NA,NA,h,c,2792
3,12,g,BLANK,NA,NA,NA,NA,NA,NA,NA,NA,NA,l,g,gr1
3,12,h,H,NA,NA,NA,NA,NA,NA,NA,NA,NA,l,g,gr3
4,1,a,B,Contig 20,AGAGGNGAAGCGGATAACAAAAGGCGAAGCGGTTGTTTTGTTAGAGTAGGGAGGGGAAGCAGCATAAAAAAAAGCGGAGTGTTTTGTTTTTTTAAAGAAGGGAAGGGAAATAAAAAAAAAAAAAGCGTTTTGTTTTTTTAATTAAAATAAAGGAAGCAAAACAAAAAAAAAAGTTGTGTNTTGTTTTTTWGAAAGGGGGACCTATATAAAAAAAAACAAACTTTCCGCATTTTTTTTTTTTTGGGTCGCGGGGTCGGTGAAAAAACGCAGCGGNATGGGGTAAGTNAGGGGGAANGGCAGAATTCAGTGAACCATCCAATCTTTTGGACGGCTCTTTGTGCTTCTTTGNAATCCCGGAGGACCTGCCCTGGTTTGGGGGGCCTTAAAATTTTTTTTAACCCCCCCCCCTTGGGGAGGGGGGGGGNTTTTGGGGGGGGNNNTTTGTGGCCCCTTTTNTTNAAAAAAAAGGGGGCCCCCCCCCCCCCGAAAGGGGTTAAACAAAAAAACCTTTTTATTGGGGGGGAAAAACCTCCCCGGCCCAAGGGGGGGGGGGGGGGTATTTTCTTTTTTTTCAAAGGTTTTTTTGAAAAAACTTTTTAAAAGGGGGGCCCCCCAAAACGGGGGAGCCCCCCCCCCGGAAAAAAAAAAAAAAAAAAANGGGGGAAATTTTTNTTTTTTTGCCCGCACTCAAAAAGGAAAAAAAAAGCCGGGTTTTTTTTTTTTTTTTTTAAGCCCTCTTCCAAATAAAATAGGGNGGGGCCTTCTTTTTTTATTTATAGAGTCAAAGTACAATCCAACGCCT,k__Fungi,NA,NA,NA,NA,NA,NA,l,f,402
4,1,b,D,NA,NA,NA,NA,NA,NA,NA,NA,NA,h,b,2127
4,1,e,C,Contig 5,AGAGGAGNAGCGGAGAGCAGAAGGCGAAGCGGTTGTCTTTTTAGAGGAGAGGGGGAAGCGGATAWCARAACGCGGGCTTTTGTTTTTTTAGTGKAGGGAGGGGAAGCAKCATATCAAAAAGCGGCGTTTTTTTTTTTTTTAAAAAAGGGAAGCGAAABARAAAAAAAADANGGKTTGTGTTTTTTTTTTTTAAAWAARAGAANGAAGCAAAANAAAAAAANGCGTYGTGTTTTTTTTTTTTAAAGAAGAGGARRGANARNARAAAAAAAAATANKKSKBKTTTTTTTTTTTTTTAAANAAAAGAAAAAAANAACAAAATAANATNNANMTTTTTTTTTTTTTTTTTAAAAAAAAAAAAAGACAAAAAAAAAAAAAAGMGCNTTTTTTTTTTTTTTAAAAAAAAAAAAAAAAMAAAAAAAAAAAANATWNGNNTTTTTTTTTTWAATAAGAAAAAAAAAAAAVAAAAAAACAHAACCCCCTTNTTTTTTTTTNTTTAAAAAAAAAAAAAANAAAAHCCCACHACMACCTTHNNTATTTTTTTATATTAAAAAAAAAAAAAANAVCRAARMAMWAMMMMMMAWWMWAWYYNATTTTWWWWTTAAAAAAAAAAAAAAAAAAAAAACCCTCTTCTTTGAAAGATTTGAAATTTAAAAAAAAAAAAACAAAATAGACTTAGAAAGAGAACTCATCACAAATGAATAAAAGAAAAAAGAAAAGAAGCAAAAACANCCTCAAGGAATTTATCTACGTATTGCAAATGCCATCGTCCCTGCTCCNAATCGTCTCATGTACAATGATG,k__Fungi,NA,NA,NA,NA,NA,NA,h,c,2815
4,1,h,H,NA,NA,NA,NA,NA,NA,NA,NA,NA,h,a,2234
4,2,b,E,NA,NA,NA,NA,NA,NA,NA,NA,NA,h,b,2127
4,2,e,C,NA,NA,NA,NA,NA,NA,NA,NA,NA,h,c,2815
4,2,g,B,NA,NA,NA,NA,NA,NA,NA,NA,NA,l,c,106
4,2,h,B,NA,NA,NA,NA,NA,NA,NA,NA,NA,h,a,2234
4,3,b,A,NA,NA,NA,NA,NA,NA,NA,NA,NA,h,b,2127
4,3,c,B,NA,NA,NA,NA,NA,NA,NA,NA,NA,l,c,gr1
4,3,d,L,NA,NA,NA,NA,NA,NA,NA,NA,NA,m,e,t1
4,3,e,D,Contig 5,AGAGGAGNAGCGGAGAGCAGAAGGCGAAGCGGTTGTCTTTTTAGAGGAGAGGGGGAAGCGGATAWCARAACGCGGGCTTTTGTTTTTTTAGTGKAGGGAGGGGAAGCAKCATATCAAAAAGCGGCGTTTTTTTTTTTTTTAAAAAAGGGAAGCGAAABARAAAAAAAADANGGKTTGTGTTTTTTTTTTTTAAAWAARAGAANGAAGCAAAANAAAAAAANGCGTYGTGTTTTTTTTTTTTAAAGAAGAGGARRGANARNARAAAAAAAAATANKKSKBKTTTTTTTTTTTTTTAAANAAAAGAAAAAAANAACAAAATAANATNNANMTTTTTTTTTTTTTTTTTAAAAAAAAAAAAAGACAAAAAAAAAAAAAAGMGCNTTTTTTTTTTTTTTAAAAAAAAAAAAAAAAMAAAAAAAAAAAANATWNGNNTTTTTTTTTTWAATAAGAAAAAAAAAAAAVAAAAAAACAHAACCCCCTTNTTTTTTTTTNTTTAAAAAAAAAAAAAANAAAAHCCCACHACMACCTTHNNTATTTTTTTATATTAAAAAAAAAAAAAANAVCRAARMAMWAMMMMMMAWWMWAWYYNATTTTWWWWTTAAAAAAAAAAAAAAAAAAAAAACCCTCTTCTTTGAAAGATTTGAAATTTAAAAAAAAAAAAACAAAATAGACTTAGAAAGAGAACTCATCACAAATGAATAAAAGAAAAAAGAAAAGAAGCAAAAACANCCTCAAGGAATTTATCTACGTATTGCAAATGCCATCGTCCCTGCTCCNAATCGTCTCATGTACAATGATG,k__Fungi,NA,NA,NA,NA,NA,NA,h,c,2815
4,3,g,F,NA,NA,NA,NA,NA,NA,NA,NA,NA,l,c,106
4,3,h,A,NA,NA,NA,NA,NA,NA,NA,NA,NA,h,a,2234
4,4,a,E,NA,NA,NA,NA,NA,NA,NA,NA,NA,l,f,402
4,4,b,D,NA,NA,NA,NA,NA,NA,NA,NA,NA,h,b,2127
4,4,d,C,Contig 5,AGAGGAGNAGCGGAGAGCAGAAGGCGAAGCGGTTGTCTTTTTAGAGGAGAGGGGGAAGCGGATAWCARAACGCGGGCTTTTGTTTTTTTAGTGKAGGGAGGGGAAGCAKCATATCAAAAAGCGGCGTTTTTTTTTTTTTTAAAAAAGGGAAGCGAAABARAAAAAAAADANGGKTTGTGTTTTTTTTTTTTAAAWAARAGAANGAAGCAAAANAAAAAAANGCGTYGTGTTTTTTTTTTTTAAAGAAGAGGARRGANARNARAAAAAAAAATANKKSKBKTTTTTTTTTTTTTTAAANAAAAGAAAAAAANAACAAAATAANATNNANMTTTTTTTTTTTTTTTTTAAAAAAAAAAAAAGACAAAAAAAAAAAAAAGMGCNTTTTTTTTTTTTTTAAAAAAAAAAAAAAAAMAAAAAAAAAAAANATWNGNNTTTTTTTTTTWAATAAGAAAAAAAAAAAAVAAAAAAACAHAACCCCCTTNTTTTTTTTTNTTTAAAAAAAAAAAAAANAAAAHCCCACHACMACCTTHNNTATTTTTTTATATTAAAAAAAAAAAAAANAVCRAARMAMWAMMMMMMAWWMWAWYYNATTTTWWWWTTAAAAAAAAAAAAAAAAAAAAAACCCTCTTCTTTGAAAGATTTGAAATTTAAAAAAAAAAAAACAAAATAGACTTAGAAAGAGAACTCATCACAAATGAATAAAAGAAAAAAGAAAAGAAGCAAAAACANCCTCAAGGAATTTATCTACGTATTGCAAATGCCATCGTCCCTGCTCCNAATCGTCTCATGTACAATGATG,k__Fungi,NA,NA,NA,NA,NA,NA,m,e,t1
4,4,f,A,Contig 12,AGAGGAGARGCGGATAACAKAACGNSRRGCGKTTGTTTTTTTAGNNRGGVGAGAGGGAAGCGGCATAACAAAAANGCGGNGCTTTTTTTTTTTTAAAGGAGGGAGGGGAAGCRGTATAACAAAAGGMGGKGTTTTTTTTTTTTTAAAAGAAGGGAAGCAAAATAAAATAACACRTRGYKTTTTTTTTTTTTWTTAAAAAAANNNAAGVGVAAMAAAAWAAATGATGTTTTTTTTTTTTTTTTTTTAAAAAAAAAAAAAAAAAAAAAAAATTAWAAACTTTTTTTTTTTTNTCYTYTTCYTTTYMAAAAAACCCMSCCYCCYCYMAYTKYTTYYNCCTCCNCTCCTTTTCCTTAACAAAACCCCCCCCCCCCCGTTTTTTTACTTCCCTTCCCTCCTCTCCCAAAACAAAACACCCCCCCCCTTGTTTTTTTGCTCCCCCCCCCCCCTCTACCAAAACANCACCCCCCCCCTTTTTNTATTCCGCTTCCCCTCCCTCCTTTAAAAANACAAGCGCTTCGCGTTATGNTATCCGCTTCTNCTCT,k__Fungi,NA,NA,NA,NA,NA,NA,l,f,gr1
4,4,h,F,NA,NA,NA,NA,NA,NA,NA,NA,NA,h,a,2234
4,5,b,D,NA,NA,NA,NA,NA,NA,NA,NA,NA,h,b,2127
4,5,d,F,NA,NA,NA,NA,NA,NA,NA,NA,NA,m,e,t1
4,5,e,A,NA,NA,NA,NA,NA,NA,NA,NA,NA,h,c,2815
4,5,h,A,NA,NA,NA,NA,NA,NA,NA,NA,NA,h,a,2234
4,6,c,D,Contig 14,AGAGNACGAGGCGGAGANCAAAAGGCGAGGCGTCTTGTCTTGNTAGGGGAGGGNGGGGAAGCAGCATAACAAAAAGCGGAGTGGCTTGTTTWGTAAAAGAAGGNAANGSAAAWAWAMAWAAMAKWAGCGTTGTTTTTTTTTNNTTWWAAAAAAAAAAAMRRAAWAAAMAAAMACTTCSCGTTTTTTTTTAGGGGAGGGGGGGAAGTTTATCCACACAGGGCGGTGTTTTTTTTGTAAAGGGGGGGGGAGGGGAGCCCCAAGGCGTGAGGCCCGGTTTTTTTTATAGAAAGATGAGGGAAGTTTTTTTAAAAAAAACCGGGGTTTGTTTTTTTTATARAAAAAAACACCCCCCACATATCAAGAGGTTGTGCTCCTCTCTTAAAACAAAAAAAAACACGGCACGTTTTTTTGCTCCCCTCCCCTCCTCTACAAAAAAAAAAAACAACGCCCCATGATATTTTGCTCCCCTCCCCTCCTTTAACAAAAAAAAACGCTCCGCCTCTTGATAGCCGCTCCCCTTCCCTCCTTTAAAAAAACAAGACGC,k__Fungi,NA,NA,NA,NA,NA,NA,l,c,gr1
4,6,d,F,Contig 12,AGAGGAGARGCGGATAACAKAACGNSRRGCGKTTGTTTTTTTAGNNRGGVGAGAGGGAAGCGGCATAACAAAAANGCGGNGCTTTTTTTTTTTTAAAGGAGGGAGGGGAAGCRGTATAACAAAAGGMGGKGTTTTTTTTTTTTTAAAAGAAGGGAAGCAAAATAAAATAACACRTRGYKTTTTTTTTTTTTWTTAAAAAAANNNAAGVGVAAMAAAAWAAATGATGTTTTTTTTTTTTTTTTTTTAAAAAAAAAAAAAAAAAAAAAAAATTAWAAACTTTTTTTTTTTTNTCYTYTTCYTTTYMAAAAAACCCMSCCYCCYCYMAYTKYTTYYNCCTCCNCTCCTTTTCCTTAACAAAACCCCCCCCCCCCCGTTTTTTTACTTCCCTTCCCTCCTCTCCCAAAACAAAACACCCCCCCCCTTGTTTTTTTGCTCCCCCCCCCCCCTCTACCAAAACANCACCCCCCCCCTTTTTNTATTCCGCTTCCCCTCCCTCCTTTAAAAANACAAGCGCTTCGCGTTATGNTATCCGCTTCTNCTCT,k__Fungi,NA,NA,NA,NA,NA,NA,m,e,t1
4,6,g,E,NA,NA,NA,NA,NA,NA,NA,NA,NA,l,c,106
4,7,a,L,NA,NA,NA,NA,NA,NA,NA,NA,NA,l,f,402
4,7,b,A,NA,NA,NA,NA,NA,NA,NA,NA,NA,h,b,2127
4,7,d,L,NA,NA,NA,NA,NA,NA,NA,NA,NA,m,e,t1
4,7,e,D,NA,NA,NA,NA,NA,NA,NA,NA,NA,h,c,2815
4,8,a,E,NA,NA,NA,NA,NA,NA,NA,NA,NA,l,f,402
4,8,b,F,NA,NA,NA,NA,NA,NA,NA,NA,NA,h,b,2127
4,8,c,K,NA,NA,NA,NA,NA,NA,NA,NA,NA,l,c,gr1
4,8,f,A,NA,NA,NA,NA,NA,NA,NA,NA,NA,l,f,gr1
4,8,g,E,Contig 21,AGGGGAGCNNCACAAAAAAAGGGGGGGGGGGGTGTGTTTTTTTAAAGNAAGGGNGNNACCNCCCACCNNNGGGGGGGGGTTTTTTTTTTTTAAAAAAAGGGNAACNCACCCCCCCCCCGGGGGGGGGSGGTTTTTTTTTTAAARGAGGGAGGGGAAGCATAATATCAAAACGCGTGGTTTTTTTTTTTTTTAAAGAAGAGAAGGGAAATAAAATAAAAATTGGCTTTTTTTTTTTTTTAAAAAAAAAAAAGAAGTAAAAAAAAAAAAGGAGGAGCTTTGTTTTTTATAAAAAAAAATAAGAAAAAAAAAAAATAAAAAGACTTTTTTTTTTTTTTTAAAAAAAAAAAAAAAAAAAAAAAAAAAAAATTTCTCTTTTTTTTTTTTAAAAAAAAAAAAAAAAAGAAAAAAAAAGTGAAATTTGGAGTTTTTTGAAAAAAAAAAAATTTAAACACACATTGCGCTCCTTGTGATATTGAGAAGAATGCGTGTGTGAGAGTGATACAAAACTCAACCTTTTANATTTTATAATATTGTATATAGTTGTATGTGTGNNTTGCACACTCCNCCTCTGTGGTCACCTCTCC,k__Fungi,NA,NA,NA,NA,NA,NA,l,c,106
4,8,h,F,NA,NA,NA,NA,NA,NA,NA,NA,NA,h,a,2234
4,9,a,M,Contig 5,AGAGGAGNAGCGGAGAGCAGAAGGCGAAGCGGTTGTCTTTTTAGAGGAGAGGGGGAAGCGGATAWCARAACGCGGGCTTTTGTTTTTTTAGTGKAGGGAGGGGAAGCAKCATATCAAAAAGCGGCGTTTTTTTTTTTTTTAAAAAAGGGAAGCGAAABARAAAAAAAADANGGKTTGTGTTTTTTTTTTTTAAAWAARAGAANGAAGCAAAANAAAAAAANGCGTYGTGTTTTTTTTTTTTAAAGAAGAGGARRGANARNARAAAAAAAAATANKKSKBKTTTTTTTTTTTTTTAAANAAAAGAAAAAAANAACAAAATAANATNNANMTTTTTTTTTTTTTTTTTAAAAAAAAAAAAAGACAAAAAAAAAAAAAAGMGCNTTTTTTTTTTTTTTAAAAAAAAAAAAAAAAMAAAAAAAAAAAANATWNGNNTTTTTTTTTTWAATAAGAAAAAAAAAAAAVAAAAAAACAHAACCCCCTTNTTTTTTTTTNTTTAAAAAAAAAAAAAANAAAAHCCCACHACMACCTTHNNTATTTTTTTATATTAAAAAAAAAAAAAANAVCRAARMAMWAMMMMMMAWWMWAWYYNATTTTWWWWTTAAAAAAAAAAAAAAAAAAAAAACCCTCTTCTTTGAAAGATTTGAAATTTAAAAAAAAAAAAACAAAATAGACTTAGAAAGAGAACTCATCACAAATGAATAAAAGAAAAAAGAAAAGAAGCAAAAACANCCTCAAGGAATTTATCTACGTATTGCAAATGCCATCGTCCCTGCTCCNAATCGTCTCATGTACAATGATG,k__Fungi,NA,NA,NA,NA,NA,NA,l,f,402
4,9,f,D,NA,NA,NA,NA,NA,NA,NA,NA,NA,l,f,gr1
4,9,h,F,Contig 6,AGAGGAGAAGCGGATAACAWAACGCGAAGCGCTTGTCTTGTTAGAGGAGGGAAGGGAAGCGGCATAACAAAARGCGGRGCGTCTTGTTTTTTTAGGGGAGRGGRGGGGMGSAATATMACAASGSGARGCGTCTTGTCTTGTTARWTTAGGGARGGGAAGCGGCATATCAAAAMGCGGAGCGTCTTGTTTTTTTAAAGAAGGGAAGCGAAGCATCATAACAAGAAGCGKCGTGTTTTKTTAAKATAAAGAAGGGAAGCAAAACAWAAAAANRYGTCGCGTCKTKTTTTGTTADDDAAGWRAARRGRARGRAARWAAMAWAARATTTAGAGACGTGTTTTAAAAAAGAAAACACCAAGGCCGGGTGGTGTGTGTTGTNCTTTTCTTCAAAAAAAAAAAAATCTGCATTTTTTTTTGTTTTGTTTTTTTTTTTTTCTAAAATAAAAAAATAGAGTAATTTTTTTTTTTTTTTTTTTTCTCTCTCTTCTAAAAAAAAAGAAGAGGAGAGTTGTTTTGTTTTTTTTCTCCTTCCCCTTAAAAAAAAAAAGAGCGACGTGTTTTTTTTTTGTGCTCCCCTCCCCCCCCAAAAAAAAAAAAAGACACTACTCTTTTTTATTTTTTGCTTTTCTTTTTTTTTAAAAAGGAGATGNAAAAAAAAAAAAAAAAGACCTTTTTTTTTTTTATTTTGAAANGCGGAACGTAAAAAATGNATCTGNCATCTTTTTTTTTTTTATAAAAAAGCGAAAAGAAATGTAAATTGCAGAATTCATTGTTTTATTTAAACTTTGAACGCACATTGAACCACTTGAAATCCCGAGGTTCATGCCTGTTCGAGAGACAAATCACCACTCAAGCCTGCCTTGGTGTTGTTTGACGTATACTAAGAAGACGCGACACGAAATGCTCGNCGGCGTGNACTGTAANAAAGAGAAGAAAAAATCTTTCCGCTTTGAAGTCGGNCCCCCCGTTTTGCCGGAAAAACCTAGCTCGCAAGTTTGACCTCGGAATCAGGCAG,k__Fungi,NA,NA,NA,NA,NA,NA,h,a,2234
4,10,b,A,NA,NA,NA,NA,NA,NA,NA,NA,NA,h,b,2127
4,10,e,B,NA,NA,NA,NA,NA,NA,NA,NA,NA,h,c,2815
4,10,g,E,NA,NA,NA,NA,NA,NA,NA,NA,NA,l,c,106
4,11,b,D,Contig 12,AGAGGAGARGCGGATAACAKAACGNSRRGCGKTTGTTTTTTTAGNNRGGVGAGAGGGAAGCGGCATAACAAAAANGCGGNGCTTTTTTTTTTTTAAAGGAGGGAGGGGAAGCRGTATAACAAAAGGMGGKGTTTTTTTTTTTTTAAAAGAAGGGAAGCAAAATAAAATAACACRTRGYKTTTTTTTTTTTTWTTAAAAAAANNNAAGVGVAAMAAAAWAAATGATGTTTTTTTTTTTTTTTTTTTAAAAAAAAAAAAAAAAAAAAAAAATTAWAAACTTTTTTTTTTTTNTCYTYTTCYTTTYMAAAAAACCCMSCCYCCYCYMAYTKYTTYYNCCTCCNCTCCTTTTCCTTAACAAAACCCCCCCCCCCCCGTTTTTTTACTTCCCTTCCCTCCTCTCCCAAAACAAAACACCCCCCCCCTTGTTTTTTTGCTCCCCCCCCCCCCTCTACCAAAACANCACCCCCCCCCTTTTTNTATTCCGCTTCCCCTCCCTCCTTTAAAAANACAAGCGCTTCGCGTTATGNTATCCGCTTCTNCTCT,k__Fungi,NA,NA,NA,NA,NA,NA,h,b,2127
4,11,e,C,NA,NA,NA,NA,NA,NA,NA,NA,NA,h,c,2815
4,11,f,C,NA,NA,NA,NA,NA,NA,NA,NA,NA,l,f,gr1
4,11,g,M,NA,NA,NA,NA,NA,NA,NA,NA,NA,l,c,106
4,11,h,F,NA,NA,NA,NA,NA,NA,NA,NA,NA,h,a,2234
4,12,a,K,NA,NA,NA,NA,NA,NA,NA,NA,NA,l,f,402
4,12,e,A,NA,NA,NA,NA,NA,NA,NA,NA,NA,h,c,2815
4,12,f,E,NA,NA,NA,NA,NA,NA,NA,NA,NA,l,f,gr1
4,12,g,E,NA,NA,NA,NA,NA,NA,NA,NA,NA,l,c,106
4,12,h,H,NA,NA,NA,NA,NA,NA,NA,NA,NA,h,a,2234
5,1,a,A,NA,NA,NA,NA,NA,NA,NA,NA,NA,l,c,108
5,1,d,E,NA,NA,NA,NA,NA,NA,NA,NA,NA,h,c,2808
5,1,e,A,NA,NA,NA,NA,NA,NA,NA,NA,NA,h,a,2203
5,2,a,C,NA,NA,NA,NA,NA,NA,NA,NA,NA,l,c,108
5,2,b,E,NA,NA,NA,NA,NA,NA,NA,NA,NA,h,d,2551
5,2,c,E,NA,NA,NA,NA,NA,NA,NA,NA,NA,h,d,2572
5,2,d,D,NA,NA,NA,NA,NA,NA,NA,NA,NA,h,c,2808
5,2,e,B,NA,NA,NA,NA,NA,NA,NA,NA,NA,h,a,2203
5,2,f,A,Contig 6,AGAGGAGAAGCGGATAACAWAACGCGAAGCGCTTGTCTTGTTAGAGGAGGGAAGGGAAGCGGCATAACAAAARGCGGRGCGTCTTGTTTTTTTAGGGGAGRGGRGGGGMGSAATATMACAASGSGARGCGTCTTGTCTTGTTARWTTAGGGARGGGAAGCGGCATATCAAAAMGCGGAGCGTCTTGTTTTTTTAAAGAAGGGAAGCGAAGCATCATAACAAGAAGCGKCGTGTTTTKTTAAKATAAAGAAGGGAAGCAAAACAWAAAAANRYGTCGCGTCKTKTTTTGTTADDDAAGWRAARRGRARGRAARWAAMAWAARATTTAGAGACGTGTTTTAAAAAAGAAAACACCAAGGCCGGGTGGTGTGTGTTGTNCTTTTCTTCAAAAAAAAAAAAATCTGCATTTTTTTTTGTTTTGTTTTTTTTTTTTTCTAAAATAAAAAAATAGAGTAATTTTTTTTTTTTTTTTTTTTCTCTCTCTTCTAAAAAAAAAGAAGAGGAGAGTTGTTTTGTTTTTTTTCTCCTTCCCCTTAAAAAAAAAAAGAGCGACGTGTTTTTTTTTTGTGCTCCCCTCCCCCCCCAAAAAAAAAAAAAGACACTACTCTTTTTTATTTTTTGCTTTTCTTTTTTTTTAAAAAGGAGATGNAAAAAAAAAAAAAAAAGACCTTTTTTTTTTTTATTTTGAAANGCGGAACGTAAAAAATGNATCTGNCATCTTTTTTTTTTTTATAAAAAAGCGAAAAGAAATGTAAATTGCAGAATTCATTGTTTTATTTAAACTTTGAACGCACATTGAACCACTTGAAATCCCGAGGTTCATGCCTGTTCGAGAGACAAATCACCACTCAAGCCTGCCTTGGTGTTGTTTGACGTATACTAAGAAGACGCGACACGAAATGCTCGNCGGCGTGNACTGTAANAAAGAGAAGAAAAAATCTTTCCGCTTTGAAGTCGGNCCCCCCGTTTTGCCGGAAAAACCTAGCTCGCAAGTTTGACCTCGGAATCAGGCAG,k__Fungi,NA,NA,NA,NA,NA,NA,m,a,779
5,2,g,K,NA,NA,NA,NA,NA,NA,NA,NA,NA,l,e,132
5,2,h,D,Contig 21,AGGGGAGCNNCACAAAAAAAGGGGGGGGGGGGTGTGTTTTTTTAAAGNAAGGGNGNNACCNCCCACCNNNGGGGGGGGGTTTTTTTTTTTTAAAAAAAGGGNAACNCACCCCCCCCCCGGGGGGGGGSGGTTTTTTTTTTAAARGAGGGAGGGGAAGCATAATATCAAAACGCGTGGTTTTTTTTTTTTTTAAAGAAGAGAAGGGAAATAAAATAAAAATTGGCTTTTTTTTTTTTTTAAAAAAAAAAAAGAAGTAAAAAAAAAAAAGGAGGAGCTTTGTTTTTTATAAAAAAAAATAAGAAAAAAAAAAAATAAAAAGACTTTTTTTTTTTTTTTAAAAAAAAAAAAAAAAAAAAAAAAAAAAAATTTCTCTTTTTTTTTTTTAAAAAAAAAAAAAAAAAGAAAAAAAAAGTGAAATTTGGAGTTTTTTGAAAAAAAAAAAATTTAAACACACATTGCGCTCCTTGTGATATTGAGAAGAATGCGTGTGTGAGAGTGATACAAAACTCAACCTTTTANATTTTATAATATTGTATATAGTTGTATGTGTGNNTTGCACACTCCNCCTCTGTGGTCACCTCTCC,k__Fungi,NA,NA,NA,NA,NA,NA,l,g,gr2
5,3,c,E,NA,NA,NA,NA,NA,NA,NA,NA,NA,h,d,2572
5,3,d,B,Contig 8,TAGAGGRGKAAGCGGCATATCATAACGCGAAGCGTCTTGTTTTGTTAATTTAGAGAAVGGAAGCGGNATAACAAAAAGCGAAGCGTCTTGTTTTTTTAAAGKAGGGAAGGGAAGCATAATAACAAGAGGCGGGGTGTTTTGTTTTTTTAAAGGAGGGAAGCGAAATAAAAAAAVAAGGGGGGTTGTTTTTTTTTTTTAAAGAAGAGAAGSGAANAANAAAAAAAASGKGGGGKWGKTTTKTKTTAKKWNGAAGAANAGGGAAWCRAAAAAAAAADNNGGGGGKGGGGTKTWKTWTTAAARAAGRGAARGGAAAAAAWACATAASGDMAGGGGGTGTGNTGTTTTGTTNNGGGRGGGRSRMMCCTCCAAANNCATTTTTNTTTTTGGAAAA,k__Fungi,NA,NA,NA,NA,NA,NA,h,c,2808
5,3,e,B,NA,NA,NA,NA,NA,NA,NA,NA,NA,h,a,2203
5,3,g,K,NA,NA,NA,NA,NA,NA,NA,NA,NA,l,e,132
5,3,h,F,NA,NA,NA,NA,NA,NA,NA,NA,NA,l,g,gr2
5,4,c,D,NA,NA,NA,NA,NA,NA,NA,NA,NA,h,d,2572
5,4,d,A,Contig 10,GGGGGGTGTGGTGTTTAGGAAGAGGAGGGAGGGGGAGTAAAAAAAAGGGGGGGGGGGGGTTTYTTKWARAGAGAGGAGAAGCGGATAACAAAACGCGGAGCGNCTTGTTTTTTTAAAGGAGGGAAGGGAAGCGGMAWAACAAAAGGGGGGGGGTTTTGTTTTGGTAAGAGGAGGGGRGGGGAGTAAAAAAAAAAGGGGGGGGGTGTTTTGTTTTGAAGNGGAGGGGAGGGAAGAANTAAAAAAAGGGGGGGSGGTGTTTTTTTTTNTARRARAAGGAAGGGAAATAAAATNATAANGGGGGGGGGNGGTTTTTTTTTBGAAAAGAAGAVGAAGCAADAANNAAAAGGGGGGGGGKKKKKTWTRWTWWAKRRAASRKMRRAGMWKKGAAMYMMMMTGGGSGSSKKGKTATTCCGGAAAGAACGCCTGTCCAANTGCCCNNAATTTCTCCAAGCTTGGTGGGTTTTTTGGCGGCCCTTAGCCCTGGGTGGTGGGCTTTTGCCGGGGCCTTTGGTGGGAAGGGTTGGCCCTAAAANCCTTAAGCTGGCCCCCCGGGGGGGACTGGNTCAACCCCGCGGGGAAAAAGCCGGGCCCCCGGGNAATTTTTTTGGGAAGGGCAATTCCCTTTTGNNTGGCTTCCAAAACTGGGTTTTCGAAATTTTTAAAATGGGGTCCCATTTTTCCCTTTTGGCCCC,k__Fungi,NA,NA,NA,NA,NA,NA,h,c,2808
5,4,g,A,NA,NA,NA,NA,NA,NA,NA,NA,NA,l,e,132
5,4,h,F,NA,NA,NA,NA,NA,NA,NA,NA,NA,l,g,gr2
5,5,a,D,NA,NA,NA,NA,NA,NA,NA,NA,NA,l,c,108
5,5,c,I,NA,NA,NA,NA,NA,NA,NA,NA,NA,h,d,2572
5,5,d,A,Contig 5,AGAGGAGNAGCGGAGAGCAGAAGGCGAAGCGGTTGTCTTTTTAGAGGAGAGGGGGAAGCGGATAWCARAACGCGGGCTTTTGTTTTTTTAGTGKAGGGAGGGGAAGCAKCATATCAAAAAGCGGCGTTTTTTTTTTTTTTAAAAAAGGGAAGCGAAABARAAAAAAAADANGGKTTGTGTTTTTTTTTTTTAAAWAARAGAANGAAGCAAAANAAAAAAANGCGTYGTGTTTTTTTTTTTTAAAGAAGAGGARRGANARNARAAAAAAAAATANKKSKBKTTTTTTTTTTTTTTAAANAAAAGAAAAAAANAACAAAATAANATNNANMTTTTTTTTTTTTTTTTTAAAAAAAAAAAAAGACAAAAAAAAAAAAAAGMGCNTTTTTTTTTTTTTTAAAAAAAAAAAAAAAAMAAAAAAAAAAAANATWNGNNTTTTTTTTTTWAATAAGAAAAAAAAAAAAVAAAAAAACAHAACCCCCTTNTTTTTTTTTNTTTAAAAAAAAAAAAAANAAAAHCCCACHACMACCTTHNNTATTTTTTTATATTAAAAAAAAAAAAAANAVCRAARMAMWAMMMMMMAWWMWAWYYNATTTTWWWWTTAAAAAAAAAAAAAAAAAAAAAACCCTCTTCTTTGAAAGATTTGAAATTTAAAAAAAAAAAAACAAAATAGACTTAGAAAGAGAACTCATCACAAATGAATAAAAGAAAAAAGAAAAGAAGCAAAAACANCCTCAAGGAATTTATCTACGTATTGCAAATGCCATCGTCCCTGCTCCNAATCGTCTCATGTACAATGATG,k__Fungi,NA,NA,NA,NA,NA,NA,h,c,2808
5,6,b,A,Contig 16,ATAACAAGAGGGGGAGGGTTTTGTTTTTTTAGTGAAGGGAGGGGAAGTATTATAAGGAGGGGGTTTTTTTTTTTTTTTTTTAGAGGAGGGAAGAAAAAAAAAAAAAGGGGGGGGGTTGTGTTTTGTTAATGAAGAGAAGAGAAATAAAACAAAAGGGGGGGGGGTGTTTTTTTAAGAAAAAGAAAAGAAAAAAAACAGATTAGGGGGGGGGTTGTTGTTTTGTAGGAGGAGGGAAGGGAAGCGKMWWANCAAAASGGGGMGGGTTTTKTTTTKKWAAWRRAGGGRRGGGRARYAWWAWAWMAWGGGGGGGGGTGTTTTTTTTTTRWARAGAARGGAARGRRARAAWAAWAMNGGGGGGGNNNGTNTTTTTTTTTTNWWAAKRRRRRWKKCAAMAMMRMAWSKSKRGGSKSKGGSKKYTTTKWWWAWWRMANAGAAAAAAAACATAATATAGGGGGGGGGGGTTTTTTGTTTTAAAAAAGAAGAGGAAAGGCACATAGCGCCGGGTGGGGTTGAGTTTTTTGAGGGGGAAAGAGAGCCGTGAACTCCATCAACCTTTCGGGTTTTTTGGACGGAAAAAAATGGACCTTGGCACCATTTGTTTTAGGGTCCTTTTGGAGCCCACCTC,k__Fungi,NA,NA,NA,NA,NA,NA,h,d,2551
5,6,c,E,NA,NA,NA,NA,NA,NA,NA,NA,NA,h,d,2572
5,6,f,D,Contig 10,GGGGGGTGTGGTGTTTAGGAAGAGGAGGGAGGGGGAGTAAAAAAAAGGGGGGGGGGGGGTTTYTTKWARAGAGAGGAGAAGCGGATAACAAAACGCGGAGCGNCTTGTTTTTTTAAAGGAGGGAAGGGAAGCGGMAWAACAAAAGGGGGGGGGTTTTGTTTTGGTAAGAGGAGGGGRGGGGAGTAAAAAAAAAAGGGGGGGGGTGTTTTGTTTTGAAGNGGAGGGGAGGGAAGAANTAAAAAAAGGGGGGGSGGTGTTTTTTTTTNTARRARAAGGAAGGGAAATAAAATNATAANGGGGGGGGGNGGTTTTTTTTTBGAAAAGAAGAVGAAGCAADAANNAAAAGGGGGGGGGKKKKKTWTRWTWWAKRRAASRKMRRAGMWKKGAAMYMMMMTGGGSGSSKKGKTATTCCGGAAAGAACGCCTGTCCAANTGCCCNNAATTTCTCCAAGCTTGGTGGGTTTTTTGGCGGCCCTTAGCCCTGGGTGGTGGGCTTTTGCCGGGGCCTTTGGTGGGAAGGGTTGGCCCTAAAANCCTTAAGCTGGCCCCCCGGGGGGGACTGGNTCAACCCCGCGGGGAAAAAGCCGGGCCCCCGGGNAATTTTTTTGGGAAGGGCAATTCCCTTTTGNNTGGCTTCCAAAACTGGGTTTTCGAAATTTTTAAAATGGGGTCCCATTTTTCCCTTTTGGCCCC,k__Fungi,NA,NA,NA,NA,NA,NA,m,a,779
5,6,g,D,NA,NA,NA,NA,NA,NA,NA,NA,NA,l,e,132
5,7,a,B,NA,NA,NA,NA,NA,NA,NA,NA,NA,l,c,108
5,7,b,A,NA,NA,NA,NA,NA,NA,NA,NA,NA,h,d,2551
5,7,c,B,NA,NA,NA,NA,NA,NA,NA,NA,NA,h,d,2572
5,7,d,E,NA,NA,NA,NA,NA,NA,NA,NA,NA,h,c,2808
5,7,f,A,NA,NA,NA,NA,NA,NA,NA,NA,NA,m,a,779
5,7,g,K,Contig 14,AGAGNACGAGGCGGAGANCAAAAGGCGAGGCGTCTTGTCTTGNTAGGGGAGGGNGGGGAAGCAGCATAACAAAAAGCGGAGTGGCTTGTTTWGTAAAAGAAGGNAANGSAAAWAWAMAWAAMAKWAGCGTTGTTTTTTTTTNNTTWWAAAAAAAAAAAMRRAAWAAAMAAAMACTTCSCGTTTTTTTTTAGGGGAGGGGGGGAAGTTTATCCACACAGGGCGGTGTTTTTTTTGTAAAGGGGGGGGGAGGGGAGCCCCAAGGCGTGAGGCCCGGTTTTTTTTATAGAAAGATGAGGGAAGTTTTTTTAAAAAAAACCGGGGTTTGTTTTTTTTATARAAAAAAACACCCCCCACATATCAAGAGGTTGTGCTCCTCTCTTAAAACAAAAAAAAACACGGCACGTTTTTTTGCTCCCCTCCCCTCCTCTACAAAAAAAAAAAACAACGCCCCATGATATTTTGCTCCCCTCCCCTCCTTTAACAAAAAAAAACGCTCCGCCTCTTGATAGCCGCTCCCCTTCCCTCCTTTAAAAAAACAAGACGC,k__Fungi,NA,NA,NA,NA,NA,NA,l,e,132
5,7,h,A,NA,NA,NA,NA,NA,NA,NA,NA,NA,l,g,gr2
5,8,b,I,NA,NA,NA,NA,NA,NA,NA,NA,NA,h,d,2551
5,8,c,D,NA,NA,NA,NA,NA,NA,NA,NA,NA,h,d,2572
5,8,d,B,NA,NA,NA,NA,NA,NA,NA,NA,NA,h,c,2808
5,8,e,B,NA,NA,NA,NA,NA,NA,NA,NA,NA,h,a,2203
5,8,f,A,NA,NA,NA,NA,NA,NA,NA,NA,NA,m,a,779
5,8,g,K,NA,NA,NA,NA,NA,NA,NA,NA,NA,l,e,132
5,8,h,I,NA,NA,NA,NA,NA,NA,NA,NA,NA,l,g,gr2
5,9,c,I,NA,NA,NA,NA,NA,NA,NA,NA,NA,h,d,2572
5,9,d,A,NA,NA,NA,NA,NA,NA,NA,NA,NA,h,c,2808
5,9,e,A,NA,NA,NA,NA,NA,NA,NA,NA,NA,h,a,2203
5,9,g,F,NA,NA,NA,NA,NA,NA,NA,NA,NA,l,e,132
5,9,h,E,NA,NA,NA,NA,NA,NA,NA,NA,NA,l,g,gr2
5,10,a,A,Contig 10,GGGGGGTGTGGTGTTTAGGAAGAGGAGGGAGGGGGAGTAAAAAAAAGGGGGGGGGGGGGTTTYTTKWARAGAGAGGAGAAGCGGATAACAAAACGCGGAGCGNCTTGTTTTTTTAAAGGAGGGAAGGGAAGCGGMAWAACAAAAGGGGGGGGGTTTTGTTTTGGTAAGAGGAGGGGRGGGGAGTAAAAAAAAAAGGGGGGGGGTGTTTTGTTTTGAAGNGGAGGGGAGGGAAGAANTAAAAAAAGGGGGGGSGGTGTTTTTTTTTNTARRARAAGGAAGGGAAATAAAATNATAANGGGGGGGGGNGGTTTTTTTTTBGAAAAGAAGAVGAAGCAADAANNAAAAGGGGGGGGGKKKKKTWTRWTWWAKRRAASRKMRRAGMWKKGAAMYMMMMTGGGSGSSKKGKTATTCCGGAAAGAACGCCTGTCCAANTGCCCNNAATTTCTCCAAGCTTGGTGGGTTTTTTGGCGGCCCTTAGCCCTGGGTGGTGGGCTTTTGCCGGGGCCTTTGGTGGGAAGGGTTGGCCCTAAAANCCTTAAGCTGGCCCCCCGGGGGGGACTGGNTCAACCCCGCGGGGAAAAAGCCGGGCCCCCGGGNAATTTTTTTGGGAAGGGCAATTCCCTTTTGNNTGGCTTCCAAAACTGGGTTTTCGAAATTTTTAAAATGGGGTCCCATTTTTCCCTTTTGGCCCC,k__Fungi,NA,NA,NA,NA,NA,NA,l,c,108
5,10,c,M,Contig 5,AGAGGAGNAGCGGAGAGCAGAAGGCGAAGCGGTTGTCTTTTTAGAGGAGAGGGGGAAGCGGATAWCARAACGCGGGCTTTTGTTTTTTTAGTGKAGGGAGGGGAAGCAKCATATCAAAAAGCGGCGTTTTTTTTTTTTTTAAAAAAGGGAAGCGAAABARAAAAAAAADANGGKTTGTGTTTTTTTTTTTTAAAWAARAGAANGAAGCAAAANAAAAAAANGCGTYGTGTTTTTTTTTTTTAAAGAAGAGGARRGANARNARAAAAAAAAATANKKSKBKTTTTTTTTTTTTTTAAANAAAAGAAAAAAANAACAAAATAANATNNANMTTTTTTTTTTTTTTTTTAAAAAAAAAAAAAGACAAAAAAAAAAAAAAGMGCNTTTTTTTTTTTTTTAAAAAAAAAAAAAAAAMAAAAAAAAAAAANATWNGNNTTTTTTTTTTWAATAAGAAAAAAAAAAAAVAAAAAAACAHAACCCCCTTNTTTTTTTTTNTTTAAAAAAAAAAAAAANAAAAHCCCACHACMACCTTHNNTATTTTTTTATATTAAAAAAAAAAAAAANAVCRAARMAMWAMMMMMMAWWMWAWYYNATTTTWWWWTTAAAAAAAAAAAAAAAAAAAAAACCCTCTTCTTTGAAAGATTTGAAATTTAAAAAAAAAAAAACAAAATAGACTTAGAAAGAGAACTCATCACAAATGAATAAAAGAAAAAAGAAAAGAAGCAAAAACANCCTCAAGGAATTTATCTACGTATTGCAAATGCCATCGTCCCTGCTCCNAATCGTCTCATGTACAATGATG,k__Fungi,NA,NA,NA,NA,NA,NA,h,d,2572
5,10,d,A,Contig 10,GGGGGGTGTGGTGTTTAGGAAGAGGAGGGAGGGGGAGTAAAAAAAAGGGGGGGGGGGGGTTTYTTKWARAGAGAGGAGAAGCGGATAACAAAACGCGGAGCGNCTTGTTTTTTTAAAGGAGGGAAGGGAAGCGGMAWAACAAAAGGGGGGGGGTTTTGTTTTGGTAAGAGGAGGGGRGGGGAGTAAAAAAAAAAGGGGGGGGGTGTTTTGTTTTGAAGNGGAGGGGAGGGAAGAANTAAAAAAAGGGGGGGSGGTGTTTTTTTTTNTARRARAAGGAAGGGAAATAAAATNATAANGGGGGGGGGNGGTTTTTTTTTBGAAAAGAAGAVGAAGCAADAANNAAAAGGGGGGGGGKKKKKTWTRWTWWAKRRAASRKMRRAGMWKKGAAMYMMMMTGGGSGSSKKGKTATTCCGGAAAGAACGCCTGTCCAANTGCCCNNAATTTCTCCAAGCTTGGTGGGTTTTTTGGCGGCCCTTAGCCCTGGGTGGTGGGCTTTTGCCGGGGCCTTTGGTGGGAAGGGTTGGCCCTAAAANCCTTAAGCTGGCCCCCCGGGGGGGACTGGNTCAACCCCGCGGGGAAAAAGCCGGGCCCCCGGGNAATTTTTTTGGGAAGGGCAATTCCCTTTTGNNTGGCTTCCAAAACTGGGTTTTCGAAATTTTTAAAATGGGGTCCCATTTTTCCCTTTTGGCCCC,k__Fungi,NA,NA,NA,NA,NA,NA,h,c,2808
5,10,f,A,Contig 10,GGGGGGTGTGGTGTTTAGGAAGAGGAGGGAGGGGGAGTAAAAAAAAGGGGGGGGGGGGGTTTYTTKWARAGAGAGGAGAAGCGGATAACAAAACGCGGAGCGNCTTGTTTTTTTAAAGGAGGGAAGGGAAGCGGMAWAACAAAAGGGGGGGGGTTTTGTTTTGGTAAGAGGAGGGGRGGGGAGTAAAAAAAAAAGGGGGGGGGTGTTTTGTTTTGAAGNGGAGGGGAGGGAAGAANTAAAAAAAGGGGGGGSGGTGTTTTTTTTTNTARRARAAGGAAGGGAAATAAAATNATAANGGGGGGGGGNGGTTTTTTTTTBGAAAAGAAGAVGAAGCAADAANNAAAAGGGGGGGGGKKKKKTWTRWTWWAKRRAASRKMRRAGMWKKGAAMYMMMMTGGGSGSSKKGKTATTCCGGAAAGAACGCCTGTCCAANTGCCCNNAATTTCTCCAAGCTTGGTGGGTTTTTTGGCGGCCCTTAGCCCTGGGTGGTGGGCTTTTGCCGGGGCCTTTGGTGGGAAGGGTTGGCCCTAAAANCCTTAAGCTGGCCCCCCGGGGGGGACTGGNTCAACCCCGCGGGGAAAAAGCCGGGCCCCCGGGNAATTTTTTTGGGAAGGGCAATTCCCTTTTGNNTGGCTTCCAAAACTGGGTTTTCGAAATTTTTAAAATGGGGTCCCATTTTTCCCTTTTGGCCCC,k__Fungi,NA,NA,NA,NA,NA,NA,m,a,779
5,10,g,G,NA,NA,NA,NA,NA,NA,NA,NA,NA,l,e,132
5,10,h,D,Contig 8,TAGAGGRGKAAGCGGCATATCATAACGCGAAGCGTCTTGTTTTGTTAATTTAGAGAAVGGAAGCGGNATAACAAAAAGCGAAGCGTCTTGTTTTTTTAAAGKAGGGAAGGGAAGCATAATAACAAGAGGCGGGGTGTTTTGTTTTTTTAAAGGAGGGAAGCGAAATAAAAAAAVAAGGGGGGTTGTTTTTTTTTTTTAAAGAAGAGAAGSGAANAANAAAAAAAASGKGGGGKWGKTTTKTKTTAKKWNGAAGAANAGGGAAWCRAAAAAAAAADNNGGGGGKGGGGTKTWKTWTTAAARAAGRGAARGGAAAAAAWACATAASGDMAGGGGGTGTGNTGTTTTGTTNNGGGRGGGRSRMMCCTCCAAANNCATTTTTNTTTTTGGAAAA,k__Fungi,NA,NA,NA,NA,NA,NA,l,g,gr2
5,11,b,A,Contig 6,AGAGGAGAAGCGGATAACAWAACGCGAAGCGCTTGTCTTGTTAGAGGAGGGAAGGGAAGCGGCATAACAAAARGCGGRGCGTCTTGTTTTTTTAGGGGAGRGGRGGGGMGSAATATMACAASGSGARGCGTCTTGTCTTGTTARWTTAGGGARGGGAAGCGGCATATCAAAAMGCGGAGCGTCTTGTTTTTTTAAAGAAGGGAAGCGAAGCATCATAACAAGAAGCGKCGTGTTTTKTTAAKATAAAGAAGGGAAGCAAAACAWAAAAANRYGTCGCGTCKTKTTTTGTTADDDAAGWRAARRGRARGRAARWAAMAWAARATTTAGAGACGTGTTTTAAAAAAGAAAACACCAAGGCCGGGTGGTGTGTGTTGTNCTTTTCTTCAAAAAAAAAAAAATCTGCATTTTTTTTTGTTTTGTTTTTTTTTTTTTCTAAAATAAAAAAATAGAGTAATTTTTTTTTTTTTTTTTTTTCTCTCTCTTCTAAAAAAAAAGAAGAGGAGAGTTGTTTTGTTTTTTTTCTCCTTCCCCTTAAAAAAAAAAAGAGCGACGTGTTTTTTTTTTGTGCTCCCCTCCCCCCCCAAAAAAAAAAAAAGACACTACTCTTTTTTATTTTTTGCTTTTCTTTTTTTTTAAAAAGGAGATGNAAAAAAAAAAAAAAAAGACCTTTTTTTTTTTTATTTTGAAANGCGGAACGTAAAAAATGNATCTGNCATCTTTTTTTTTTTTATAAAAAAGCGAAAAGAAATGTAAATTGCAGAATTCATTGTTTTATTTAAACTTTGAACGCACATTGAACCACTTGAAATCCCGAGGTTCATGCCTGTTCGAGAGACAAATCACCACTCAAGCCTGCCTTGGTGTTGTTTGACGTATACTAAGAAGACGCGACACGAAATGCTCGNCGGCGTGNACTGTAANAAAGAGAAGAAAAAATCTTTCCGCTTTGAAGTCGGNCCCCCCGTTTTGCCGGAAAAACCTAGCTCGCAAGTTTGACCTCGGAATCAGGCAG,k__Fungi,NA,NA,NA,NA,NA,NA,h,d,2551
5,11,c,D,NA,NA,NA,NA,NA,NA,NA,NA,NA,h,d,2572
5,11,f,A,NA,NA,NA,NA,NA,NA,NA,NA,NA,m,a,779
5,11,g,F,NA,NA,NA,NA,NA,NA,NA,NA,NA,l,e,132
5,12,a,BLANK,NA,NA,NA,NA,NA,NA,NA,NA,NA,l,c,108
5,12,d,B,NA,NA,NA,NA,NA,NA,NA,NA,NA,h,c,2808
5,12,f,BLANK,NA,NA,NA,NA,NA,NA,NA,NA,NA,m,a,779
5,12,g,K,NA,NA,NA,NA,NA,NA,NA,NA,NA,l,e,132
5,12,h,E,NA,NA,NA,NA,NA,NA,NA,NA,NA,l,g,gr2
6,1,b,D,NA,NA,NA,NA,NA,NA,NA,NA,NA,m,b,1013
6,1,c,B,NA,NA,NA,NA,NA,NA,NA,NA,NA,m,c,632
6,2,b,B,Contig 20,AGAGGNGAAGCGGATAACAAAAGGCGAAGCGGTTGTTTTGTTAGAGTAGGGAGGGGAAGCAGCATAAAAAAAAGCGGAGTGTTTTGTTTTTTTAAAGAAGGGAAGGGAAATAAAAAAAAAAAAAGCGTTTTGTTTTTTTAATTAAAATAAAGGAAGCAAAACAAAAAAAAAAGTTGTGTNTTGTTTTTTWGAAAGGGGGACCTATATAAAAAAAAACAAACTTTCCGCATTTTTTTTTTTTTGGGTCGCGGGGTCGGTGAAAAAACGCAGCGGNATGGGGTAAGTNAGGGGGAANGGCAGAATTCAGTGAACCATCCAATCTTTTGGACGGCTCTTTGTGCTTCTTTGNAATCCCGGAGGACCTGCCCTGGTTTGGGGGGCCTTAAAATTTTTTTTAACCCCCCCCCCTTGGGGAGGGGGGGGGNTTTTGGGGGGGGNNNTTTGTGGCCCCTTTTNTTNAAAAAAAAGGGGGCCCCCCCCCCCCCGAAAGGGGTTAAACAAAAAAACCTTTTTATTGGGGGGGAAAAACCTCCCCGGCCCAAGGGGGGGGGGGGGGGTATTTTCTTTTTTTTCAAAGGTTTTTTTGAAAAAACTTTTTAAAAGGGGGGCCCCCCAAAACGGGGGAGCCCCCCCCCCGGAAAAAAAAAAAAAAAAAAANGGGGGAAATTTTTNTTTTTTTGCCCGCACTCAAAAAGGAAAAAAAAAGCCGGGTTTTTTTTTTTTTTTTTTAAGCCCTCTTCCAAATAAAATAGGGNGGGGCCTTCTTTTTTTATTTATAGAGTCAAAGTACAATCCAACGCCT,k__Fungi,NA,NA,NA,NA,NA,NA,m,b,1013
6,2,c,D,Contig 6,AGAGGAGAAGCGGATAACAWAACGCGAAGCGCTTGTCTTGTTAGAGGAGGGAAGGGAAGCGGCATAACAAAARGCGGRGCGTCTTGTTTTTTTAGGGGAGRGGRGGGGMGSAATATMACAASGSGARGCGTCTTGTCTTGTTARWTTAGGGARGGGAAGCGGCATATCAAAAMGCGGAGCGTCTTGTTTTTTTAAAGAAGGGAAGCGAAGCATCATAACAAGAAGCGKCGTGTTTTKTTAAKATAAAGAAGGGAAGCAAAACAWAAAAANRYGTCGCGTCKTKTTTTGTTADDDAAGWRAARRGRARGRAARWAAMAWAARATTTAGAGACGTGTTTTAAAAAAGAAAACACCAAGGCCGGGTGGTGTGTGTTGTNCTTTTCTTCAAAAAAAAAAAAATCTGCATTTTTTTTTGTTTTGTTTTTTTTTTTTTCTAAAATAAAAAAATAGAGTAATTTTTTTTTTTTTTTTTTTTCTCTCTCTTCTAAAAAAAAAGAAGAGGAGAGTTGTTTTGTTTTTTTTCTCCTTCCCCTTAAAAAAAAAAAGAGCGACGTGTTTTTTTTTTGTGCTCCCCTCCCCCCCCAAAAAAAAAAAAAGACACTACTCTTTTTTATTTTTTGCTTTTCTTTTTTTTTAAAAAGGAGATGNAAAAAAAAAAAAAAAAGACCTTTTTTTTTTTTATTTTGAAANGCGGAACGTAAAAAATGNATCTGNCATCTTTTTTTTTTTTATAAAAAAGCGAAAAGAAATGTAAATTGCAGAATTCATTGTTTTATTTAAACTTTGAACGCACATTGAACCACTTGAAATCCCGAGGTTCATGCCTGTTCGAGAGACAAATCACCACTCAAGCCTGCCTTGGTGTTGTTTGACGTATACTAAGAAGACGCGACACGAAATGCTCGNCGGCGTGNACTGTAANAAAGAGAAGAAAAAATCTTTCCGCTTTGAAGTCGGNCCCCCCGTTTTGCCGGAAAAACCTAGCTCGCAAGTTTGACCTCGGAATCAGGCAG,k__Fungi,NA,NA,NA,NA,NA,NA,m,c,632
6,2,e,O,NA,NA,NA,NA,NA,NA,NA,NA,NA,l,g,444
6,2,h,P,NA,NA,NA,NA,NA,NA,NA,NA,NA,m,d,1448
6,3,a,K,Contig 10,GGGGGGTGTGGTGTTTAGGAAGAGGAGGGAGGGGGAGTAAAAAAAAGGGGGGGGGGGGGTTTYTTKWARAGAGAGGAGAAGCGGATAACAAAACGCGGAGCGNCTTGTTTTTTTAAAGGAGGGAAGGGAAGCGGMAWAACAAAAGGGGGGGGGTTTTGTTTTGGTAAGAGGAGGGGRGGGGAGTAAAAAAAAAAGGGGGGGGGTGTTTTGTTTTGAAGNGGAGGGGAGGGAAGAANTAAAAAAAGGGGGGGSGGTGTTTTTTTTTNTARRARAAGGAAGGGAAATAAAATNATAANGGGGGGGGGNGGTTTTTTTTTBGAAAAGAAGAVGAAGCAADAANNAAAAGGGGGGGGGKKKKKTWTRWTWWAKRRAASRKMRRAGMWKKGAAMYMMMMTGGGSGSSKKGKTATTCCGGAAAGAACGCCTGTCCAANTGCCCNNAATTTCTCCAAGCTTGGTGGGTTTTTTGGCGGCCCTTAGCCCTGGGTGGTGGGCTTTTGCCGGGGCCTTTGGTGGGAAGGGTTGGCCCTAAAANCCTTAAGCTGGCCCCCCGGGGGGGACTGGNTCAACCCCGCGGGGAAAAAGCCGGGCCCCCGGGNAATTTTTTTGGGAAGGGCAATTCCCTTTTGNNTGGCTTCCAAAACTGGGTTTTCGAAATTTTTAAAATGGGGTCCCATTTTTCCCTTTTGGCCCC,k__Fungi,NA,NA,NA,NA,NA,NA,l,f,gr2
6,3,b,A,Contig 6,AGAGGAGAAGCGGATAACAWAACGCGAAGCGCTTGTCTTGTTAGAGGAGGGAAGGGAAGCGGCATAACAAAARGCGGRGCGTCTTGTTTTTTTAGGGGAGRGGRGGGGMGSAATATMACAASGSGARGCGTCTTGTCTTGTTARWTTAGGGARGGGAAGCGGCATATCAAAAMGCGGAGCGTCTTGTTTTTTTAAAGAAGGGAAGCGAAGCATCATAACAAGAAGCGKCGTGTTTTKTTAAKATAAAGAAGGGAAGCAAAACAWAAAAANRYGTCGCGTCKTKTTTTGTTADDDAAGWRAARRGRARGRAARWAAMAWAARATTTAGAGACGTGTTTTAAAAAAGAAAACACCAAGGCCGGGTGGTGTGTGTTGTNCTTTTCTTCAAAAAAAAAAAAATCTGCATTTTTTTTTGTTTTGTTTTTTTTTTTTTCTAAAATAAAAAAATAGAGTAATTTTTTTTTTTTTTTTTTTTCTCTCTCTTCTAAAAAAAAAGAAGAGGAGAGTTGTTTTGTTTTTTTTCTCCTTCCCCTTAAAAAAAAAAAGAGCGACGTGTTTTTTTTTTGTGCTCCCCTCCCCCCCCAAAAAAAAAAAAAGACACTACTCTTTTTTATTTTTTGCTTTTCTTTTTTTTTAAAAAGGAGATGNAAAAAAAAAAAAAAAAGACCTTTTTTTTTTTTATTTTGAAANGCGGAACGTAAAAAATGNATCTGNCATCTTTTTTTTTTTTATAAAAAAGCGAAAAGAAATGTAAATTGCAGAATTCATTGTTTTATTTAAACTTTGAACGCACATTGAACCACTTGAAATCCCGAGGTTCATGCCTGTTCGAGAGACAAATCACCACTCAAGCCTGCCTTGGTGTTGTTTGACGTATACTAAGAAGACGCGACACGAAATGCTCGNCGGCGTGNACTGTAANAAAGAGAAGAAAAAATCTTTCCGCTTTGAAGTCGGNCCCCCCGTTTTGCCGGAAAAACCTAGCTCGCAAGTTTGACCTCGGAATCAGGCAG,k__Fungi,NA,NA,NA,NA,NA,NA,m,b,1013
6,3,c,B,Contig 5,AGAGGAGNAGCGGAGAGCAGAAGGCGAAGCGGTTGTCTTTTTAGAGGAGAGGGGGAAGCGGATAWCARAACGCGGGCTTTTGTTTTTTTAGTGKAGGGAGGGGAAGCAKCATATCAAAAAGCGGCGTTTTTTTTTTTTTTAAAAAAGGGAAGCGAAABARAAAAAAAADANGGKTTGTGTTTTTTTTTTTTAAAWAARAGAANGAAGCAAAANAAAAAAANGCGTYGTGTTTTTTTTTTTTAAAGAAGAGGARRGANARNARAAAAAAAAATANKKSKBKTTTTTTTTTTTTTTAAANAAAAGAAAAAAANAACAAAATAANATNNANMTTTTTTTTTTTTTTTTTAAAAAAAAAAAAAGACAAAAAAAAAAAAAAGMGCNTTTTTTTTTTTTTTAAAAAAAAAAAAAAAAMAAAAAAAAAAAANATWNGNNTTTTTTTTTTWAATAAGAAAAAAAAAAAAVAAAAAAACAHAACCCCCTTNTTTTTTTTTNTTTAAAAAAAAAAAAAANAAAAHCCCACHACMACCTTHNNTATTTTTTTATATTAAAAAAAAAAAAAANAVCRAARMAMWAMMMMMMAWWMWAWYYNATTTTWWWWTTAAAAAAAAAAAAAAAAAAAAAACCCTCTTCTTTGAAAGATTTGAAATTTAAAAAAAAAAAAACAAAATAGACTTAGAAAGAGAACTCATCACAAATGAATAAAAGAAAAAAGAAAAGAAGCAAAAACANCCTCAAGGAATTTATCTACGTATTGCAAATGCCATCGTCCCTGCTCCNAATCGTCTCATGTACAATGATG,k__Fungi,NA,NA,NA,NA,NA,NA,m,c,632
6,3,d,A,NA,NA,NA,NA,NA,NA,NA,NA,NA,l,c,52
6,3,e,O,NA,NA,NA,NA,NA,NA,NA,NA,NA,l,g,444
6,4,a,D,NA,NA,NA,NA,NA,NA,NA,NA,NA,l,f,gr2
6,4,b,B,NA,NA,NA,NA,NA,NA,NA,NA,NA,m,b,1013
6,4,c,B,Contig 6,AGAGGAGAAGCGGATAACAWAACGCGAAGCGCTTGTCTTGTTAGAGGAGGGAAGGGAAGCGGCATAACAAAARGCGGRGCGTCTTGTTTTTTTAGGGGAGRGGRGGGGMGSAATATMACAASGSGARGCGTCTTGTCTTGTTARWTTAGGGARGGGAAGCGGCATATCAAAAMGCGGAGCGTCTTGTTTTTTTAAAGAAGGGAAGCGAAGCATCATAACAAGAAGCGKCGTGTTTTKTTAAKATAAAGAAGGGAAGCAAAACAWAAAAANRYGTCGCGTCKTKTTTTGTTADDDAAGWRAARRGRARGRAARWAAMAWAARATTTAGAGACGTGTTTTAAAAAAGAAAACACCAAGGCCGGGTGGTGTGTGTTGTNCTTTTCTTCAAAAAAAAAAAAATCTGCATTTTTTTTTGTTTTGTTTTTTTTTTTTTCTAAAATAAAAAAATAGAGTAATTTTTTTTTTTTTTTTTTTTCTCTCTCTTCTAAAAAAAAAGAAGAGGAGAGTTGTTTTGTTTTTTTTCTCCTTCCCCTTAAAAAAAAAAAGAGCGACGTGTTTTTTTTTTGTGCTCCCCTCCCCCCCCAAAAAAAAAAAAAGACACTACTCTTTTTTATTTTTTGCTTTTCTTTTTTTTTAAAAAGGAGATGNAAAAAAAAAAAAAAAAGACCTTTTTTTTTTTTATTTTGAAANGCGGAACGTAAAAAATGNATCTGNCATCTTTTTTTTTTTTATAAAAAAGCGAAAAGAAATGTAAATTGCAGAATTCATTGTTTTATTTAAACTTTGAACGCACATTGAACCACTTGAAATCCCGAGGTTCATGCCTGTTCGAGAGACAAATCACCACTCAAGCCTGCCTTGGTGTTGTTTGACGTATACTAAGAAGACGCGACACGAAATGCTCGNCGGCGTGNACTGTAANAAAGAGAAGAAAAAATCTTTCCGCTTTGAAGTCGGNCCCCCCGTTTTGCCGGAAAAACCTAGCTCGCAAGTTTGACCTCGGAATCAGGCAG,k__Fungi,NA,NA,NA,NA,NA,NA,m,c,632
6,4,d,G,NA,NA,NA,NA,NA,NA,NA,NA,NA,l,c,52
6,4,f,A,NA,NA,NA,NA,NA,NA,NA,NA,NA,h,d,2616
6,4,h,C,NA,NA,NA,NA,NA,NA,NA,NA,NA,m,d,1448
6,5,b,D,NA,NA,NA,NA,NA,NA,NA,NA,NA,m,b,1013
6,5,c,D,NA,NA,NA,NA,NA,NA,NA,NA,NA,m,c,632
6,5,d,G,NA,NA,NA,NA,NA,NA,NA,NA,NA,l,c,52
6,5,e,O,NA,NA,NA,NA,NA,NA,NA,NA,NA,l,g,444
6,5,f,A,Contig 14,AGAGNACGAGGCGGAGANCAAAAGGCGAGGCGTCTTGTCTTGNTAGGGGAGGGNGGGGAAGCAGCATAACAAAAAGCGGAGTGGCTTGTTTWGTAAAAGAAGGNAANGSAAAWAWAMAWAAMAKWAGCGTTGTTTTTTTTTNNTTWWAAAAAAAAAAAMRRAAWAAAMAAAMACTTCSCGTTTTTTTTTAGGGGAGGGGGGGAAGTTTATCCACACAGGGCGGTGTTTTTTTTGTAAAGGGGGGGGGAGGGGAGCCCCAAGGCGTGAGGCCCGGTTTTTTTTATAGAAAGATGAGGGAAGTTTTTTTAAAAAAAACCGGGGTTTGTTTTTTTTATARAAAAAAACACCCCCCACATATCAAGAGGTTGTGCTCCTCTCTTAAAACAAAAAAAAACACGGCACGTTTTTTTGCTCCCCTCCCCTCCTCTACAAAAAAAAAAAACAACGCCCCATGATATTTTGCTCCCCTCCCCTCCTTTAACAAAAAAAAACGCTCCGCCTCTTGATAGCCGCTCCCCTTCCCTCCTTTAAAAAAACAAGACGC,k__Fungi,NA,NA,NA,NA,NA,NA,h,d,2616
6,5,g,A,Contig 5,AGAGGAGNAGCGGAGAGCAGAAGGCGAAGCGGTTGTCTTTTTAGAGGAGAGGGGGAAGCGGATAWCARAACGCGGGCTTTTGTTTTTTTAGTGKAGGGAGGGGAAGCAKCATATCAAAAAGCGGCGTTTTTTTTTTTTTTAAAAAAGGGAAGCGAAABARAAAAAAAADANGGKTTGTGTTTTTTTTTTTTAAAWAARAGAANGAAGCAAAANAAAAAAANGCGTYGTGTTTTTTTTTTTTAAAGAAGAGGARRGANARNARAAAAAAAAATANKKSKBKTTTTTTTTTTTTTTAAANAAAAGAAAAAAANAACAAAATAANATNNANMTTTTTTTTTTTTTTTTTAAAAAAAAAAAAAGACAAAAAAAAAAAAAAGMGCNTTTTTTTTTTTTTTAAAAAAAAAAAAAAAAMAAAAAAAAAAAANATWNGNNTTTTTTTTTTWAATAAGAAAAAAAAAAAAVAAAAAAACAHAACCCCCTTNTTTTTTTTTNTTTAAAAAAAAAAAAAANAAAAHCCCACHACMACCTTHNNTATTTTTTTATATTAAAAAAAAAAAAAANAVCRAARMAMWAMMMMMMAWWMWAWYYNATTTTWWWWTTAAAAAAAAAAAAAAAAAAAAAACCCTCTTCTTTGAAAGATTTGAAATTTAAAAAAAAAAAAACAAAATAGACTTAGAAAGAGAACTCATCACAAATGAATAAAAGAAAAAAGAAAAGAAGCAAAAACANCCTCAAGGAATTTATCTACGTATTGCAAATGCCATCGTCCCTGCTCCNAATCGTCTCATGTACAATGATG,k__Fungi,NA,NA,NA,NA,NA,NA,m,a,739
6,5,h,E,NA,NA,NA,NA,NA,NA,NA,NA,NA,m,d,1448
6,6,a,K,NA,NA,NA,NA,NA,NA,NA,NA,NA,l,f,gr2
6,6,b,D,NA,NA,NA,NA,NA,NA,NA,NA,NA,m,b,1013
6,6,c,B,Contig 6,AGAGGAGAAGCGGATAACAWAACGCGAAGCGCTTGTCTTGTTAGAGGAGGGAAGGGAAGCGGCATAACAAAARGCGGRGCGTCTTGTTTTTTTAGGGGAGRGGRGGGGMGSAATATMACAASGSGARGCGTCTTGTCTTGTTARWTTAGGGARGGGAAGCGGCATATCAAAAMGCGGAGCGTCTTGTTTTTTTAAAGAAGGGAAGCGAAGCATCATAACAAGAAGCGKCGTGTTTTKTTAAKATAAAGAAGGGAAGCAAAACAWAAAAANRYGTCGCGTCKTKTTTTGTTADDDAAGWRAARRGRARGRAARWAAMAWAARATTTAGAGACGTGTTTTAAAAAAGAAAACACCAAGGCCGGGTGGTGTGTGTTGTNCTTTTCTTCAAAAAAAAAAAAATCTGCATTTTTTTTTGTTTTGTTTTTTTTTTTTTCTAAAATAAAAAAATAGAGTAATTTTTTTTTTTTTTTTTTTTCTCTCTCTTCTAAAAAAAAAGAAGAGGAGAGTTGTTTTGTTTTTTTTCTCCTTCCCCTTAAAAAAAAAAAGAGCGACGTGTTTTTTTTTTGTGCTCCCCTCCCCCCCCAAAAAAAAAAAAAGACACTACTCTTTTTTATTTTTTGCTTTTCTTTTTTTTTAAAAAGGAGATGNAAAAAAAAAAAAAAAAGACCTTTTTTTTTTTTATTTTGAAANGCGGAACGTAAAAAATGNATCTGNCATCTTTTTTTTTTTTATAAAAAAGCGAAAAGAAATGTAAATTGCAGAATTCATTGTTTTATTTAAACTTTGAACGCACATTGAACCACTTGAAATCCCGAGGTTCATGCCTGTTCGAGAGACAAATCACCACTCAAGCCTGCCTTGGTGTTGTTTGACGTATACTAAGAAGACGCGACACGAAATGCTCGNCGGCGTGNACTGTAANAAAGAGAAGAAAAAATCTTTCCGCTTTGAAGTCGGNCCCCCCGTTTTGCCGGAAAAACCTAGCTCGCAAGTTTGACCTCGGAATCAGGCAG,k__Fungi,NA,NA,NA,NA,NA,NA,m,c,632
6,6,d,G,NA,NA,NA,NA,NA,NA,NA,NA,NA,l,c,52
6,6,e,A,NA,NA,NA,NA,NA,NA,NA,NA,NA,l,g,444
6,6,h,P,NA,NA,NA,NA,NA,NA,NA,NA,NA,m,d,1448
6,7,a,K,NA,NA,NA,NA,NA,NA,NA,NA,NA,l,f,gr2
6,7,b,A,NA,NA,NA,NA,NA,NA,NA,NA,NA,m,b,1013
6,7,c,B,NA,NA,NA,NA,NA,NA,NA,NA,NA,m,c,632
6,7,d,B,NA,NA,NA,NA,NA,NA,NA,NA,NA,l,c,52
6,7,e,B,NA,NA,NA,NA,NA,NA,NA,NA,NA,l,g,444
6,7,g,B,NA,NA,NA,NA,NA,NA,NA,NA,NA,m,a,739
6,7,h,C,NA,NA,NA,NA,NA,NA,NA,NA,NA,m,d,1448
6,8,a,K,NA,NA,NA,NA,NA,NA,NA,NA,NA,l,f,gr2
6,8,b,A,NA,NA,NA,NA,NA,NA,NA,NA,NA,m,b,1013
6,8,c,A,NA,NA,NA,NA,NA,NA,NA,NA,NA,m,c,632
6,8,d,B,NA,NA,NA,NA,NA,NA,NA,NA,NA,l,c,52
6,8,e,B,Contig 5,AGAGGAGNAGCGGAGAGCAGAAGGCGAAGCGGTTGTCTTTTTAGAGGAGAGGGGGAAGCGGATAWCARAACGCGGGCTTTTGTTTTTTTAGTGKAGGGAGGGGAAGCAKCATATCAAAAAGCGGCGTTTTTTTTTTTTTTAAAAAAGGGAAGCGAAABARAAAAAAAADANGGKTTGTGTTTTTTTTTTTTAAAWAARAGAANGAAGCAAAANAAAAAAANGCGTYGTGTTTTTTTTTTTTAAAGAAGAGGARRGANARNARAAAAAAAAATANKKSKBKTTTTTTTTTTTTTTAAANAAAAGAAAAAAANAACAAAATAANATNNANMTTTTTTTTTTTTTTTTTAAAAAAAAAAAAAGACAAAAAAAAAAAAAAGMGCNTTTTTTTTTTTTTTAAAAAAAAAAAAAAAAMAAAAAAAAAAAANATWNGNNTTTTTTTTTTWAATAAGAAAAAAAAAAAAVAAAAAAACAHAACCCCCTTNTTTTTTTTTNTTTAAAAAAAAAAAAAANAAAAHCCCACHACMACCTTHNNTATTTTTTTATATTAAAAAAAAAAAAAANAVCRAARMAMWAMMMMMMAWWMWAWYYNATTTTWWWWTTAAAAAAAAAAAAAAAAAAAAAACCCTCTTCTTTGAAAGATTTGAAATTTAAAAAAAAAAAAACAAAATAGACTTAGAAAGAGAACTCATCACAAATGAATAAAAGAAAAAAGAAAAGAAGCAAAAACANCCTCAAGGAATTTATCTACGTATTGCAAATGCCATCGTCCCTGCTCCNAATCGTCTCATGTACAATGATG,k__Fungi,NA,NA,NA,NA,NA,NA,l,g,444
6,8,f,B,NA,NA,NA,NA,NA,NA,NA,NA,NA,h,d,2616
6,8,g,B,NA,NA,NA,NA,NA,NA,NA,NA,NA,m,a,739
6,8,h,C,NA,NA,NA,NA,NA,NA,NA,NA,NA,m,d,1448
6,9,a,K,NA,NA,NA,NA,NA,NA,NA,NA,NA,l,f,gr2
6,9,b,B,NA,NA,NA,NA,NA,NA,NA,NA,NA,m,b,1013
6,9,c,F,NA,NA,NA,NA,NA,NA,NA,NA,NA,m,c,632
6,9,d,B,NA,NA,NA,NA,NA,NA,NA,NA,NA,l,c,52
6,9,e,A,NA,NA,NA,NA,NA,NA,NA,NA,NA,l,g,444
6,9,f,D,Contig 10,GGGGGGTGTGGTGTTTAGGAAGAGGAGGGAGGGGGAGTAAAAAAAAGGGGGGGGGGGGGTTTYTTKWARAGAGAGGAGAAGCGGATAACAAAACGCGGAGCGNCTTGTTTTTTTAAAGGAGGGAAGGGAAGCGGMAWAACAAAAGGGGGGGGGTTTTGTTTTGGTAAGAGGAGGGGRGGGGAGTAAAAAAAAAAGGGGGGGGGTGTTTTGTTTTGAAGNGGAGGGGAGGGAAGAANTAAAAAAAGGGGGGGSGGTGTTTTTTTTTNTARRARAAGGAAGGGAAATAAAATNATAANGGGGGGGGGNGGTTTTTTTTTBGAAAAGAAGAVGAAGCAADAANNAAAAGGGGGGGGGKKKKKTWTRWTWWAKRRAASRKMRRAGMWKKGAAMYMMMMTGGGSGSSKKGKTATTCCGGAAAGAACGCCTGTCCAANTGCCCNNAATTTCTCCAAGCTTGGTGGGTTTTTTGGCGGCCCTTAGCCCTGGGTGGTGGGCTTTTGCCGGGGCCTTTGGTGGGAAGGGTTGGCCCTAAAANCCTTAAGCTGGCCCCCCGGGGGGGACTGGNTCAACCCCGCGGGGAAAAAGCCGGGCCCCCGGGNAATTTTTTTGGGAAGGGCAATTCCCTTTTGNNTGGCTTCCAAAACTGGGTTTTCGAAATTTTTAAAATGGGGTCCCATTTTTCCCTTTTGGCCCC,k__Fungi,NA,NA,NA,NA,NA,NA,h,d,2616
6,9,h,F,NA,NA,NA,NA,NA,NA,NA,NA,NA,m,d,1448
6,10,b,A,NA,NA,NA,NA,NA,NA,NA,NA,NA,m,b,1013
6,10,c,B,NA,NA,NA,NA,NA,NA,NA,NA,NA,m,c,632
6,10,d,D,NA,NA,NA,NA,NA,NA,NA,NA,NA,l,c,52
6,10,e,A,Contig 22,TNTATTTAAAAAGAAAAGCACCGCCAAATAAACTCACGNGGCGTCNTTNTTTTTAAGAAAAAAAAAAACAAYTGAGGGGGGTGTTTGGGTGTTTGTAAGATTTGAGAGGAAGAGATTAGCCTTGGATGGTGGGTTTTGCCTTTTCCTTAAAGGGAAAGAATGGCCTTTAANNGTTCAGCTNGTTTTTCGTGGGTAACTGTNTCTACNAGCGTGAGAACCGTCTCATTCGCNGNNGCATCTTTTGGAATGGCCA,k__Fungi,NA,NA,NA,NA,NA,NA,l,g,444
6,10,f,A,NA,NA,NA,NA,NA,NA,NA,NA,NA,h,d,2616
6,10,g,BLANK,NA,NA,NA,NA,NA,NA,NA,NA,NA,m,a,739
6,10,h,B,NA,NA,NA,NA,NA,NA,NA,NA,NA,m,d,1448
6,11,c,B,Contig 12,AGAGGAGARGCGGATAACAKAACGNSRRGCGKTTGTTTTTTTAGNNRGGVGAGAGGGAAGCGGCATAACAAAAANGCGGNGCTTTTTTTTTTTTAAAGGAGGGAGGGGAAGCRGTATAACAAAAGGMGGKGTTTTTTTTTTTTTAAAAGAAGGGAAGCAAAATAAAATAACACRTRGYKTTTTTTTTTTTTWTTAAAAAAANNNAAGVGVAAMAAAAWAAATGATGTTTTTTTTTTTTTTTTTTTAAAAAAAAAAAAAAAAAAAAAAAATTAWAAACTTTTTTTTTTTTNTCYTYTTCYTTTYMAAAAAACCCMSCCYCCYCYMAYTKYTTYYNCCTCCNCTCCTTTTCCTTAACAAAACCCCCCCCCCCCCGTTTTTTTACTTCCCTTCCCTCCTCTCCCAAAACAAAACACCCCCCCCCTTGTTTTTTTGCTCCCCCCCCCCCCTCTACCAAAACANCACCCCCCCCCTTTTTNTATTCCGCTTCCCCTCCCTCCTTTAAAAANACAAGCGCTTCGCGTTATGNTATCCGCTTCTNCTCT,k__Fungi,NA,NA,NA,NA,NA,NA,m,c,632
6,11,d,F,NA,NA,NA,NA,NA,NA,NA,NA,NA,l,c,52
6,11,e,O,NA,NA,NA,NA,NA,NA,NA,NA,NA,l,g,444
6,11,f,L,Contig 22,TNTATTTAAAAAGAAAAGCACCGCCAAATAAACTCACGNGGCGTCNTTNTTTTTAAGAAAAAAAAAAACAAYTGAGGGGGGTGTTTGGGTGTTTGTAAGATTTGAGAGGAAGAGATTAGCCTTGGATGGTGGGTTTTGCCTTTTCCTTAAAGGGAAAGAATGGCCTTTAANNGTTCAGCTNGTTTTTCGTGGGTAACTGTNTCTACNAGCGTGAGAACCGTCTCATTCGCNGNNGCATCTTTTGGAATGGCCA,k__Fungi,NA,NA,NA,NA,NA,NA,h,d,2616
6,11,g,BLANK,NA,NA,NA,NA,NA,NA,NA,NA,NA,m,a,739
6,11,h,B,NA,NA,NA,NA,NA,NA,NA,NA,NA,m,d,1448
6,12,a,K,NA,NA,NA,NA,NA,NA,NA,NA,NA,l,f,gr2
6,12,b,B,NA,NA,NA,NA,NA,NA,NA,NA,NA,m,b,1013
6,12,c,BLANK,NA,NA,NA,NA,NA,NA,NA,NA,NA,m,c,632
6,12,d,A,NA,NA,NA,NA,NA,NA,NA,NA,NA,l,c,52
6,12,e,O,NA,NA,NA,NA,NA,NA,NA,NA,NA,l,g,444
6,12,g,BLANK,NA,NA,NA,NA,NA,NA,NA,NA,NA,m,a,739
6,12,h,C,NA,NA,NA,NA,NA,NA,NA,NA,NA,m,d,1448
