year,month,stand,species,elevation,plot,old.tag,new.tag,predawn,midday,potdiff
2014,july,PIPOHA,PIPO,H,A,T1,T1,-1.15,-1.6,-0.45
2014,july,PIPOHA,PIPO,H,A,T5,T5,-1.2,-1.5,-0.3
2014,july,PIPOHA,PIPO,H,A,T7,T7,-0.85,-1.5,-0.65
2014,july,PIPOHB,PIPO,H,B,T1,315,-0.75,-1.55,-0.8
2014,july,PIPOHB,PIPO,H,B,T4,314,-0.7,-1.65,-0.95
2014,july,PIPOHB,PIPO,H,B,T5,317,-0.75,-1.6,-0.85
2014,july,PIPOHC,PIPO,H,C,T12,353,-0.65,-1.85,-1.2
2014,july,PIPOHC,PIPO,H,C,T3,343,-0.8,-1.65,-0.85
2014,july,PIPOHC,PIPO,H,C,T8,348,-0.75,-2,-1.25
2014,july,PIPOHD,PIPO,H,D,T3,253,-0.9,-1.35,-0.45
2014,july,PIPOHD,PIPO,H,D,T4,257,-1.25,-1.6,-0.35
2014,july,PIPOHD,PIPO,H,D,T5,285,-1.3,-1.55,-0.25
2014,july,PIPOHE,PIPO,H,E,T1,T1,-0.8,-1.775,-0.975
2014,july,PIPOHE,PIPO,H,E,T2,T2,-0.75,-1.475,-0.725
2014,july,PIPOHE,PIPO,H,E,T5,T5,-0.7,-1.625,-0.925
2014,july,PIPOLA,PIPO,L,A,T1,T1,-1.3,-1.65,-0.35
2014,july,PIPOLA,PIPO,L,A,T10,T10,-1.3,-1.95,-0.65
2014,july,PIPOLA,PIPO,L,A,T8,T8,-1.5,-1.6,-0.1
2014,july,PIPOLB,PIPO,L,B,T1,T1,-1.35,,
2014,july,PIPOLB,PIPO,L,B,T12,T12,-1.3,-1.7,-0.4
2014,july,PIPOLB,PIPO,L,B,T3,T3,-1.6,-1.8,-0.2
2014,july,PIPOLB,PIPO,L,B,T8,T8,,-1.8,-0.383
2014,july,PIPOLC,PIPO,L,C,T1,1083,-1.35,-1.4,-0.05
2014,july,PIPOLC,PIPO,L,C,T4,1080,-1.7,-1.8,-0.1
2014,july,PIPOLC,PIPO,L,C,T5,1087,-1.7,-2.15,-0.45
2014,july,PIPOLD,PIPO,L,D,T10,T10,-1.475,-1.575,-0.1
2014,july,PIPOLD,PIPO,L,D,T4,T4,-1.8,-1.9,-0.1
2014,july,PIPOLD,PIPO,L,D,T5,T5,,-1.85,
2014,july,PIPOLD,PIPO,L,D,T8,T8,-1.4,-1.5,-0.1
2014,july,PIPOLE,PIPO,L,E,T1,1105,-1.5,,-0.35
2014,july,PIPOLE,PIPO,L,E,T2,1104,-1.55,-1.65,-0.1
2014,july,PIPOLE,PIPO,L,E,T4,1105.5,-1.6,-2,-0.4
2014,july,PIPOLE,PIPO,L,E,T7,1112B,-1.4,-1.9,-0.5
2014,july,PIPOMA,PIPO,M,A,T1,1322,-1,-1.55,-0.55
2014,july,PIPOMA,PIPO,M,A,T3,1344,-1.2,-1.5,-0.3
2014,july,PIPOMA,PIPO,M,A,T5,1341,-1.35,-1.65,-0.3
2014,july,PIPOMB,PIPO,M,B,T1,T1,-1.15,-1.55,-0.4
2014,july,PIPOMB,PIPO,M,B,T5,T5,-1.5,-1.6,-0.1
2014,july,PIPOMB,PIPO,M,B,T8,1304,-1.05,-1.35,-0.3
2014,july,PIPOMC,PIPO,M,C,T10,T10,-1.25,-1.55,-0.3
2014,july,PIPOMC,PIPO,M,C,T2,1248A,-1.35,-1.55,-0.2
2014,july,PIPOMC,PIPO,M,C,T3,T3,-1,-1.5,-0.5
2014,july,PIPOMC,PIPO,M,C,T8,T8,,,-0.33
2014,july,PIPOMD,PIPO,M,D,T2,1158,-1.35,-1.65,-0.3
2014,july,PIPOMD,PIPO,M,D,T5,1161,-1.4,-1.775,-0.375
2014,july,PIPOMD,PIPO,M,D,T7,T7,-1.35,-1.75,-0.4
2014,july,PIPOME,PIPO,M,E,M5L,1264,-1,-1.5,-0.5
2014,july,PIPOME,PIPO,M,E,T1,1281,-1.3,-1.4,-0.1
2014,july,PIPOME,PIPO,M,E,T6,1279,-1.4,-1.6,-0.2
2014,july,POTRHA,POTR,H,A,H1L,2319,-0.475,-1.6,-1.125
2014,july,POTRHA,POTR,H,A,T1,2314,-0.4,-1.5,-1.1
2014,july,POTRHA,POTR,H,A,T3,2331,-0.45,-1.65,-1.2
2014,july,POTRHB,POTR,H,B,T1,2127,-0.525,-1.525,-1
2014,july,POTRHB,POTR,H,B,T3,2109,-0.4,-1.5,-1.1
2014,july,POTRHB,POTR,H,B,T5,2135,-0.4,-1.45,-1.05
2014,july,POTRHC,POTR,H,C,T1,2738,-0.45,-1.35,-0.9
2014,july,POTRHC,POTR,H,C,T10,T10,-0.5,-1.4,-0.9
2014,july,POTRHC,POTR,H,C,T13,2782,-0.4,-1.2,-0.8
2014,july,POTRHC,POTR,H,C,T5,T5,,,-0.87
2014,july,POTRHD,POTR,H,D,T1,2551,-0.525,-1.35,-0.825
2014,july,POTRHD,POTR,H,D,T3,2539,-0.5,-1.7,-1.2
2014,july,POTRHD,POTR,H,D,T6,2572,-0.525,-1.5,-0.975
2014,july,POTRHE,POTR,H,E,T1,T1,-0.45,-1.2,-0.75
2014,july,POTRHE,POTR,H,E,T4,2441,-0.525,-1.1,-0.575
2014,july,POTRHE,POTR,H,E,T6,2398,,,-0.663
2014,july,POTRLA,POTR,L,A,T1,T1,-0.75,-1.65,-0.9
2014,july,POTRLA,POTR,L,A,T10,T10,-0.35,-1.75,-1.4
2014,july,POTRLA,POTR,L,A,T3,T3,-0.55,-1.8,-1.25
2014,july,POTRLB,POTR,L,B,T1,47,-0.55,-1.8,-1.25
2014,july,POTRLB,POTR,L,B,T6,T6,-0.6,-1.65,-1.05
2014,july,POTRLB,POTR,L,B,T9,43,-0.625,-1.6,-0.975
2014,july,POTRLC,POTR,L,C,T1,122,-0.55,-1.65,-1.1
2014,july,POTRLC,POTR,L,C,T4,T4,-0.7,-1.75,-1.05
2014,july,POTRLC,POTR,L,C,T8,113,-0.5,-1.65,-1.15
2014,july,POTRLD,POTR,L,D,T1,194,-0.7,-1.7,-1
2014,july,POTRLD,POTR,L,D,T2,T2,-0.6,-1.8,-1.2
2014,july,POTRLD,POTR,L,D,T8,248,-0.75,-1.775,-1.025
2014,july,POTRLE,POTR,L,E,T1,186,-0.55,-1.65,-1.1
2014,july,POTRLE,POTR,L,E,T2,187,-0.45,-1.8,-1.35
2014,july,POTRLE,POTR,L,E,T3,181,-0.6,-1.6,-1
2014,july,POTRMA,POTR,M,A,T2,T2,,-1.65,-1.15
2014,july,POTRMA,POTR,M,A,T3,T3,,-1.45,-0.95
2014,july,POTRMA,POTR,M,A,T4,T4,,-1.5,-1
2014,july,POTRMB,POTR,M,B,T1,1013,-0.5,-1.45,-0.95
2014,july,POTRMB,POTR,M,B,T2,T2,-0.7,-1.6,-0.9
2014,july,POTRMB,POTR,M,B,T3,1037,-0.5,,-1.025
2014,july,POTRMC,POTR,M,C,T1,T1,-0.55,,-1.146
2014,july,POTRMC,POTR,M,C,T4,618,-0.6,,-1.096
2014,july,POTRMC,POTR,M,C,T8,T8,-0.6,-1.525,-0.925
2014,july,POTRMD,POTR,M,D,T3,1411,-0.35,-1.675,-1.325
2014,july,POTRMD,POTR,M,D,T4,1425,-0.5,,
2014,july,POTRMD,POTR,M,D,T5,1448,-0.45,-1.65,-1.2
2014,july,POTRME,POTR,M,E,T1,T1,-0.45,-1.7,-1.25
2014,july,POTRME,POTR,M,E,T3,T3,-0.4,,
2014,july,POTRME,POTR,M,E,T5,T5,-0.4,-1.45,-1.05
2018,july,PIPOHB,PIPO,H,B,T4,314,-1.916798,-1.823783,0.093015
2018,july,PIPOHB,PIPO,H,B,T4,314,-1.945047,-1.983631,-0.038584
2018,july,PIPOHB,PIPO,H,B,T1,315,-1.797601,-1.793467,0.004134
2018,july,PIPOHB,PIPO,H,B,T1,315,-1.804491,-1.811381,-0.00689
2018,july,PIPOHB,PIPO,H,B,,309,-1.801046,-2.116608,-0.315562
2018,july,PIPOHB,PIPO,H,B,,309,-1.721811,-2.064933,-0.343122
2018,july,POTRLB,PIPO,H,B,,45,-1.20575,-1.464814,-0.259064
2018,july,POTRLB,PIPO,H,B,,45,-1.1713,-1.555762,-0.384462
2018,july,POTRLB,PIPO,H,B,,15,-1.13685,-1.513733,-0.376883
2018,july,POTRLB,PIPO,H,B,,15,-1.1024,-1.678404,-0.576004
2018,july,POTRLB,PIPO,H,B,,6,-1.1024,-1.886482,-0.784082
2018,july,POTRLB,PIPO,H,B,,6,-1.1024,-1.991899,-0.889499
2018,july,PIPOHC,PIPO,H,C,T8,348,-2.184819,-1.830673,0.354146
2018,july,PIPOHC,PIPO,H,C,T8,348,-2.009124,-1.819649,0.189475
2018,july,PIPOHC,PIPO,H,C,,342,-1.895439,-1.985698,-0.090259
2018,july,PIPOHC,PIPO,H,C,,342,-1.482039,-1.902329,-0.42029
2018,july,PIPOHC,PIPO,H,C,,342,-1.505465,,
2018,july,PIPOHC,PIPO,H,C,S4,359,-1.940913,-1.80518,0.135733
2018,july,PIPOHC,PIPO,H,C,S4,359,-2.017392,-2.022215,-0.004823
2018,july,POTRLC,PIPO,H,C,,67,-1.1713,-1.9981,-0.8268
2018,july,POTRLC,PIPO,H,C,,67,-1.2402,-1.9292,-0.689
2018,july,POTRLC,PIPO,H,C,,72,-1.20575,-2.1359,-0.93015
2018,july,POTRLC,PIPO,H,C,,72,-1.3091,-2.17035,-0.86125
2018,july,POTRLC,PIPO,H,C,,82,-1.1024,-2.6182,-1.5158
2018,july,POTRLC,PIPO,H,C,,82,-1.13685,-2.72155,-1.5847
2018,july,PIPOHD,PIPO,H,D,T4,257,-1.442766,-1.873391,-0.430625
2018,july,PIPOHD,PIPO,H,D,T4,257,-1.391091,-1.969851,-0.57876
2018,july,PIPOHD,PIPO,H,D,,301,-1.499953,-1.750749,-0.250796
2018,july,PIPOHD,PIPO,H,D,,301,-1.524757,-1.807936,-0.283179
2018,july,PIPOHD,PIPO,H,D,S2,272,-1.187836,-1.94987,-0.762034
2018,july,PIPOHD,PIPO,H,D,S2,272,-1.168544,-1.931956,-0.763412
2018,july,POTRLD,PIPO,H,D,,207,-1.5158,-2.6182,-1.1024
2018,july,POTRLD,PIPO,H,D,,207,-1.3091,-2.067,-0.7579
2018,july,POTRLD,PIPO,H,D,,245,-1.27465,-1.82585,-0.5512
2018,july,POTRLD,PIPO,H,D,,245,-1.3091,-2.067,-0.7579
2018,july,POTRLD,PIPO,H,D,,206,-1.48135,-1.7225,-0.24115
2018,july,POTRLD,PIPO,H,D,,206,-1.378,-1.9292,-0.5512
2018,july,POTRLE,PIPO,H,E,,189,-1.9292,-1.7914,0.1378
2018,july,POTRLE,PIPO,H,E,,189,-1.9981,-1.7225,0.2756
2018,july,POTRLE,PIPO,H,E,,169B,-1.586767,-1.615705,-0.028938
2018,july,POTRLE,PIPO,H,E,,169B,-1.470326,-1.739036,-0.26871
2018,july,POTRLE,PIPO,H,E,,189,-1.484795,-1.466192,0.018603
2018,july,POTRLE,PIPO,H,E,,189,-1.46068,-1.528891,-0.068211
2018,july,POTRLF,PIPO,H,F,,394,-1.9292,-1.889927,0.039273
2018,july,POTRLF,PIPO,H,F,,394,-1.9292,-1.952626,-0.023426
2018,july,POTRLF,PIPO,H,F,,372,-1.8603,-1.747993,0.112307
2018,july,POTRLF,PIPO,H,F,,372,-1.61915,-1.854099,-0.234949
2018,july,POTRLF,PIPO,H,F,,377,-1.4469,-1.96365,-0.51675
2018,july,POTRLF,PIPO,H,F,,377,-1.61915,-2.085603,-0.466453
2018,july,POTRLG,PIPO,H,G,,439,-0.9646,-1.509599,-0.544999
2018,july,POTRLG,PIPO,H,G,,439,-1.1713,-1.55714,-0.38584
2018,july,POTRLG,PIPO,H,G,,424,-1.34355,-1.856855,-0.513305
2018,july,POTRLG,PIPO,H,G,,424,-1.34355,-2.102139,-0.758589
2018,july,POTRLG,PIPO,H,G,,429,-1.06795,-1.775553,-0.707603
2018,july,POTRLG,PIPO,H,G,,429,-1.20575,-1.905774,-0.700024
2018,july,PIPOLC,PIPO,L,C,T1,1083,-1.1024,-1.82585,-0.72345
2018,july,PIPOLC,PIPO,L,C,T1,1083,-1.13685,-1.9981,-0.86125
2018,july,PIPOLC,PIPO,L,C,T4,1080,-1.1713,-1.9292,-0.7579
2018,july,PIPOLC,PIPO,L,C,T4,1080,-1.2402,-2.10145,-0.86125
2018,july,PIPOLC,PIPO,L,C,T5,1087,-1.20575,-2.6182,-1.41245
2018,july,PIPOLC,PIPO,L,C,T5,1087,-1.2402,-2.4804,-1.2402
2018,july,PIPOLD,PIPO,L,D,D14,1131,-1.454479,-1.872013,-0.417534
2018,july,PIPOLD,PIPO,L,D,D14,1131,-1.587456,-2.014636,-0.42718
2018,july,PIPOLD,PIPO,L,D,T1,1140,-1.461369,-2.105584,-0.644215
2018,july,PIPOLD,PIPO,L,D,T1,1140,-1.271205,-2.208934,-0.937729
2018,july,PIPOLD,PIPO,L,D,D3,1138,-1.641887,-1.9292,-0.287313
2018,july,PIPOLD,PIPO,L,D,D3,1138,-1.638442,-1.8603,-0.221858
2018,july,PIPOLE,PIPO,L,E,,1115,-1.464814,,
2018,july,PIPOLE,PIPO,L,E,,1115,-1.331837,,
2018,july,PIPOLE,PIPO,L,E,T7,1112B,-1.5158,-2.000167,-0.484367
2018,july,PIPOLE,PIPO,L,E,T7,1112B,-1.37111,-2.059421,-0.688311
2018,july,PIPOLE,PIPO,L,E,,S3,-1.540604,-1.907841,-0.367237
2018,july,PIPOLE,PIPO,L,E,,S3,-1.321502,-1.827917,-0.506415
2018,july,PIPOLE,PIPO,L,E,T11,1109,-1.46068,-2.133833,-0.673153
2018,july,PIPOLE,PIPO,L,E,T11,1109,-1.510977,-2.198599,-0.687622
2018,july,PIPOLF,PIPO,L,F,,989,-1.34355,-2.193776,-0.850226
2018,july,PIPOLF,PIPO,L,F,,989,-1.4469,-2.222025,-0.775125
2018,july,PIPOLF,PIPO,L,F,,991,-1.61915,-2.468687,-0.849537
2018,july,PIPOLF,PIPO,L,F,,991,-1.55025,-2.326064,-0.775814
2018,july,PIPOLF,PIPO,L,F,,980,-1.5158,-1.781065,-0.265265
2018,july,PIPOLF,PIPO,L,F,,980,-1.55025,-2.016014,-0.465764
2018,july,PIPOLG,PIPO,L,G,,960,-1.4469,-2.03255,-0.58565
2018,july,PIPOLG,PIPO,L,G,,960,-1.2402,-1.9292,-0.689
2018,july,PIPOLG,PIPO,L,G,,975,-1.34355,-1.8603,-0.51675
2018,july,PIPOLG,PIPO,L,G,,975,-1.378,-1.8603,-0.4823
2018,july,PIPOLG,PIPO,L,G,,976,-1.13685,-1.7914,-0.65455
2018,july,PIPOLG,PIPO,L,G,,976,-1.20575,-1.82585,-0.6201
2018,july,PIPOMA,PIPO,M,A,,1331,-1.1713,-1.75695,-0.58565
2018,july,PIPOMA,PIPO,M,A,,1331,-1.2402,-1.9292,-0.689
2018,july,PIPOMA,PIPO,M,A,,1322,-1.41245,-2.421835,-1.009385
2018,july,PIPOMA,PIPO,M,A,,1322,-1.4469,-2.437682,-0.990782
2018,july,PIPOMA,PIPO,M,A,,1355,-1.20575,-1.7914,-0.58565
2018,july,PIPOMA,PIPO,M,A,,1355,-1.2402,-2.2737,-1.0335
2018,july,PIPOMA,PIPO,M,A,,1355,,-2.37705,
2018,july,PIPOMB,PIPO,M,B,S7,1298,-1.0335,-2.6182,-1.5847
2018,july,PIPOMB,PIPO,M,B,S7,1298,-1.1713,-2.4115,-1.2402
2018,july,PIPOMB,PIPO,M,B,S4,1302,-1.2402,-2.490046,-1.249846
2018,july,PIPOMB,PIPO,M,B,S4,1302,-1.2402,-2.488668,-1.248468
2018,july,PIPOMB,PIPO,M,B,S4,1302,,-3.234166,
2018,july,PIPOMB,PIPO,M,B,S3,1301,-0.93015,-2.58375,-1.6536
2018,july,PIPOMB,PIPO,M,B,S3,1301,-1.06795,-2.457663,-1.389713
2018,july,PIPOMB,PIPO,M,B,S3,1301,,-2.4804,
2018,july,PIPOMC,PIPO,M,C,,1216,-1.2402,-1.741103,-0.500903
2018,july,PIPOMC,PIPO,M,C,,1216,-1.34355,-1.638442,-0.294892
2018,july,PIPOMC,PIPO,M,C,,1249,-1.20575,-1.691495,-0.485745
2018,july,PIPOMC,PIPO,M,C,,1249,-1.34355,-1.835496,-0.491946
2018,july,PIPOMC,PIPO,M,C,S1,1240,-1.20575,-1.380756,-0.175006
2018,july,PIPOMC,PIPO,M,C,S1,1240,-1.2402,-1.472393,-0.232193
2018,july,PIPOMD,PIPO,M,D,L5,1161,-1.112046,-1.227109,-0.115063
2018,july,PIPOMD,PIPO,M,D,L5,1161,-1.214018,-1.838252,-0.624234
2018,july,PIPOMD,PIPO,M,D,L5,1161,,-1.831362,
2018,july,PIPOMD,PIPO,M,D,T3,1156,-1.179568,-1.94987,-0.770302
2018,july,PIPOMD,PIPO,M,D,T3,1156,-1.206439,-1.996722,-0.790283
2018,july,PIPOMD,PIPO,M,D,T2,1158,-1.001806,-1.802424,-0.800618
2018,july,PIPOMD,PIPO,M,D,T2,1158,-1.072773,-1.889927,-0.817154
2018,july,PIPOME,PIPO,M,E,S5,1258,-1.300832,-1.808625,-0.507793
2018,july,PIPOME,PIPO,M,E,S5,1258,-1.196793,-1.798979,-0.602186
2018,july,PIPOME,PIPO,M,E,S3,1256,-1.346995,-1.978119,-0.631124
2018,july,PIPOME,PIPO,M,E,S3,1256,-1.209884,-1.952626,-0.742742
2018,july,PIPOME,PIPO,M,E,T1,1281,-1.317588636,-1.960205,-0.642616364
2018,july,PIPOME,PIPO,M,E,T1,1281,-1.17819,-1.797601,-0.619411
2018,july,POTRHA,POTR,H,A,2314,T1,,-1.41245,
2018,july,POTRHA,POTR,H,A,2314,T1,,-0.9646,
2018,july,POTRHA,POTR,H,A,2331,T3,,-1.1713,
2018,july,POTRHA,POTR,H,A,2331,T3,,-1.1024,
2018,july,POTRHA,POTR,H,A,2247,1H,,-2.5493,
2018,july,POTRHA,POTR,H,A,2247,1H,,-2.067,
2018,july,POTRHB,POTR,H,B,T3,2109,,-0.942552,
2018,july,POTRHB,POTR,H,B,T3,2109,,-1.825161,
2018,july,POTRHB,POTR,H,B,T3,2109,,-1.663246,
2018,july,POTRHB,POTR,H,B,T5,2135,,-1.690806,
2018,july,POTRHB,POTR,H,B,T5,2135,,-1.662557,
2018,july,POTRHB,POTR,H,B,6H,2127,,-1.390402,
2018,july,POTRHB,POTR,H,B,6H,2127,,-1.524757,
2018,july,POTRHC,POTR,H,C,T13,2782,,-1.555073,
2018,july,POTRHC,POTR,H,C,T13,2782,,-1.718366,
2018,july,POTRHC,POTR,H,C,,T5,,-1.761084,
2018,july,POTRHC,POTR,H,C,,T5,,-1.953315,
2018,july,POTRHC,POTR,H,C,,T5,,-2.049086,
2018,july,POTRHD,POTR,H,D,Tree X,2467,,-1.714232,
2018,july,POTRHD,POTR,H,D,Tree X,2467,,-2.095249,
2018,july,POTRHD,POTR,H,D,Tree X,2467,,-1.955382,
2018,july,POTRHD,POTR,H,D,9H,2551,,-1.96365,
2018,july,POTRHD,POTR,H,D,9H,2551,,-1.974674,
2018,july,POTRHD,POTR,H,D,T3,2539,,-1.995344,
2018,july,POTRHD,POTR,H,D,T3,2539,,-1.881659,
2018,july,POTRHE,POTR,H,E,T4,2441,,-1.34355,
2018,july,POTRHE,POTR,H,E,T4,2441,,-1.41245,
2018,july,POTRHE,POTR,H,E,T6,2398,,-1.4469,
2018,july,POTRHE,POTR,H,E,T6,2398,,-1.7914,
2018,july,POTRHE,POTR,H,E,10H,2421,,-1.8603,
2018,july,POTRHE,POTR,H,E,10H,2421,,-1.5847,
2018,july,POTRLB,POTR,L,B,T1,47,-0.65455,-1.776242,-1.121692
2018,july,POTRLB,POTR,L,B,T1,47,-0.689,-2.2048,-1.5158
2018,july,POTRLB,POTR,L,B,,46,-0.6201,-2.133144,-1.513044
2018,july,POTRLB,POTR,L,B,,46,-0.6201,-2.577549,-1.957449
2018,july,POTRLB,POTR,L,B,,3A,-0.8268,-2.166216,-1.339416
2018,july,POTRLB,POTR,L,B,,3A,-0.8268,-2.240628,-1.413828
2018,july,POTRLC,POTR,L,C,S4,3,-0.689,-1.9292,-1.2402
2018,july,POTRLC,POTR,L,C,S4,3,-0.6201,-1.9981,-1.378
2018,july,POTRLC,POTR,L,C,S7,70,-0.99905,-2.37705,-1.378
2018,july,POTRLC,POTR,L,C,S7,70,-0.9646,-2.5493,-1.5847
2018,july,POTRLC,POTR,L,C,,75,-1.27465,-2.17035,-0.8957
2018,july,POTRLC,POTR,L,C,,75,-1.2402,-2.3426,-1.1024
2018,july,POTRLC,POTR,L,C,,75,,-1.68805,
2018,july,POTRLD,POTR,L,D,T8,248,-1.1024,-2.3426,-1.2402
2018,july,POTRLD,POTR,L,D,T8,248,-0.99905,-2.6182,-1.61915
2018,july,POTRLD,POTR,L,D,T1,194,-0.8957,-2.37705,-1.48135
2018,july,POTRLD,POTR,L,D,T1,194,-0.8957,-2.4804,-1.5847
2018,july,POTRLD,POTR,L,D,T7,204,-0.9646,-1.9292,-0.9646
2018,july,POTRLD,POTR,L,D,T7,204,-1.06795,-2.3426,-1.27465
2018,july,POTRLE,POTR,L,E,T2,187,-0.99905,-2.5493,-1.55025
2018,july,POTRLE,POTR,L,E,T2,187,-1.0335,-2.79045,-1.75695
2018,july,POTRLE,POTR,L,E,T3,181,-0.72345,-2.44595,-1.7225
2018,july,POTRLE,POTR,L,E,T3,181,-0.79235,-2.2048,-1.41245
2018,july,POTRLE,POTR,L,E,T1,186,-0.9646,-1.6536,-0.689
2018,july,POTRLE,POTR,L,E,T1,186,-0.93015,-1.9981,-1.06795
2018,july,POTRLF,POTR,L,F,,398,-1.13685,-1.83963,-0.70278
2018,july,POTRLF,POTR,L,F,,398,-1.1024,-1.947803,-0.845403
2018,july,POTRLF,POTR,L,F,,402,-1.2402,-1.971918,-0.731718
2018,july,POTRLF,POTR,L,F,,402,-1.27465,-2.048397,-0.773747
2018,july,POTRLF,POTR,L,F,,382,-1.61915,-1.902329,-0.283179
2018,july,POTRLF,POTR,L,F,,382,-1.55025,-2.235116,-0.684866
2018,july,POTRLF,POTR,L,F,,382,,-2.317796,
2018,july,POTRLG,POTR,L,G,,440,-0.72345,-1.28154,-0.55809
2018,july,POTRLG,POTR,L,G,,440,-0.65455,-1.297387,-0.642837
2018,july,POTRLG,POTR,L,G,,434,-0.9646,-1.733524,-0.768924
2018,july,POTRLG,POTR,L,G,,434,-1.06795,-1.934023,-0.866073
2018,july,POTRLG,POTR,L,G,,422,-1.27465,-1.761084,-0.486434
2018,july,POTRLG,POTR,L,G,,422,-1.2402,-1.727323,-0.487123
2018,july,POTRMF,POTR,M,F,,710,-0.618033,-1.829295,-1.211262
2018,july,POTRMF,POTR,M,F,,710,-0.611832,-1.947803,-1.335971
2018,july,POTRMF,POTR,M,F,,783,-0.558779,-2.215824,-1.657045
2018,july,POTRMF,POTR,M,F,,783,-0.584961,-2.158637,-1.573676
2018,july,POTRMF,POTR,M,F,,779,-0.479544,-2.386007,-1.906463
2018,july,POTRMF,POTR,M,F,,779,-0.460252,-2.343978,-1.883726
2018,july,POTRMB,POTR,M,B,T3,1037,-0.591851,-2.171039,-1.579188
2018,july,POTRMB,POTR,M,B,T3,1037,-0.54431,-2.116608,-1.572298
2018,july,POTRMB,POTR,M,B,T1,1013,-0.672464,-1.63982,-0.967356
2018,july,POTRMB,POTR,M,B,T1,1013,-0.62699,-1.789333,-1.162343
2018,july,POTRMB,POTR,M,B,S6,1044,-0.571181,-2.028416,-1.457235
2018,july,POTRMB,POTR,M,B,S6,1044,-0.614588,-1.982253,-1.367665
2018,july,POTRME,POTR,M,E,,T3,,-1.669447,
2018,july,POTRME,POTR,M,E,,T3,,-1.759017,
2018,july,POTRME,POTR,M,E,,T5,,-1.647399,
2018,july,POTRME,POTR,M,E,,T5,,-1.71561,
2018,july,POTRME,POTR,M,E,,T1,,-2.000167,
2018,july,POTRME,POTR,M,E,,T1,,-2.090426,
2018,july,POTRHA,ABLA,L,A,T4,T4,,-1.1721092,
2018,july,POTRHA,ABLA,L,A,T4,T4,,-0.8963188,
2018,july,POTRHA,ABLA,L,A,T4,T4,,-1.1721092,
2018,july,POTRHA,ABLA,L,A,T3,2300,,-1.2410568,
2018,july,POTRHA,ABLA,L,A,T3,2300,,-1.3100044,
2018,july,POTRHA,ABLA,L,A,L1-H,2264,,-0.9997402,
2018,july,POTRHA,ABLA,L,A,L1-H,2264,,-0.9307926,
2018,july,POTRHE,ABLA,L,E,T,2356,,-1.2755306,
2018,july,POTRHE,ABLA,L,E,T,2356,,-1.3444782,
2018,july,POTRHE,ABLA,L,E,8L,2354,,-1.2410568,
2018,july,POTRHE,ABLA,L,E,8L,2354,,-1.4134258,
2018,july,POTRHE,ABLA,L,E,R,R,,-1.2410568,
2018,july,POTRHE,ABLA,L,E,R,R,,-1.3100044,
2018,july,ABLALD,ABLA,L,D,,843,,-1.2410568,
2018,july,ABLALD,ABLA,L,D,,843,,-1.551321,
2018,july,ABLALD,ABLA,L,D,,912,,-1.2410568,
2018,july,ABLALD,ABLA,L,D,,912,,-1.4134258,
2018,july,ABLALD,ABLA,L,D,,906,,-1.2410568,
2018,july,ABLALD,ABLA,L,D,,906,,-1.378952,
2018,july,ABLALE,ABLA,L,E,,T1,,-1.206583,
2018,july,ABLALE,ABLA,L,E,,T1,,-1.2755306,
2018,july,ABLALE,ABLA,L,E,,T2,,-1.378952,
2018,july,ABLALE,ABLA,L,E,,T2,,-1.4478996,
2018,july,ABLALE,ABLA,L,E,,N,,-1.034214,
2018,july,ABLALE,ABLA,L,E,,N,,-1.0686878,
2018,august,ABLALE,ABLA,L,E,,T1,-1.1031616,-1.378952,-0.2757904
2018,august,ABLALE,ABLA,L,E,,T1,-0.8963188,-2.068428,-1.1721092
2018,august,ABLALE,ABLA,L,E,,T2,-0.8963188,-1.4823734,-0.5860546
2018,august,ABLALE,ABLA,L,E,,T2,-0.8273712,-1.551321,-0.7239498
2018,august,ABLALE,ABLA,L,E,,T3,-0.8273712,-1.4478996,-0.6205284
2018,august,ABLALE,ABLA,L,E,,T3,-0.9307926,-0.689476,0.2413166
2018,august,POTRHA,ABLA,L,A,L1-H,2247,-1.36516248,-1.206583,0.15857948
2018,august,POTRHA,ABLA,L,A,L1-H,2247,-1.2755306,-1.3444782,-0.0689476
2018,august,POTRHA,ABLA,L,A,T4,T4,-0.861845,-1.2755306,-0.4136856
2018,august,POTRHA,ABLA,L,A,T4,T4,-0.8963188,-1.4478996,-0.5515808
2018,august,POTRHA,ABLA,L,A,T3,2300,-0.9307926,-1.3444782,-0.4136856
2018,august,POTRHA,ABLA,L,A,T3,2300,-0.87563452,-1.5857948,-0.71016028
2018,august,POTRHE,ABLA,L,E,8L,2354,-0.861845,-1.206583,-0.344738
2018,august,POTRHE,ABLA,L,E,8L,2354,-0.9307926,-1.3100044,-0.3792118
2018,august,POTRHE,ABLA,L,E,T5-L8,2372,-0.8963188,-1.2410568,-0.344738
2018,august,POTRHE,ABLA,L,E,T5-L8,2372,-1.034214,-1.1721092,-0.1378952
2018,august,POTRHE,ABLA,L,E,T,2356,-0.861845,-1.378952,-0.517107
2018,august,POTRHE,ABLA,L,E,T,2356,-0.9652664,-1.3100044,-0.344738
2018,august,ABLAMA,ABLA,M,A,T1,T1,-0.7584236,-0.689476,0.0689476
2018,august,ABLAMA,ABLA,M,A,T1,T1,-0.689476,-0.7239498,-0.0344738
2018,august,ABLAMA,ABLA,M,A,S7,S7,-0.4826332,-0.8273712,-0.344738
2018,august,ABLAMA,ABLA,M,A,S7,S7,-0.6550022,-0.8963188,-0.2413166
2018,august,ABLAMA,ABLA,M,A,T4,T4,-0.6550022,-0.7928974,-0.1378952
2018,august,ABLAMA,ABLA,M,A,T4,T4,-0.6205284,-0.8273712,-0.2068428
2018,august,ABLAMB,ABLA,M,B,M12,M12,-1.034214,-1.3100044,-0.2757904
2018,august,ABLAMB,ABLA,M,B,M12,M12,-1.0686878,-1.2755306,-0.2068428
2018,august,ABLAMB,ABLA,M,B,S1,S1,-1.034214,-1.206583,-0.172369
2018,august,ABLAMB,ABLA,M,B,S1,S1,-0.9307926,-1.1031616,-0.172369
2018,august,ABLAMB,ABLA,M,B,S7,S7,-0.861845,-1.1721092,-0.3102642
2018,august,ABLAMB,ABLA,M,B,S7,S7,-0.861845,-1.206583,-0.344738
2018,august,ABLAMC,ABLA,M,C,M?,M?,-0.689476,-1.72369,-1.034214
2018,august,ABLAMC,ABLA,M,C,M?,M?,-0.7584236,-2.413166,-1.6547424
2018,august,ABLAMC,ABLA,M,C,M?,M?,,-2.3442184,
2018,august,ABLAMC,ABLA,M,C,M?,M?,,-1.1721092,
2018,august,ABLAMC,ABLA,M,C,M?,M?,,-1.4134258,
2018,august,ABLAMC,ABLA,M,C,UNLABELED,UNLABELED,-0.689476,-1.2755306,-0.5860546
2018,august,ABLAMC,ABLA,M,C,UNLABELED,UNLABELED,-0.7584236,-1.3444782,-0.5860546
2018,august,ABLAMC,ABLA,M,C,S2,S2,-0.6205284,-1.2755306,-0.6550022
2018,august,ABLAMC,ABLA,M,C,S2,S2,-0.7584236,-1.2755306,-0.517107
2018,august,ABLALD,ABLA,L,D,,843,-1.1376354,-1.6892162,-0.5515808
2018,august,ABLALD,ABLA,L,D,,843,-1.2755306,-1.72369,-0.4481594
2018,august,ABLALD,ABLA,L,D,,906,-0.9652664,-1.378952,-0.4136856
2018,august,ABLALD,ABLA,L,D,,906,-0.9997402,-1.378952,-0.3792118
2018,august,ABLALD,ABLA,L,D,,912,-0.861845,-1.72369,-0.861845
2018,august,ABLALD,ABLA,L,D,,912,-0.9652664,-1.8271114,-0.861845
2018,august,ABLAHF,ABLA,L,F,T1,T1,-0.9997402,-1.72369,-0.7239498
2018,august,ABLAHF,ABLA,H,F,T1,T1,-0.9652664,-1.7926376,-0.8273712
2018,august,ABLAHF,ABLA,H,F,T2,T2,-0.9997402,-1.5857948,-0.5860546
2018,august,ABLAHF,ABLA,H,F,T2,T2,-0.9307926,-1.72369,-0.7928974
2018,august,ABLAHF,ABLA,H,F,T3,T3,-0.861845,-1.6547424,-0.7928974
2018,august,ABLAHF,ABLA,H,F,T3,T3,-0.8273712,-1.72369,-0.8963188
2018,august,ABLAHE,ABLA,H,E,T1,T1,-1.206583,-1.6892162,-0.4826332
2018,august,ABLAHE,ABLA,H,E,T1,T1,-1.3100044,-1.8615852,-0.5515808
2018,august,ABLAHE,ABLA,H,E,T2,T2,,-1.6202686,
2018,august,ABLAHE,ABLA,H,E,T2,T2,-0.861845,-1.4134258,-0.5515808
2018,august,ABLAHE,ABLA,H,E,T2,T2,-0.861845,-1.551321,-0.689476
2018,august,ABLAHE,ABLA,H,E,T3,T3,-1.034214,-1.551321,-0.517107
2018,august,ABLAHE,ABLA,H,E,T3,T3,-0.9307926,-1.6547424,-0.7239498
2018,august,ABLAHC,ABLA,H,C,L7,L7,-0.7928974,-1.4823734,-0.689476
2018,august,ABLAHC,ABLA,H,C,L7,L7,-0.8963188,-1.9305328,-1.034214
2018,august,ABLAHC,ABLA,H,C,L7,L7,,-1.72369,
2018,august,ABLAHC,ABLA,H,C,S1,S1,-0.861845,-1.2410568,-0.3792118
2018,august,ABLAHC,ABLA,H,C,S1,S1,-0.7584236,-1.3100044,-0.5515808
2018,august,ABLAHC,ABLA,H,C,3,3,-0.5860546,-1.4823734,-0.8963188
2018,august,ABLAHC,ABLA,H,C,3,3,-0.6205284,-1.4823734,-0.861845
2018,august,ABLAHA,ABLA,H,A,S6,S6,-0.9997402,-1.9305328,-0.9307926
2018,august,ABLAHA,ABLA,H,A,S6,S6,-1.1031616,-1.6202686,-0.517107
2018,august,ABLAHA,ABLA,H,A,S5,S5,-1.378952,-1.6547424,-0.2757904
2018,august,ABLAHA,ABLA,H,A,S5,S5,-1.3444782,-1.5857948,-0.2413166
2018,august,ABLAHA,ABLA,H,A,T3,T3,-1.1721092,-1.8615852,-0.689476
2018,august,ABLAHA,ABLA,H,A,T3,T3,-1.034214,-1.8615852,-0.8273712
2018,august,ABLAHD,ABLA,H,D,S4,S4,-1.1031616,-1.6547424,-0.5515808
2018,august,ABLAHD,ABLA,H,D,S4,S4,-1.2410568,-1.5857948,-0.344738
2018,august,ABLAHD,ABLA,H,D,S2,S2,-1.206583,-1.5857948,-0.3792118
2018,august,ABLAHD,ABLA,H,D,S2,S2,-1.1721092,-1.6202686,-0.4481594
2018,august,ABLAHD,ABLA,H,D,S7,S7,-1.2410568,-1.5857948,-0.344738
2018,august,ABLAHD,ABLA,H,D,S7,S7,-1.034214,-1.6202686,-0.5860546
2018,august,POTRLB,PIPO,H,B,,15,-1.2410568,-2.5510612,-1.3100044
2018,august,POTRLB,PIPO,H,B,,15,-1.40653104,-2.585535,-1.17900396
2018,august,POTRLB,PIPO,H,B,,6,-3.2405372,-2.4821136,0.7584236
2018,august,POTRLB,PIPO,H,B,,6,-2.6544826,-3.6542228,-0.9997402
2018,august,POTRLB,PIPO,H,B,,45,-2.5165874,-3.2405372,-0.7239498
2018,august,POTRLB,PIPO,H,B,,45,-2.5510612,-2.8268516,-0.2757904
2018,august,PIPOHD,PIPO,H,D,,275,-2.2752708,-2.2063232,0.0689476
2018,august,PIPOHD,PIPO,H,D,,275,-2.33042888,-2.1029018,0.22752708
2018,august,PIPOHD,PIPO,H,D,,257,-2.14427036,-1.46168912,0.68258124
2018,august,PIPOHD,PIPO,H,D,,257,-1.8615852,-1.5857948,0.2757904
2018,august,PIPOHD,PIPO,H,D,,253,-3.1715896,-2.4821136,0.689476
2018,august,PIPOHD,PIPO,H,D,,253,-3.2405372,-2.1373756,1.1031616
2018,august,POTRLE,PIPO,H,E,,173,-2.2063232,-2.2752708,-0.0689476
2018,august,POTRLE,PIPO,H,E,,173,-2.3097446,-1.3100044,0.9997402
2018,august,POTRLE,PIPO,H,E,,174,-3.0336944,-2.2063232,0.8273712
2018,august,POTRLE,PIPO,H,E,,174,-3.0681682,-1.9994804,1.0686878
2018,august,POTRLE,PIPO,H,E,,189,-2.6200088,-2.413166,0.2068428
2018,august,POTRLE,PIPO,H,E,,189,-2.4821136,-2.1373756,0.344738
2018,august,PIPOHC,PIPO,H,C,,348,-1.9305328,-1.9994804,-0.0689476
2018,august,PIPOHC,PIPO,H,C,,348,-2.240797,-2.068428,0.172369
2018,august,PIPOHC,PIPO,H,C,,353,-1.72369,-1.72369,0
2018,august,PIPOHC,PIPO,H,C,,353,-1.70990048,-1.6202686,0.08963188
2018,august,PIPOHC,PIPO,H,C,,343,-2.3442184,-3.0336944,-0.689476
2018,august,PIPOHC,PIPO,H,C,,343,-2.413166,-2.3442184,0.0689476
2018,august,PIPOHC,PIPO,H,C,,343,,-2.2752708,
2018,august,PIPOHC,PIPO,H,C,,342,-1.7926376,-2.6544826,-0.861845
2018,august,PIPOHC,PIPO,H,C,,342,-1.7581638,-2.4476398,-0.689476
2018,august,PIPOHC,PIPO,H,C,,359,-1.8615852,-2.5165874,-0.6550022
2018,august,PIPOHC,PIPO,H,C,,359,-1.8271114,-2.5510612,-0.7239498
2018,august,POTRLF,PIPO,H,F,,394,-1.7581638,-1.9994804,-0.2413166
2018,august,POTRLF,PIPO,H,F,,394,-1.9305328,-1.9305328,0
2018,august,POTRLF,PIPO,H,F,,372,-1.70990048,-1.9650066,-0.25510612
2018,august,POTRLF,PIPO,H,F,,372,-2.2752708,-1.9305328,0.344738
2018,august,POTRLF,PIPO,H,F,,372,-2.1718494,,
2018,august,POTRLF,PIPO,H,F,,377,-1.77195332,-1.8271114,-0.05515808
2018,august,POTRLF,PIPO,H,F,,377,-1.9305328,-1.8615852,0.0689476
2018,august,PIPOHB,PIPO,H,B,,309,-1.6547424,-0.7584236,0.8963188
2018,august,PIPOHB,PIPO,H,B,,309,-1.5857948,-0.9652664,0.6205284
2018,august,PIPOHB,PIPO,H,B,,315,-1.8615852,-1.6547424,0.2068428
2018,august,PIPOHB,PIPO,H,B,,315,-1.896059,-1.72369,0.172369
2018,august,PIPOHB,PIPO,H,B,,336,-1.6892162,-1.9305328,-0.2413166
2018,august,PIPOHB,PIPO,H,B,,336,-2.1373756,-1.8615852,0.2757904
2018,august,PIPOHB,PIPO,H,B,,336,-1.72369,,
2018,august,PIPOHB,PIPO,H,B,,314,-1.73058476,-1.7926376,-0.06205284
2018,august,PIPOHB,PIPO,H,B,,314,-1.66163716,-1.72369,-0.06205284
2018,august,POTRLE,PIPO,H,E,,169B,-2.1373756,-1.9305328,0.2068428
2018,august,POTRLE,PIPO,H,E,,169B,-1.6547424,-1.8615852,-0.2068428
2018,august,POTRLE,PIPO,H,E,,169B,-1.6202686,,
2018,august,PIPOHD,PIPO,H,D,,274,-1.551321,-1.6892162,-0.1378952
2018,august,PIPOHD,PIPO,H,D,,274,-1.5168472,-1.8615852,-0.344738
2018,august,PIPOHD,PIPO,H,D,,301,-1.6547424,-2.068428,-0.4136856
2018,august,PIPOHD,PIPO,H,D,,301,-1.6202686,-1.9650066,-0.344738
2018,august,PIPOHD,PIPO,H,D,,272,-1.6202686,-1.896059,-0.2757904
2018,august,PIPOHD,PIPO,H,D,,272,-2.1029018,-1.8615852,0.2413166
2018,august,PIPOHD,PIPO,H,D,,272,-1.72369,,
2018,august,POTRLG,PIPO,H,G,,439,-1.6892162,-1.9305328,-0.2413166
2018,august,POTRLG,PIPO,H,G,,439,-1.5168472,-2.068428,-0.5515808
2018,august,PIPOMC,PIPO,M,C,,1248,-1.5857948,-1.9650066,-0.3792118
2018,august,PIPOMC,PIPO,M,C,,1248,-1.72369,-2.068428,-0.344738
2018,august,PIPOMC,PIPO,M,C,,1248A,-1.378952,-1.6547424,-0.2757904
2018,august,PIPOMC,PIPO,M,C,,1248A,-1.40653104,-1.72369,-0.31715896
2018,august,PIPOMC,PIPO,M,C,,1216,-1.4134258,-2.413166,-0.9997402
2018,august,PIPOMC,PIPO,M,C,,1216,-1.2410568,-2.2752708,-1.034214
2018,august,PIPOMC,PIPO,M,C,,1216,-1.896059,-2.5165874,-0.6205284
2018,august,PIPOMC,PIPO,M,C,,1216,-1.896059,,
2018,august,PIPOMC,PIPO,M,C,,1216,-1.3100044,,
2018,august,PIPOMC,PIPO,M,C,,1216,-1.2755306,,
2018,august,PIPOMC,PIPO,M,C,,1216,-1.2755306,,
2018,august,PIPOMC,PIPO,M,C,,1240,-1.5168472,-2.068428,-0.5515808
2018,august,PIPOMC,PIPO,M,C,,1240,-1.4823734,-1.9650066,-0.4826332
2018,august,PIPOMC,PIPO,M,C,,1249,-1.8615852,-2.1373756,-0.2757904
2018,august,PIPOMC,PIPO,M,C,,1249,-1.8271114,-2.2752708,-0.4481594
2018,august,PIPOMD,PIPO,M,D,,1158,-1.72369,-1.896059,-0.172369
2018,august,PIPOMD,PIPO,M,D,,1158,-1.6547424,-2.0339542,-0.3792118
2018,august,PIPOME,PIPO,M,E,,1264,-1.72369,-3.102642,-1.378952
2018,august,PIPOME,PIPO,M,E,,1264,-1.551321,-2.2063232,-0.6550022
2018,august,PIPOME,PIPO,M,E,,1264,-1.2755306,-2.413166,-1.1376354
2018,august,PIPOME,PIPO,M,E,,1264,-1.23416204,,
2018,august,PIPOME,PIPO,M,E,,1256,-1.9305328,-2.6889564,-0.7584236
2018,august,PIPOME,PIPO,M,E,,1256,-2.068428,-2.4821136,-0.4136856
2018,august,PIPOME,PIPO,M,E,,1256,-1.63405812,,
2018,august,PIPOME,PIPO,M,E,,1256,-1.7926376,,
2018,august,PIPOME,PIPO,M,E,,1258,-1.6892162,-2.068428,-0.3792118
2018,august,PIPOME,PIPO,M,E,,1258,-1.5857948,-2.3442184,-0.7584236
2018,august,PIPOMA,PIPO,M,A,,1341,-1.36516248,-1.9305328,-0.56537032
2018,august,PIPOMA,PIPO,M,A,,1341,-1.378952,-2.0339542,-0.6550022
2018,august,PIPOMA,PIPO,M,A,,1353,-1.896059,-2.1373756,-0.2413166
2018,august,PIPOMA,PIPO,M,A,,1353,,-2.1373756,
2018,august,PIPOMA,PIPO,M,A,,1353,,-1.9305328,
2018,august,PIPOMA,PIPO,M,A,,1344,-1.9305328,-2.068428,-0.1378952
2018,august,PIPOMA,PIPO,M,A,,1344,-1.9994804,-2.1373756,-0.1378952
2018,august,PIPOMA,PIPO,M,A,,1341,-2.4821136,-2.1373756,0.344738
2018,august,PIPOMA,PIPO,M,A,,1341,-2.585535,-1.9994804,0.5860546
2018,august,PIPOMA,PIPO,M,A,,1341,,-2.2063232,
2018,august,PIPOMA,PIPO,M,A,,1341,,-2.2752708,
2018,august,PIPOMB,PIPO,M,B,,1301,-2.068428,-1.9305328,0.1378952
2018,august,PIPOMB,PIPO,M,B,,1301,-1.9994804,-2.0339542,-0.0344738
2018,august,PIPOMB,PIPO,M,B,,1298,-2.3442184,-3.3094848,-0.9652664
2018,august,PIPOMB,PIPO,M,B,,1298,-2.4821136,-3.5163276,-1.034214
2018,august,PIPOMB,PIPO,M,B,,1305,-2.2752708,-2.068428,0.2068428
2018,august,PIPOMB,PIPO,M,B,,1305,-1.8615852,-2.0339542,-0.172369
2018,august,PIPOMB,PIPO,M,B,,1304,-1.5857948,-1.9650066,-0.3792118
2018,august,PIPOMB,PIPO,M,B,,1304,-1.8615852,-2.068428,-0.2068428
2018,august,PIPOMB,PIPO,M,B,,1302,-1.1376354,-2.068428,-0.9307926
2018,august,PIPOMB,PIPO,M,B,,1302,,-2.1373756,
2018,august,PIPOMC,PIPO,M,C,,1248A,-2.5510612,-1.72369,0.8273712
2018,august,PIPOMC,PIPO,M,C,,1248A,-2.5510612,-2.413166,0.1378952
2018,august,PIPOMC,PIPO,M,C,,1248A,,-2.4821136,
2018,august,PIPOMC,PIPO,M,C,,1248,-3.102642,-2.1718494,0.9307926
2018,august,PIPOMC,PIPO,M,C,,1248,-3.1715896,-2.3442184,0.8273712
2018,august,PIPOMC,PIPO,M,C,,1245,-2.413166,-1.9994804,0.4136856
2018,august,PIPOMC,PIPO,M,C,,1245,-2.4821136,-1.8615852,0.6205284
2018,august,PIPOMC,PIPO,M,C,,1245,,-3.0336944,
2018,august,PIPOMC,PIPO,M,C,,1245,,-2.8268516,
2018,august,PIPOMC,PIPO,M,C,,1216,-2.2063232,-1.9650066,0.2413166
2018,august,PIPOMC,PIPO,M,C,,1216,-2.3442184,-1.6547424,0.689476
2018,august,PIPOMC,PIPO,M,C,,1216,,-2.9992206,
2018,august,PIPOMC,PIPO,M,C,,1240,-2.2063232,-1.8615852,0.344738
2018,august,PIPOMC,PIPO,M,C,,1240,-2.3442184,-1.8615852,0.4826332
2018,august,PIPOMC,PIPO,M,C,,1249,-2.413166,-1.9994804,0.4136856
2018,august,PIPOMC,PIPO,M,C,,1249,-2.5510612,-2.6200088,-0.0689476
2018,august,PIPOMC,PIPO,M,C,,1249,,-2.18563892,
2018,august,PIPOMD,PIPO,M,D,,1156,-2.0339542,-2.2752708,-0.2413166
2018,august,PIPOMD,PIPO,M,D,,1156,-2.1373756,-2.068428,0.0689476
2018,august,PIPOMD,PIPO,M,D,,1156,,-2.2063232,
2018,august,PIPOMD,PIPO,M,D,,1158,-1.9994804,-1.9994804,0
2018,august,PIPOMD,PIPO,M,D,,1158,-2.1373756,-1.896059,0.2413166
2018,august,PIPOMD,PIPO,M,D,,1161,-1.72369,-1.6547424,0.0689476
2018,august,PIPOMD,PIPO,M,D,,1161,-1.6547424,-1.6547424,0
2018,august,PIPOMD,PIPO,M,D,,1161,,-1.8271114,
2018,august,PIPOME,PIPO,M,E,,1264,-2.6200088,-1.5857948,1.034214
2018,august,PIPOME,PIPO,M,E,,1264,-2.5510612,-1.8615852,0.689476
2018,august,PIPOME,PIPO,M,E,,1279,-1.57890004,-0.94458212,0.63431792
2018,august,PIPOME,PIPO,M,E,,1279,-1.76505856,-1.5168472,0.24821136
2018,august,PIPOME,PIPO,M,E,,1279,,-1.7926376,
2018,august,PIPOME,PIPO,M,E,,1281,-1.84090092,-1.6202686,0.22063232
2018,august,PIPOME,PIPO,M,E,,1281,-1.64784764,-1.6547424,-0.00689476
2018,august,PIPOME,PIPO,M,E,,1281,,-2.1373756,
2018,august,PIPOME,PIPO,M,E,,1256,-2.1373756,-1.6547424,0.4826332
2018,august,PIPOME,PIPO,M,E,,1256,-2.07532276,-1.6547424,0.42058036
2018,august,PIPOME,PIPO,M,E,,1258,,-1.9305328,
2018,august,PIPOME,PIPO,M,E,,1258,,-1.9305328,
2018,august,PIPOME,PIPO,M,E,,1258,,-1.5168472,
2018,august,PIPOLC,PIPO,L,C,,1083,-2.0339542,-2.1718494,-0.1378952
2018,august,PIPOLC,PIPO,L,C,,1083,-1.8615852,-2.0339542,-0.172369
2018,august,PIPOLC,PIPO,L,C,,1080,-1.9305328,-2.3442184,-0.4136856
2018,august,PIPOLC,PIPO,L,C,,1080,-1.9305328,-2.240797,-0.3102642
2018,august,PIPOLC,PIPO,L,C,,1080,-2.05463848,,
2018,august,PIPOLC,PIPO,L,C,T5,1087,-2.1029018,-2.3097446,-0.2068428
2018,august,PIPOLC,PIPO,L,C,T5,1087,-2.04084896,-2.1718494,-0.13100044
2018,august,PIPOLF,PIPO,L,F,,989,-2.2063232,-2.11669132,0.08963188
2018,august,PIPOLF,PIPO,L,F,,989,-1.9305328,-2.1718494,-0.2413166
2018,august,PIPOLF,PIPO,L,F,,989,-1.6547424,,
2018,august,PIPOLF,PIPO,L,F,,980,-1.7926376,-2.240797,-0.4481594
2018,august,PIPOLF,PIPO,L,F,,980,-1.8615852,-2.068428,-0.2068428
2018,august,PIPOLF,PIPO,L,F,,980,-2.2063232,,
2018,august,PIPOLF,PIPO,L,F,,991,-2.2752708,-2.2063232,0.0689476
2018,august,PIPOLF,PIPO,L,F,,991,-1.5857948,-1.9305328,-0.344738
2018,august,PIPOLF,PIPO,L,F,,991,-1.49616292,,
2018,august,PIPOLF,PIPO,L,F,,991,-1.6547424,,
2018,august,PIPOLF,PIPO,L,F,,987,-1.8615852,-2.2063232,-0.344738
2018,august,PIPOLF,PIPO,L,F,,987,-1.6547424,-2.0339542,-0.3792118
2018,august,PIPOLF,PIPO,L,F,,987,,-1.5857948,
2018,august,PIPOLG,PIPO,L,G,,960,-1.9994804,-1.86847996,0.13100044
2018,august,PIPOLG,PIPO,L,G,,960,-1.7926376,-2.1373756,-0.344738
2018,august,PIPOLG,PIPO,L,G,,975,-1.9305328,-2.1029018,-0.172369
2018,august,PIPOLG,PIPO,L,G,,975,-2.068428,-1.8615852,0.2068428
2018,august,PIPOLG,PIPO,L,G,,976,-1.9305328,-2.2063232,-0.2757904
2018,august,PIPOLG,PIPO,L,G,,976,-1.5857948,-2.1718494,-0.5860546
2018,august,PIPOLG,PIPO,L,G,,976,-1.5168472,,
2018,august,PIPOLG,PIPO,L,G,,969,-1.67542668,-1.9305328,-0.25510612
2018,august,PIPOLG,PIPO,L,G,,969,-1.6547424,-1.9305328,-0.2757904
2018,august,PIPOLG,PIPO,L,G,,965,-2.08221752,-2.0339542,0.04826332
2018,august,PIPOLG,PIPO,L,G,,965,-1.896059,-1.7926376,0.1034214
2018,august,PIPOLG,PIPO,L,G,,965,,-2.3097446,
2018,august,PIPOLG,PIPO,L,G,,963,-1.551321,-1.9305328,-0.3792118
2018,august,PIPOLG,PIPO,L,G,,963,-1.53063672,-1.9305328,-0.39989608
2018,august,PIPOLD,PIPO,L,D,,1131,-1.9650066,-2.1718494,-0.2068428
2018,august,PIPOLD,PIPO,L,D,,1131,-2.3786922,-1.7926376,0.5860546
2018,august,PIPOLD,PIPO,L,D,,1131,,-1.9994804,
2018,august,PIPOLD,PIPO,L,D,,1140,-1.73747952,-2.2063232,-0.46884368
2018,august,PIPOLD,PIPO,L,D,,1140,-1.6892162,-1.9305328,-0.2413166
2018,august,PIPOLD,PIPO,L,D,,1140,,-2.0339542,
2018,august,PIPOLD,PIPO,L,D,,1138,-2.068428,-2.3786922,-0.3102642
2018,august,PIPOLD,PIPO,L,D,,1138,-1.9650066,-2.068428,-0.1034214
2018,august,PIPOLD,PIPO,L,D,,1138,-1.6892162,,
2018,august,PIPOLD,PIPO,L,D,,1138,-1.8271114,,
2018,august,PIPOLE,PIPO,L,E,,1109,-1.9305328,-1.896059,0.0344738
2018,august,PIPOLE,PIPO,L,E,,1109,-1.7926376,-1.896059,-0.1034214
2018,august,PIPOLE,PIPO,L,E,,1112B,-1.7926376,-1.9305328,-0.1378952
2018,august,PIPOLE,PIPO,L,E,,1112B,-1.74437428,-1.8615852,-0.11721092
2018,august,PIPOLE,PIPO,L,E,,1106,-1.6892162,-2.240797,-0.5515808
2018,august,PIPOLE,PIPO,L,E,,1106,-1.7926376,-2.1029018,-0.3102642
2018,august,PIPOLE,PIPO,L,E,,1106,,-1.97879612,
2018,august,PIPOLE,PIPO,L,E,,1115,-1.7926376,-1.7926376,0
2018,august,PIPOLE,PIPO,L,E,,1115,-1.7581638,-1.9994804,-0.2413166
2018,august,PIPOLE,PIPO,L,E,,1115,,-2.1373756,
2018,august,PIPOLE,PIPO,L,E,,1115,,-2.2752708,
2018,august,POTRLG,PIPO,H,G,,429,-3.0336944,-2.413166,0.6205284
2018,august,POTRLG,PIPO,H,G,,429,-2.413166,-2.5510612,-0.1378952
2018,august,POTRLG,PIPO,H,G,,429,-2.6200088,,
2018,august,POTRLG,PIPO,H,G,,464,-2.413166,-2.2752708,0.1378952
2018,august,POTRLG,PIPO,H,G,,464,-1.9994804,-2.2063232,-0.2068428
2018,august,POTRLG,PIPO,H,G,,464,-2.1373756,,
2018,august,POTRLG,PIPO,H,G,,424,-1.9994804,-2.3442184,-0.344738
2018,august,POTRLG,PIPO,H,G,,424,-1.6547424,-2.6889564,-1.034214
2018,august,POTRLC,PIPO,H,C,,72,-1.9305328,-2.1373756,-0.2068428
2018,august,POTRLC,PIPO,H,C,,72,-1.896059,-1.9994804,-0.1034214
2018,august,POTRLC,PIPO,H,C,,67,-1.9305328,-2.2063232,-0.2757904
2018,august,POTRLC,PIPO,H,C,,67,-1.8615852,-1.9994804,-0.1378952
2018,august,POTRLC,PIPO,H,C,,82,-2.1373756,-1.9994804,0.1378952
2018,august,POTRLC,PIPO,H,C,,82,-1.6547424,-2.4821136,-0.8273712
2018,august,POTRLC,PIPO,H,C,,82,-1.6547424,-1.9305328,-0.2757904
2018,august,POTRLC,PIPO,H,C,,82,,-2.2063232,
2018,august,POTRLD,PIPO,H,D,,206,-1.6892162,-2.2063232,-0.517107
2018,august,POTRLD,PIPO,H,D,,206,-1.5857948,-1.6547424,-0.0689476
2018,august,POTRLD,PIPO,H,D,,207,-2.1373756,-2.068428,0.0689476
2018,august,POTRLD,PIPO,H,D,,207,-1.9305328,-1.9650066,-0.0344738
2018,august,POTRLD,PIPO,H,D,,245,-1.4823734,-2.2752708,-0.7928974
2018,august,POTRLD,PIPO,H,D,,245,-1.6202686,-2.4821136,-0.861845
2018,august,POTRLB,POTR,L,B,,46,-1.46168912,-1.6892162,-0.22752708
2018,august,POTRLB,POTR,L,B,,46,-1.5168472,-1.7926376,-0.2757904
2018,august,POTRLB,POTR,L,B,,47,-1.53063672,-1.8615852,-0.33094848
2018,august,POTRLB,POTR,L,B,,47,-1.54442624,-2.2752708,-0.73084456
2018,august,POTRLB,POTR,L,B,,3A-S6,-1.57200528,-1.9305328,-0.35852752
2018,august,POTRLB,POTR,L,B,,3A-S6,-1.57200528,-2.1029018,-0.53089652
2018,august,POTRLE,POTR,L,E,,186,-1.5857948,-1.7926376,-0.2068428
2018,august,POTRLE,POTR,L,E,,186,-1.551321,-1.8615852,-0.3102642
2018,august,POTRLE,POTR,L,E,,187,-1.3100044,-1.551321,-0.2413166
2018,august,POTRLE,POTR,L,E,,187,-1.4478996,-1.8615852,-0.4136856
2018,august,POTRLE,POTR,L,E,,181,-1.1721092,-1.6892162,-0.517107
2018,august,POTRLE,POTR,L,E,,181,-1.1031616,-1.6892162,-0.5860546
2018,august,POTRLF,POTR,L,F,,398,-1.5857948,-2.1373756,-0.5515808
2018,august,POTRLF,POTR,L,F,,398,-1.6892162,-1.9994804,-0.3102642
2018,august,POTRLF,POTR,L,F,,402,-1.6547424,-2.068428,-0.4136856
2018,august,POTRLF,POTR,L,F,,402,-1.5168472,-2.1718494,-0.6550022
2018,august,POTRLF,POTR,L,F,,382,-3.5163276,-2.068428,1.4478996
2018,august,POTRLF,POTR,L,F,,382,-3.2405372,-1.8615852,1.378952
2018,august,POTRHA,POTR,H,A,T1,2314,-0.82047644,-1.84090092,-1.02042448
2018,august,POTRHA,POTR,H,A,T1,2314,-0.81358168,-1.70990048,-0.8963188
2018,august,POTRHA,POTR,H,A,T3,2331,-0.91010832,-2.068428,-1.15831968
2018,august,POTRHA,POTR,H,A,T3,2331,-0.95147688,-2.10979656,-1.15831968
2018,august,POTRHA,POTR,H,A,1H,2247,-0.83426596,-1.47547864,-0.64121268
2018,august,POTRHA,POTR,H,A,1H,2247,-0.689476,-1.54442624,-0.85495024
2018,august,POTRHD,POTR,H,D,X,2467,-0.79979216,-1.6547424,-0.85495024
2018,august,POTRHD,POTR,H,D,X,2467,-0.6205284,-1.9650066,-1.3444782
2018,august,POTRHD,POTR,H,D,X,2467,-0.75152884,-1.7926376,-1.04110876
2018,august,POTRHD,POTR,H,D,9H,2551,-0.689476,-1.9650066,-1.2755306
2018,august,POTRHD,POTR,H,D,9H,2551,-0.5515808,-2.1373756,-1.5857948
2018,august,POTRHD,POTR,H,D,T3,2539,-0.8273712,-1.9305328,-1.1031616
2018,august,POTRHD,POTR,H,D,T3,2539,-0.59294936,-1.896059,-1.30310964
2018,august,POTRHD,POTR,H,D,T3,2539,-0.7239498,,
2018,august,POTRHD,POTR,H,D,T6,2572,-0.689476,-1.8615852,-1.1721092
2018,august,POTRHD,POTR,H,D,T6,572,-0.66879172,-1.9305328,-1.26174108
2018,august,POTRHB,POTR,H,B,T5,2135,-0.8273712,-1.83400616,-1.00663496
2018,august,POTRHB,POTR,H,B,T5,2135,-0.78600264,-2.3786922,-1.59268956
2018,august,POTRHB,POTR,H,B,T5,2135,,-2.30284984,
2018,august,POTRHB,POTR,H,B,T3,2109,-0.861845,-2.2752708,-1.4134258
2018,august,POTRHB,POTR,H,B,T3,2109,-1.1376354,-2.24769176,-1.11005636
2018,august,POTRHB,POTR,H,B,T3,2109,-1.034214,,
2018,august,POTRHB,POTR,H,B,H-6H,2127,-0.75152884,-2.068428,-1.31689916
2018,august,POTRHB,POTR,H,B,H-6H,2127,-0.7928974,-2.23390224,-1.44100484
2018,august,POTRHC,POTR,H,C,T5,T5,-0.67568648,-1.7926376,-1.11695112
2018,august,POTRHC,POTR,H,C,T5,T5,-0.66879172,-2.1029018,-1.43411008
2018,august,POTRHC,POTR,H,C,H7-H,2738,-0.57226508,-1.896059,-1.32379392
2018,august,POTRHC,POTR,H,C,H7-H,2738,-0.59294936,-2.068428,-1.47547864
2018,august,POTRHC,POTR,H,C,T13,2782,-0.9997402,-2.19253368,-1.19279348
2018,august,POTRHC,POTR,H,C,T13,2782,-0.68258124,-2.2063232,-1.52374196
2018,august,POTRHC,POTR,H,C,T13,2782,-0.71705504,,
2018,august,POTRHE,POTR,H,E,H-10H,2421,-0.4136856,-1.1376354,-0.7239498
2018,august,POTRHE,POTR,H,E,H-10H,2421,-0.39989608,-1.1721092,-0.77221312
2018,august,POTRHE,POTR,H,E,T4,2441,-0.6205284,-1.3100044,-0.689476
2018,august,POTRHE,POTR,H,E,T4,2441,-0.60673888,-1.378952,-0.77221312
2018,august,POTRHE,POTR,H,E,T6,2398,-0.8963188,-0.4826332,0.4136856
2018,august,POTRHE,POTR,H,E,T6,2398,-0.9652664,-0.4136856,0.5515808
2018,august,POTRMF,POTR,M,F,,710,-1.61337384,-1.25484632,0.35852752
2018,august,POTRMF,POTR,M,F,,710,-1.378952,-1.4478996,-0.0689476
2018,august,POTRMF,POTR,M,F,,783,-1.5168472,-1.57890004,-0.06205284
2018,august,POTRMF,POTR,M,F,,783,-1.4134258,-1.68232144,-0.26889564
2018,august,POTRMF,POTR,M,F,,779,-1.66163716,-1.76505856,-0.1034214
2018,august,POTRMF,POTR,M,F,,779,-1.72369,-1.77884808,-0.05515808
2018,august,POTRMB,POTR,M,B,T3,1037,-1.17900396,-2.05463848,-0.87563452
2018,august,POTRMB,POTR,M,B,T3,1037,-1.2755306,-1.95811184,-0.68258124
2018,august,POTRMB,POTR,M,B,T1,1013,-1.1031616,-2.12358608,-1.02042448
2018,august,POTRMB,POTR,M,B,T1,1013,-1.2410568,-1.9994804,-0.7584236
2018,august,POTRMB,POTR,M,B,S6,1044,-1.4823734,-1.71679524,-0.23442184
2018,august,POTRMB,POTR,M,B,S6,1044,-1.2410568,-2.1373756,-0.8963188
2018,august,POTRMC,POTR,M,C,T1,T1,-1.53753148,-2.10979656,-0.57226508
2018,august,POTRMC,POTR,M,C,T1,T1,-1.32379392,-2.1373756,-0.81358168
2018,august,POTRMC,POTR,M,C,T4,618,-1.206583,-1.95121708,-0.74463408
2018,august,POTRMC,POTR,M,C,T4,618,-1.18589872,-2.13048084,-0.94458212
2018,august,POTRMC,POTR,M,C,,623,-1.1721092,-2.08221752,-0.91010832
2018,august,POTRMC,POTR,M,C,,623,-1.1721092,-2.02705944,-0.85495024
2018,august,POTRMD,POTR,M,D,T4,1425,-1.034214,-2.2063232,-1.1721092
2018,august,POTRMD,POTR,M,D,T4,1425,-1.02042448,-2.22011272,-1.19968824
2018,august,POTRMD,POTR,M,D,L7,1411,-0.98595068,-1.72369,-0.73773932
2018,august,POTRMD,POTR,M,D,L7,1411,-1.11695112,-1.8271114,-0.71016028
2018,august,POTRMD,POTR,M,D,T5,1448,-0.94458212,-1.6547424,-0.71016028
2018,august,POTRMD,POTR,M,D,T5,1448,-1.01352972,-1.9994804,-0.98595068
2018,august,POTRME,POTR,M,E,T3,T3,-0.86873976,-1.77195332,-0.90321356
2018,august,POTRME,POTR,M,E,T3,T3,-0.92389784,-1.88916424,-0.9652664
2018,august,POTRME,POTR,M,E,T5,T5,-0.88252928,-1.74437428,-0.861845
2018,august,POTRME,POTR,M,E,T5,T5,-1.00663496,-1.82021664,-0.81358168
2018,august,POTRME,POTR,M,E,T1,T1,-1.2755306,-1.8615852,-0.5860546
2018,august,POTRME,POTR,M,E,T1,T1,-1.3100044,-1.95121708,-0.64121268
2018,august,POTRLG,POTR,L,G,,434,-2.1029018,-1.72369,0.3792118
2018,august,POTRLG,POTR,L,G,,434,-1.9994804,-1.7926376,0.2068428
2018,august,POTRLG,POTR,L,G,,422,-2.1373756,-1.9305328,0.2068428
2018,august,POTRLG,POTR,L,G,,422,-1.9994804,-2.2063232,-0.2068428
2018,august,POTRLC,POTR,L,C,,3,-1.378952,-1.551321,-0.172369
2018,august,POTRLC,POTR,L,C,,3,-1.5857948,-1.72369,-0.1378952
2018,august,POTRLC,POTR,L,C,,70,-1.4478996,-1.6547424,-0.2068428
2018,august,POTRLC,POTR,L,C,,70,-1.3444782,-1.7926376,-0.4481594
2018,august,POTRLC,POTR,L,C,,75,-1.5857948,-1.6547424,-0.0689476
2018,august,POTRLC,POTR,L,C,,75,-1.378952,-1.5857948,-0.2068428
2018,august,POTRLD,POTR,L,D,,204,-1.5857948,-1.72369,-0.1378952
2018,august,POTRLD,POTR,L,D,,204,-1.6202686,-1.8615852,-0.2413166
2018,august,POTRLD,POTR,L,D,,194,-1.2755306,-1.7926376,-0.517107
2018,august,POTRLD,POTR,L,D,,194,-1.2410568,-1.8615852,-0.6205284
2018,august,POTRLD,POTR,L,D,,248,-1.6547424,-1.72369,-0.0689476
2018,august,POTRLD,POTR,L,D,,248,-1.4478996,-1.8615852,-0.4136856
2018,june,ABLALE,ABLA,L,E,T1,T1,-0.8273712,-1.034214,-0.2068428
2018,june,ABLALE,ABLA,L,E,T1,T1,-0.7239498,-1.1031616,-0.3792118
2018,june,ABLALE,ABLA,L,E,T2,T2,-0.7584236,-0.9652664,-0.2068428
2018,june,ABLALE,ABLA,L,E,T2,T2,-0.7928974,-1.5168472,-0.7239498
2018,june,ABLALE,ABLA,L,E,T3,T3,-0.6550022,-0.9652664,-0.3102642
2018,june,ABLALE,ABLA,L,E,T3,T3,-0.7584236,-0.9307926,-0.172369
2018,june,POTRHA,ABLA,L,A,1H,2264,-0.6550022,-1.034214,-0.3792118
2018,june,POTRHA,ABLA,L,A,1H,2264,-0.6550022,-1.1721092,-0.517107
2018,june,POTRHA,ABLA,L,A,T4,T4,-0.5860546,-1.1031616,-0.517107
2018,june,POTRHA,ABLA,L,A,T4,T4,-0.517107,-1.034214,-0.517107
2018,june,POTRHA,ABLA,L,A,T3,2300,-0.689476,-0.9307926,-0.2413166
2018,june,POTRHA,ABLA,L,A,T3,2300,-0.517107,-0.8963188,-0.3792118
2018,june,POTRHE,ABLA,L,E,T1,T1,-0.532964948,-1.001119152,-0.468154204
2018,june,POTRHE,ABLA,L,E,T1,T1,-0.519175428,-1.02731924,-0.508143812
2018,june,POTRHE,ABLA,L,E,8L,2354,-0.446090972,-1.074893084,-0.628802112
2018,june,POTRHE,ABLA,L,E,8L,2354,-0.43436988,-1.129361688,-0.694991808
2018,june,POTRHE,ABLA,L,E,T5-L8,2372,-0.540549184,-0.899076704,-0.35852752
2018,june,POTRHE,ABLA,L,E,T5-L8,2372,-0.473670012,-0.909418844,-0.435748832
2018,june,ABLAMA,ABLA,M,A,T1,T1,-0.6205284,-1.1031616,-0.4826332
2018,june,ABLAMA,ABLA,M,A,T1,T1,-0.5515808,-1.2410568,-0.689476
2018,june,ABLAMA,ABLA,M,A,S7,S7,-0.8963188,-1.4478996,-0.5515808
2018,june,ABLAMA,ABLA,M,A,S7,S7,-0.9652664,-1.5168472,-0.5515808
2018,june,ABLAMA,ABLA,M,A,T4,T4,-1.1031616,-1.4134258,-0.3102642
2018,june,ABLAMA,ABLA,M,A,T4,T4,-0.9652664,-1.4478996,-0.4826332
2018,june,ABLAMB,ABLA,M,B,M12,M12,-0.7584236,-1.2410568,-0.4826332
2018,june,ABLAMB,ABLA,M,B,M12,M12,-0.689476,-1.1721092,-0.4826332
2018,june,ABLAMB,ABLA,M,B,S1,S1,-0.7584236,-1.1031616,-0.344738
2018,june,ABLAMB,ABLA,M,B,S1,S1,-0.5515808,-1.3100044,-0.7584236
2018,june,ABLAMB,ABLA,M,B,S7,S7,-0.6205284,-1.2410568,-0.6205284
2018,june,ABLAMB,ABLA,M,B,S7,S7,-0.5515808,-1.1031616,-0.5515808
2018,june,ABLAMC,ABLA,M,C,M?,M?,-0.6205284,-1.4478996,-0.8273712
2018,june,ABLAMC,ABLA,M,C,M?,M?,-0.689476,-1.3100044,-0.6205284
2018,june,ABLAMC,ABLA,M,C,S2,S2,-0.517107,-1.5168472,-0.9997402
2018,june,ABLAMC,ABLA,M,C,S2,S2,-0.6205284,-1.378952,-0.7584236
2018,june,ABLAMC,ABLA,M,C,UNLABELED,UNLABELED,-0.9652664,-1.6547424,-0.689476
2018,june,ABLAMC,ABLA,M,C,UNLABELED,UNLABELED,-0.8273712,-1.4478996,-0.6205284
2018,june,ABLALD,ABLA,L,D,T1,912,-0.5515808,-0.8963188,-0.344738
2018,june,ABLALD,ABLA,L,D,T1,912,-0.689476,-0.9652664,-0.2757904
2018,june,ABLALD,ABLA,L,D,T2,841,-0.689476,-0.9652664,-0.2757904
2018,june,ABLALD,ABLA,L,D,T2,841,-0.689476,-1.1031616,-0.4136856
2018,june,ABLALD,ABLA,L,D,T3,914,-0.689476,-1.3100044,-0.6205284
2018,june,ABLALD,ABLA,L,D,T3,914,-0.6205284,-1.3100044,-0.689476
2018,june,ABLAHF,ABLA,H,F,T3,T3,-0.6205284,-1.206583,-0.5860546
2018,june,ABLAHF,ABLA,H,F,T3,T3,-0.517107,-1.3100044,-0.7928974
2018,june,ABLAHF,ABLA,H,F,T2,T2,-0.517107,-1.2410568,-0.7239498
2018,june,ABLAHF,ABLA,H,F,T2,T2,-0.517107,-1.1721092,-0.6550022
2018,june,ABLAHF,ABLA,H,F,T1,T1,-0.4136856,-1.5168472,-1.1031616
2018,june,ABLAHF,ABLA,H,F,T1,T1,-0.4826332,-1.5168472,-1.034214
2018,june,ABLAHE,ABLA,H,E,T1,T1,-0.4826332,-1.5857948,-1.1031616
2018,june,ABLAHE,ABLA,H,E,T1,T1,-0.4136856,-1.5168472,-1.1031616
2018,june,ABLAHE,ABLA,H,E,T2,T2,-0.5515808,-1.2410568,-0.689476
2018,june,ABLAHE,ABLA,H,E,T2,T2,-0.517107,-1.2410568,-0.7239498
2018,june,ABLAHE,ABLA,H,E,T3,T3,-0.4826332,-1.2410568,-0.7584236
2018,june,ABLAHE,ABLA,H,E,T3,T3,-0.4136856,-1.2755306,-0.861845
2018,june,ABLAHC,ABLA,H,C,L7,L7,-0.517107,-1.3100044,-0.7928974
2018,june,ABLAHC,ABLA,H,C,L7,L7,-0.6205284,-1.2410568,-0.6205284
2018,june,ABLAHC,ABLA,H,C,S1,S1,-0.517107,-1.1031616,-0.5860546
2018,june,ABLAHC,ABLA,H,C,S1,S1,-0.517107,-1.2410568,-0.7239498
2018,june,ABLAHC,ABLA,H,C,T3,T3,-0.4136856,-1.1031616,-0.689476
2018,june,ABLAHC,ABLA,H,C,T3,T3,-0.4826332,-1.2410568,-0.7584236
2018,june,ABLAHA,ABLA,H,A,S6,S6,-0.5515808,-1.2410568,-0.689476
2018,june,ABLAHA,ABLA,H,A,S6,S6,-0.6205284,-1.2410568,-0.6205284
2018,june,ABLAHA,ABLA,H,A,T3,T3,-0.689476,-1.3100044,-0.6205284
2018,june,ABLAHA,ABLA,H,A,T3,T3,-0.6205284,-1.4478996,-0.8273712
2018,june,ABLAHA,ABLA,H,A,S5,S5,-0.6205284,-1.5168472,-0.8963188
2018,june,ABLAHA,ABLA,H,A,S5,S5,-0.689476,-1.72369,-1.034214
2018,june,ABLAHD,ABLA,H,D,S4,S4,-0.689476,-1.2755306,-0.5860546
2018,june,ABLAHD,ABLA,H,D,S4,S4,-0.5515808,-1.206583,-0.6550022
2018,june,ABLAHD,ABLA,H,D,S2,S2,-0.5515808,-1.2410568,-0.689476
2018,june,ABLAHD,ABLA,H,D,S2,S2,-0.517107,-1.2755306,-0.7584236
2018,june,ABLAHD,ABLA,H,D,S7,S7,-0.4481594,-1.2755306,-0.8273712
2018,june,ABLAHD,ABLA,H,D,S7,S7,-0.4136856,-1.3100044,-0.8963188
2018,june,PIPOHC,PIPO,H,C,,348,-1.791258648,-1.752647992,0.038610656
2018,june,PIPOHC,PIPO,H,C,,348,-1.800911312,-1.798842884,0.002068428
2018,june,PIPOHC,PIPO,H,C,,353,-1.31689916,-1.62716336,-0.3102642
2018,june,PIPOHC,PIPO,H,C,,353,-1.369988812,-1.453415408,-0.083426596
2018,june,PIPOHC,PIPO,H,C,,343,-1.641642356,-1.891922144,-0.250279788
2018,june,PIPOHC,PIPO,H,C,,343,-1.769884892,-1.832627208,-0.062742316
2018,june,POTRLF,PIPO,H,F,,394,-1.042487712,-1.54787362,-0.505385908
2018,june,POTRLF,PIPO,H,F,,394,-1.14453016,-1.648537116,-0.504006956
2018,june,POTRLF,PIPO,H,F,,372,-1.156940728,-1.895369524,-0.738428796
2018,june,POTRLF,PIPO,H,F,,372,-1.083166796,-1.938806512,-0.855639716
2018,june,POTRLF,PIPO,H,F,,377,-0.7411867,-1.635437072,-0.894250372
2018,june,POTRLF,PIPO,H,F,,377,-0.776349976,-1.77195332,-0.995603344
2018,june,PIPOHB,PIPO,H,B,,309,-1.638194976,-1.53753148,0.100663496
2018,june,PIPOHB,PIPO,H,B,,309,-1.393430996,-1.59613694,-0.202705944
2018,june,PIPOHB,PIPO,H,B,,309,-1.454104884,,
2018,june,PIPOHB,PIPO,H,B,,315,-1.57200528,-1.611305412,-0.039300132
2018,june,PIPOHB,PIPO,H,B,,315,-1.535463052,-1.570626328,-0.035163276
2018,june,PIPOHB,PIPO,H,B,,336,-1.74437428,-1.885027384,-0.140653104
2018,june,PIPOHB,PIPO,H,B,,336,-1.631989692,-1.848485156,-0.216495464
2018,june,PIPOHD,PIPO,H,D,,253,-1.462378596,-1.752647992,-0.290269396
2018,june,PIPOHD,PIPO,H,D,,253,-1.529257768,-1.896748476,-0.367490708
2018,june,PIPOHD,PIPO,H,D,,257,-1.93742756,-2.056706908,-0.119279348
2018,june,PIPOHD,PIPO,H,D,,257,-1.822285068,-2.018785728,-0.19650066
2018,june,PIPOHD,PIPO,H,D,,275,-1.866411532,-1.966385552,-0.09997402
2018,june,PIPOHD,PIPO,H,D,,275,-1.951906556,-1.990517212,-0.038610656
2018,june,PIPOHD,PIPO,H,D,,274,-1.826421924,-1.863653628,-0.037231704
2018,june,PIPOHD,PIPO,H,D,,274,-1.756095372,-2.000169876,-0.244074504
2018,june,POTRLD,PIPO,H,D,,206,-1.066619372,-1.840211444,-0.773592072
2018,june,POTRLD,PIPO,H,D,,206,-1.030077144,-1.70990048,-0.679823336
2018,june,POTRLD,PIPO,H,D,,207,-1.38584676,-1.504436632,-0.118589872
2018,june,POTRLD,PIPO,H,D,,207,-1.625094932,-1.524431436,0.100663496
2018,june,POTRLD,PIPO,H,D,,245,-1.285183264,-1.498231348,-0.213048084
2018,june,POTRLD,PIPO,H,D,,245,-1.398946804,-1.63405812,-0.235111316
2018,june,POTRLE,PIPO,H,E,,173,-0.962508496,-1.893990572,-0.931482076
2018,june,POTRLE,PIPO,H,E,,173,-0.99629282,-1.676116156,-0.679823336
2018,june,POTRLE,PIPO,H,E,,174,-1.46168912,-1.918122232,-0.456433112
2018,june,POTRLE,PIPO,H,E,,174,-1.374125668,-1.862274676,-0.488149008
2018,june,POTRLE,PIPO,H,E,,189,-1.53063672,-1.976038216,-0.445401496
2018,june,POTRLE,PIPO,H,E,,189,-1.317588636,-1.689905676,-0.37231704
2018,june,POTRLC,PIPO,H,C,,67,-0.98939806,-0.959750592,0.029647468
2018,june,POTRLC,PIPO,H,C,,67,-1.087993128,-1.11695112,-0.028957992
2018,june,POTRLC,PIPO,H,C,,82,-1.393430996,-1.99258564,-0.599154644
2018,june,POTRLC,PIPO,H,C,,82,-1.543736764,-1.663705588,-0.119968824
2018,june,POTRLC,PIPO,H,C,,72,-1.19624086,-1.192104004,0.004136856
2018,june,POTRLC,PIPO,H,C,,72,-1.339651868,-1.15831968,0.181332188
2018,june,POTRLB,PIPO,H,B,,15,-0.912866224,-1.096956316,-0.184090092
2018,june,POTRLB,PIPO,H,B,,15,-0.770834168,-0.777039452,-0.006205284
2018,june,POTRLB,PIPO,H,B,,6,-1.062482516,-0.850813384,0.211669132
2018,june,POTRLB,PIPO,H,B,,6,-1.032145572,-0.997671772,0.0344738
2018,june,POTRLB,PIPO,H,B,,45,-1.076961512,-1.979485596,-0.902524084
2018,june,POTRLB,PIPO,H,B,,45,-0.867360808,-1.596826416,-0.729465608
2018,june,PIPOMA,PIPO,M,A,T3,1331,-1.688526724,-1.65818978,0.030336944
2018,june,PIPOMA,PIPO,M,A,T3,1331,-1.295525404,-1.672668776,-0.377143372
2018,june,PIPOMA,PIPO,M,A,T15,1353,-1.431352176,-1.6892162,-0.257864024
2018,june,PIPOMA,PIPO,M,A,T15,1353,-1.570626328,-2.076701712,-0.506075384
2018,june,PIPOMA,PIPO,M,A,T5,1341,-1.896748476,-1.68232144,0.214427036
2018,june,PIPOMA,PIPO,M,A,T5,1341,-1.885027384,-1.602342224,0.28268516
2018,june,PIPOMA,PIPO,M,A,T5,1341,,-2.204254772,
2018,june,PIPOMB,PIPO,M,B,S7,1298,-1.540289384,-2.584845524,-1.04455614
2018,june,PIPOMB,PIPO,M,B,S7,1298,-1.526499864,-2.600703472,-1.074203608
2018,june,PIPOMB,PIPO,M,B,T8,1304,-1.581657944,-1.695421484,-0.11376354
2018,june,PIPOMB,PIPO,M,B,T8,1304,-1.77195332,-1.809185024,-0.037231704
2018,june,PIPOMB,PIPO,M,B,S8,1305,-1.607168556,-1.86847996,-0.261311404
2018,june,PIPOMB,PIPO,M,B,S8,1305,-1.648537116,-2.005685684,-0.357148568
2018,june,PIPOMC,PIPO,M,C,T1,1248,-1.474099688,-2.20287582,-0.728776132
2018,june,PIPOMC,PIPO,M,C,T1,1248,-1.309314924,-2.27182342,-0.962508496
2018,june,PIPOMC,PIPO,M,C,T2,1216,-1.627852836,-1.728516332,-0.100663496
2018,june,PIPOMC,PIPO,M,C,T2,1216,-1.418252132,-1.811253452,-0.39300132
2018,june,PIPOMC,PIPO,M,C,LH/1H,1245,-1.412046848,-1.610615936,-0.198569088
2018,june,PIPOMC,PIPO,M,C,LH/1H,1245,-1.379641476,-1.611994888,-0.232353412
2018,june,PIPOMD,PIPO,M,D,L5,1161,-1.825042972,-1.809185024,0.015857948
2018,june,PIPOMD,PIPO,M,D,L5,1161,-1.887785288,-1.88916424,-0.001378952
2018,june,PIPOMD,PIPO,M,D,T3,1156,-1.801600788,-1.92019066,-0.118589872
2018,june,PIPOMD,PIPO,M,D,T3,1156,-1.691284628,-1.9132959,-0.222011272
2018,june,PIPOMD,PIPO,M,D,T2,1158,-1.873306292,-1.769884892,0.1034214
2018,june,PIPOMD,PIPO,M,D,T2,1158,-1.715416288,-2.002238304,-0.286822016
2018,june,PIPOME,PIPO,M,E,5L,1264,-1.456862788,-1.663016112,-0.206153324
2018,june,PIPOME,PIPO,M,E,5L,1264,-1.3617151,-1.490647112,-0.128932012
2018,june,PIPOME,PIPO,M,E,T6,1279,-1.705074148,-1.856069392,-0.150995244
2018,june,PIPOME,PIPO,M,E,T6,1279,-1.758853276,-1.81332188,-0.054468604
2018,june,PIPOME,PIPO,M,E,T1,1281,-1.59268956,-1.66508454,-0.07239498
2018,june,PIPOME,PIPO,M,E,T1,1281,-1.794016552,-1.67542668,0.118589872
2018,june,PIPOLC,PIPO,L,C,T4,1080,-2.1373756,-2.3442184,-0.2068428
2018,june,PIPOLC,PIPO,L,C,T4,1080,-2.413166,-2.068428,0.344738
2018,june,PIPOLC,PIPO,L,C,T1,1083,-2.2063232,-2.3442184,-0.1378952
2018,june,PIPOLC,PIPO,L,C,T1,1083,-2.413166,-2.2063232,0.2068428
2018,june,PIPOLC,PIPO,L,C,T5,1087,-2.413166,-2.2063232,0.2068428
2018,june,PIPOLC,PIPO,L,C,T5,1087,-2.3442184,-2.5510612,-0.2068428
2018,june,PIPOLF,PIPO,L,F,1,987,-2.068428,-2.2063232,-0.1378952
2018,june,PIPOLF,PIPO,L,F,1,987,-1.9305328,-1.9994804,-0.0689476
2018,june,PIPOLF,PIPO,L,F,2,991,-1.9305328,-1.9994804,-0.0689476
2018,june,PIPOLF,PIPO,L,F,2,991,-1.8615852,-2.2752708,-0.4136856
2018,june,PIPOLF,PIPO,L,F,3,980,-1.7926376,-1.7926376,0
2018,june,PIPOLF,PIPO,L,F,3,980,-1.8615852,-1.9305328,-0.0689476
2018,june,PIPOLG,PIPO,L,G,1,969,-1.72369,-1.9305328,-0.2068428
2018,june,PIPOLG,PIPO,L,G,1,969,-1.7926376,-1.9305328,-0.1378952
2018,june,PIPOLG,PIPO,L,G,2,965,-1.6547424,-1.7926376,-0.1378952
2018,june,PIPOLG,PIPO,L,G,2,965,-1.9650066,-1.9305328,0.0344738
2018,june,PIPOLG,PIPO,L,G,3,963,-1.5168472,-1.5168472,0
2018,june,PIPOLG,PIPO,L,G,3,963,-1.6547424,-1.72369,-0.0689476
2018,june,PIPOLD,PIPO,L,D,D14,1131,-1.9305328,-2.1373756,-0.2068428
2018,june,PIPOLD,PIPO,L,D,D14,1131,-1.9994804,-2.3442184,-0.344738
2018,june,PIPOLD,PIPO,L,D,T1,1140,-1.8615852,-2.068428,-0.2068428
2018,june,PIPOLD,PIPO,L,D,T1,1140,-1.7926376,-1.9305328,-0.1378952
2018,june,PIPOLD,PIPO,L,D,D3,1138,-2.1373756,-2.413166,-0.2757904
2018,june,PIPOLD,PIPO,L,D,D3,1138,-2.068428,-2.4821136,-0.4136856
2018,june,PIPOLE,PIPO,L,E,T11,1109,-1.9994804,-2.068428,-0.0689476
2018,june,PIPOLE,PIPO,L,E,T11,1109,-2.068428,-1.9994804,0.0689476
2018,june,PIPOLE,PIPO,L,E,T11,1109,,-1.896059,
2018,june,PIPOLE,PIPO,L,E,T11,1109,,-2.2063232,
2018,june,PIPOLE,PIPO,L,E,T7,1112B,-2.3442184,-2.068428,0.2757904
2018,june,PIPOLE,PIPO,L,E,T7,1112B,-2.3442184,-2.2063232,0.1378952
2018,june,PIPOLE,PIPO,L,E,S3,1106,-1.9305328,-1.7926376,0.1378952
2018,june,PIPOLE,PIPO,L,E,S3,1106,-1.7926376,-1.7926376,0
2018,june,PIPOLE,PIPO,L,E,S3,1106,,-2.2063232,
2018,june,PIPOLE,PIPO,L,E,S3,1106,,-2.1373756,
2018,june,POTRHA,POTR,H,A,T1,2314,-0.4136856,-1.6892162,-1.2755306
2018,june,POTRHA,POTR,H,A,T1,2314,-0.3792118,-1.7926376,-1.4134258
2018,june,POTRHA,POTR,H,A,T3,2331,-0.4136856,-1.3444782,-0.9307926
2018,june,POTRHA,POTR,H,A,T3,2331,-0.344738,-1.3100044,-0.9652664
2018,june,POTRHA,POTR,H,A,1H,2247,-0.3792118,-1.378952,-0.9997402
2018,june,POTRHA,POTR,H,A,1H,2247,-0.4136856,-1.4478996,-1.034214
2018,june,POTRHE,POTR,H,E,10H,2421,-0.532275472,-1.794706028,-1.262430556
2018,june,POTRHE,POTR,H,E,10H,2421,-0.526759664,-2.350423684,-1.82366402
2018,june,POTRHE,POTR,H,E,T6,2398,-0.377143372,-1.117640596,-0.740497224
2018,june,POTRHE,POTR,H,E,T6,2398,-0.419201408,-0.963887448,-0.54468604
2018,june,POTRHE,POTR,H,E,T4,2441,-0.523312284,-1.216235664,-0.69292338
2018,june,POTRHE,POTR,H,E,T4,2441,-0.53089652,-1.477547068,-0.946650548
2018,june,POTRHE,POTR,H,E,T4,2441,,-1.267946364,
2018,june,POTRHB,POTR,H,B,T5,2135,-0.454364684,-1.94432232,-1.489957636
2018,june,POTRHB,POTR,H,B,T5,2135,-0.49297534,-1.767126988,-1.274151648
2018,june,POTRHB,POTR,H,B,T3,2109,-0.537101804,-2.000859352,-1.463757548
2018,june,POTRHB,POTR,H,B,T3,2109,-0.508833288,-1.453415408,-0.94458212
2018,june,POTRHB,POTR,H,B,T3,2109,,-2.180123112,
2018,june,POTRHB,POTR,H,B,T1,2127,-0.73429194,-1.21692514,-0.4826332
2018,june,POTRHB,POTR,H,B,T1,2127,-0.603980976,-1.349994008,-0.746013032
2018,june,POTRHC,POTR,H,C,T5,T5,-0.419201408,-1.71334786,-1.294146452
2018,june,POTRHC,POTR,H,C,T5,T5,-0.40679084,-1.767816464,-1.361025624
2018,june,POTRHC,POTR,H,C,T1,2738,-0.399206604,-2.234591716,-1.835385112
2018,june,POTRHC,POTR,H,C,T1,,-0.391622368,-1.602342224,-1.210719856
2018,june,POTRHC,POTR,H,C,T1,2738,,-1.607168556,
2018,june,POTRHC,POTR,H,C,T13,2782,-0.390932892,-1.325172872,-0.93423998
2018,june,POTRHC,POTR,H,C,T13,2782,-0.426785644,-1.509262964,-1.08247732
2018,june,POTRLB,POTR,L,B,,46,-0.408169792,-1.411357372,-1.00318758
2018,june,POTRLB,POTR,L,B,,46,-0.44126464,-1.526499864,-1.085235224
2018,june,POTRLB,POTR,L,B,,47,-0.435059356,-1.580968468,-1.145909112
2018,june,POTRLB,POTR,L,B,,47,-0.439196212,-1.52374196,-1.084545748
2018,june,POTRLB,POTR,L,B,,3A-S6,-0.37576442,-1.157630204,-0.781865784
2018,june,POTRLB,POTR,L,B,,3A-S6,-0.418511932,-1.567178948,-1.148667016
2018,june,POTRLC,POTR,L,C,,3,-0.476427916,-0.914934652,-0.438506736
2018,june,POTRLC,POTR,L,C,,3,-0.383348656,-1.689905676,-1.30655702
2018,june,POTRLC,POTR,L,C,,3,,-1.869169436,
2018,june,POTRLC,POTR,L,C,,70,-0.522622808,-1.6030317,-1.080408892
2018,june,POTRLC,POTR,L,C,,70,-0.510901716,-1.886406336,-1.37550462
2018,june,POTRLC,POTR,L,C,,75,-0.845297576,-1.5857948,-0.740497224
2018,june,POTRLC,POTR,L,C,,75,-0.884597708,-1.460310168,-0.57571246
2018,june,POTRLD,POTR,L,D,,204,-0.915624128,-3.366711308,-2.45108718
2018,june,POTRLD,POTR,L,D,,204,-0.912176748,-3.612164764,-2.699988016
2018,june,POTRLD,POTR,L,D,,204,,-3.24398458,
2018,june,POTRLD,POTR,L,D,,194,-0.635696872,-1.35826772,-0.722570848
2018,june,POTRLD,POTR,L,D,,194,-0.357148568,-1.434799556,-1.077650988
2018,june,POTRLD,POTR,L,D,,194,-0.526070188,,
2018,june,POTRLD,POTR,L,D,,248,-0.763249932,-1.401015232,-0.6377653
2018,june,POTRLD,POTR,L,D,,248,-0.7928974,-1.436178508,-0.643281108
2018,june,POTRLE,POTR,L,E,,186,-0.818408012,-1.698179388,-0.879771376
2018,june,POTRLE,POTR,L,E,,186,-0.746702508,-1.75126904,-1.004566532
2018,june,POTRLE,POTR,L,E,,187,-0.752218316,-1.507884012,-0.755665696
2018,june,POTRLE,POTR,L,E,,187,-0.652244296,-1.532015672,-0.879771376
2018,june,POTRLE,POTR,L,E,,187,-0.648796916,,
2018,june,POTRLE,POTR,L,E,,181,-0.528828092,-3.159868508,-2.631040416
2018,june,POTRLE,POTR,L,E,,181,-0.426096168,-3.457032664,-3.030936496
2018,june,POTRLE,POTR,L,E,,181,-0.452296256,,
2018,june,POTRLF,POTR,L,F,,398,-0.450227828,-3.560454064,-3.110226236
2018,june,POTRLF,POTR,L,F,,398,-0.364732804,-2.973020512,-2.608287708
2018,june,POTRLF,POTR,L,F,,398,,-2.907520292,
2018,june,POTRLF,POTR,L,F,,402,-0.419201408,-1.614063316,-1.194861908
2018,june,POTRLF,POTR,L,F,,402,-0.41713298,-1.653363448,-1.236230468
2018,june,POTRLF,POTR,L,F,,382,-0.606049404,-0.840471244,-0.23442184
2018,june,POTRLF,POTR,L,F,,382,-0.64466006,-0.974919064,-0.330259004
2018,june,POTRMF,POTR,M,F,,710,-2.1029018,-1.1031616,0.9997402
2018,june,POTRMF,POTR,M,F,,710,-1.1031616,-1.5857948,-0.4826332
2018,june,POTRMF,POTR,M,F,2,783,-0.6205284,-1.3100044,-0.689476
2018,june,POTRMF,POTR,M,F,2,783,-0.5515808,-1.9305328,-1.378952
2018,june,POTRMF,POTR,M,F,3,779,-0.344738,-1.034214,-0.689476
2018,june,POTRMF,POTR,M,F,3,779,-0.4136856,-1.2410568,-0.8273712
2018,june,POTRMB,POTR,M,B,T3,1037,-0.5515808,-1.2410568,-0.689476
2018,june,POTRMB,POTR,M,B,T3,1037,-0.344738,-1.2755306,-0.9307926
2018,june,POTRMB,POTR,M,B,T1,1013,-0.2757904,-1.378952,-1.1031616
2018,june,POTRMB,POTR,M,B,T1,1013,-0.344738,-1.3100044,-0.9652664
2018,june,POTRMB,POTR,M,B,S6,1044,-0.344738,-1.5168472,-1.1721092
2018,june,POTRMB,POTR,M,B,S6,1044,-0.4136856,-1.6547424,-1.2410568
2018,june,POTRMC,POTR,M,C,T1,T1,-0.4136856,-1.3100044,-0.8963188
2018,june,POTRMC,POTR,M,C,T1,T1,-0.4136856,-2.3442184,-1.9305328
2018,june,POTRMC,POTR,M,C,T1,T1,,-1.7926376,
2018,june,POTRMC,POTR,M,C,T4,618,-0.5515808,-1.378952,-0.8273712
2018,june,POTRMC,POTR,M,C,T4,618,-0.517107,-1.4478996,-0.9307926
2018,june,POTRMC,POTR,M,C,,623,-0.4136856,-1.9305328,-1.5168472
2018,june,POTRMC,POTR,M,C,,623,-0.4826332,-1.378952,-0.8963188
2018,june,POTRMD,POTR,M,D,T5,1448,-0.4136856,-0.8273712,-0.4136856
2018,june,POTRMD,POTR,M,D,T5,1448,-0.344738,-1.1031616,-0.7584236
2018,june,POTRMD,POTR,M,D,L7,1411,-0.3792118,-1.1721092,-0.7928974
2018,june,POTRMD,POTR,M,D,L7,1411,-0.3792118,-1.034214,-0.6550022
2018,june,POTRMD,POTR,M,D,T4,1425,-0.344738,-1.2410568,-0.8963188
2018,june,POTRMD,POTR,M,D,T4,1425,-0.5515808,-1.206583,-0.6550022
2018,june,POTRME,POTR,M,E,T3,T3,-0.5515808,-1.72369,-1.1721092
2018,june,POTRME,POTR,M,E,T3,T3,-0.4136856,-1.5168472,-1.1031616
2018,june,POTRME,POTR,M,E,T5,T5,-0.4826332,-1.4478996,-0.9652664
2018,june,POTRME,POTR,M,E,T5,T5,-0.517107,-1.6547424,-1.1376354
2018,june,POTRME,POTR,M,E,T1,T1,-0.4136856,-1.5168472,-1.1031616
2018,june,POTRME,POTR,M,E,T1,T1,-0.4481594,-1.6547424,-1.206583
2019,july,POTRLE,POTR,L,E,,187,-0.19292,-1.34355,-1.15063
2019,july,POTRLE,POTR,L,E,,187,-0.31005,-1.22642,-0.91637
2019,july,POTRLE,POTR,L,E,,181,-0.18603,-0.86125,-0.67522
2019,july,POTRLE,POTR,L,E,,181,-0.35139,-0.75101,-0.39962
2019,july,POTRLE,POTR,L,E,,186,-0.26871,-1.61915,-1.35044
2019,july,POTRLE,POTR,L,E,,186,-0.2756,-1.70183,-1.42623
2019,july,POTRLE,PIPO,L,E,,189,-0.50986,-1.61915,-1.10929
2019,july,POTRLE,PIPO,L,E,,189,-0.57876,-1.32288,-0.74412
2019,july,POTRLE,PIPO,L,E,,169B,-0.50986,-0.60632,-0.09646
2019,july,POTRLE,PIPO,L,E,,169B,-0.53053,-1.55025,-1.01972
2019,july,POTRLE,PIPO,L,E,,174,-0.49608,-0.84058,-0.3445
2019,july,POTRLE,PIPO,L,E,,174,-0.4134,-1.06795,-0.65455
2019,july,POTRLE,POTR,L,E,,179,-0.28938,,
2019,july,POTRLE,POTR,L,E,,179,-0.32383,,
2019,july,POTRLD,POTR,L,D,,248,-0.28249,-1.18508,-0.90259
2019,july,POTRLD,POTR,L,D,,248,-0.33072,-1.34355,-1.01283
2019,july,POTRLD,POTR,L,D,,194,-0.37895,-1.46068,-1.08173
2019,july,POTRLD,POTR,L,D,,194,-0.24115,-1.66738,-1.42623
2019,july,POTRLD,POTR,L,D,,204,-0.26871,-1.55025,-1.28154
2019,july,POTRLD,POTR,L,D,,204,-0.24115,-1.25398,-1.01283
2019,july,POTRLD,PIPO,L,D,,207,-0.50297,-1.67427,-1.1713
2019,july,POTRLD,PIPO,L,D,,207,-0.55809,-1.26776,-0.70967
2019,july,POTRLD,PIPO,L,D,,245,-0.59254,-1.28843,-0.69589
2019,july,POTRLD,PIPO,L,D,,245,-0.62699,-1.378,-0.75101
2019,july,POTRLD,PIPO,L,D,,206,-0.51675,-1.2402,-0.72345
2019,july,POTRLD,PIPO,L,D,,206,-0.65455,-1.41245,-0.7579
2019,july,POTRLC,POTR,L,C,,3,-0.35828,-1.26087,-0.90259
2019,july,POTRLC,POTR,L,C,,3,-0.28938,-1.50202,-1.21264
2019,july,POTRLC,POTR,L,C,,70,-0.29627,-1.05417,-0.7579
2019,july,POTRLC,POTR,L,C,,70,-0.26871,-1.25398,-0.98527
2019,july,POTRLC,POTR,L,C,,75,-0.33072,-1.13685,-0.80613
2019,july,POTRLC,POTR,L,C,,75,-0.39962,-1.27465,-0.87503
2019,july,POTRLC,PIPO,L,C,,67,-0.55809,-1.13685,-0.57876
2019,july,POTRLC,PIPO,L,C,,67,-0.49608,-1.57092,-1.07484
2019,july,POTRLC,PIPO,L,C,,82,-0.52364,-1.54336,-1.01972
2019,july,POTRLC,PIPO,L,C,,82,-0.66144,-1.77073,-1.10929
2019,july,POTRLC,PIPO,L,C,,82,-1.24709,,
2019,july,POTRLG,POTR,L,G,,434,-0.28938,-1.28843,-0.99905
2019,july,POTRLG,POTR,L,G,,434,-0.25493,-1.53647,-1.28154
2019,july,POTRLG,POTR,L,G,,422,-0.32383,-1.11618,-0.79235
2019,july,POTRLG,POTR,L,G,,422,-0.28938,-1.28843,-0.99905
2019,july,POTRLG,PIPO,L,G,,439,-0.79235,-1.52269,-0.73034
2019,july,POTRLG,PIPO,L,G,,439,-0.53053,-1.57781,-1.04728
2019,july,POTRLG,PIPO,L,G,,424,-0.57876,-1.5158,-0.93704
2019,july,POTRLG,PIPO,L,G,,424,-0.59943,-1.61915,-1.01972
2019,july,POTRLG,PIPO,L,G,,429,-0.44785,-1.60537,-1.15752
2019,july,POTRLG,PIPO,L,G,,429,-0.4823,-1.77073,-1.28843
2019,july,POTRLG,POTR,L,G,,450,-0.30316,-1.35733,-1.05417
2019,july,POTRLG,POTR,L,G,,450,-0.31694,-1.70872,-1.39178
2019,july,POTRLB,POTR,L,B,,47,-0.51675,-1.00594,-0.48919
2019,july,POTRLB,POTR,L,B,,47,-0.44096,-0.99216,-0.5512
2019,july,POTRLB,POTR,L,B,,46,-0.35139,-1.28154,-0.93015
2019,july,POTRLB,POTR,L,B,,46,-0.33761,-1.22642,-0.88881
2019,july,POTRLB,POTR,L,B,,3A,-0.31005,-1.12307,-0.81302
2019,july,POTRLB,POTR,L,B,,3A,-0.59943,-1.18508,-0.58565
2019,july,POTRLB,PIPO,L,B,,45,-0.52364,-1.27465,-0.75101
2019,july,POTRLB,PIPO,L,B,,45,-0.88192,-1.35733,-0.47541
2019,july,POTRLB,PIPO,L,B,,15,-0.43407,-1.30221,-0.86814
2019,july,POTRLB,PIPO,L,B,,15,-0.46852,-1.40556,-0.93704
2019,july,POTRLB,PIPO,L,B,,6,-0.5512,-1.35733,-0.80613
2019,july,PIPOHD,PIPO,H,D,,257,-0.70278,-1.3091,-0.60632
2019,july,PIPOHD,PIPO,H,D,,257,-0.67522,,
2019,july,PIPOHD,PIPO,H,D,,301,-0.58565,-1.55025,-0.9646
2019,july,PIPOHD,PIPO,H,D,,301,-0.63388,-1.1713,-0.53742
2019,july,PIPOHD,PIPO,H,D,,272,-0.6201,-1.35733,-0.73723
2019,july,PIPOHD,PIPO,H,D,,272,-0.59254,-1.5847,-0.99216
2019,july,PIPOHD,PIPO,H,D,,300,,-1.66049,
2019,july,PIPOHD,PIPO,H,D,,300,,-1.46068,
2019,july,PIPOHC,PIPO,H,C,,348,-0.4823,-1.4469,-0.9646
2019,july,PIPOHC,PIPO,H,C,,348,-0.51675,-1.48135,-0.9646
2019,july,PIPOHC,PIPO,H,C,,342,-0.4134,-1.378,-0.9646
2019,july,PIPOHC,PIPO,H,C,,342,-0.4823,-1.55025,-1.06795
2019,july,PIPOHC,PIPO,H,C,,359,-0.44785,-1.5847,-1.13685
2019,july,PIPOHC,PIPO,H,C,,359,-0.4823,-1.7225,-1.2402
2019,july,PIPOHB,PIPO,H,B,,314,-0.53742,-1.1024,-0.56498
2019,july,PIPOHB,PIPO,H,B,,314,-0.37895,-1.2402,-0.86125
2019,july,PIPOHB,PIPO,H,B,,315,-0.44785,-1.3091,-0.86125
2019,july,PIPOHB,PIPO,H,B,,315,-0.4823,-1.48135,-0.99905
2019,july,PIPOHB,PIPO,H,B,,309,-0.51675,-1.3091,-0.79235
2019,july,PIPOHB,PIPO,H,B,,309,-0.4823,-1.378,-0.8957
2019,july,POTRLF,POTR,L,F,,398,-0.4134,-1.1024,-0.689
2019,july,POTRLF,POTR,L,F,,398,-0.4823,-1.48135,-0.99905
2019,july,POTRLF,POTR,L,F,,402,-0.31005,-1.1024,-0.79235
2019,july,POTRLF,POTR,L,F,,402,-0.2756,-1.1713,-0.8957
2019,july,POTRLF,POTR,L,F,,382,-0.3445,-1.0335,-0.689
2019,july,POTRLF,POTR,L,F,,382,-0.2756,-1.1713,-0.8957
2019,july,POTRLF,PIPO,L,F,,394,-0.689,-1.27465,-0.58565
2019,july,POTRLF,PIPO,L,F,,394,-0.65455,-1.378,-0.72345
2019,july,POTRLF,PIPO,L,F,,372,-0.58565,-1.5158,-0.93015
2019,july,POTRLF,PIPO,L,F,,372,-0.689,-1.5847,-0.8957
2019,july,POTRLF,PIPO,L,F,,377,-0.7579,-1.5847,-0.8268
2019,july,POTRLF,PIPO,L,F,,377,-0.6201,-1.48135,-0.86125
2019,july,PIPOLC,PIPO,L,C,,1083,-0.6201,-1.20575,-0.58565
2019,july,PIPOLC,PIPO,L,C,,1083,-0.60632,-2.58375,-1.97743
2019,july,PIPOLC,PIPO,L,C,,1080,-0.65455,-1.48135,-0.8268
2019,july,PIPOLC,PIPO,L,C,,1080,-0.6201,-1.7225,-1.1024
2019,july,PIPOLC,PIPO,L,C,,1087,-0.53053,-1.5847,-1.05417
2019,july,PIPOLC,PIPO,L,C,,1087,-0.79235,-1.77762,-0.98527
2019,july,PIPOLD,PIPO,L,D,,1131,-1.61915,-1.35733,0.26182
2019,july,PIPOLD,PIPO,L,D,,1131,-0.86125,-1.5847,-0.72345
2019,july,PIPOLD,PIPO,L,D,,1140,-0.7579,-1.5847,-0.8268
2019,july,PIPOLD,PIPO,L,D,,1140,-0.689,-1.68805,-0.99905
2019,july,PIPOLD,PIPO,L,D,,1138,-0.9646,-1.35044,-0.38584
2019,july,PIPOLD,PIPO,L,D,,1138,-0.65455,-1.7225,-1.06795
2019,july,PIPOLE,PIPO,L,E,,1115,-0.58565,-1.97743,-1.39178
2019,july,PIPOLE,PIPO,L,E,,1115,-0.58565,-2.4804,-1.89475
2019,july,PIPOLE,PIPO,L,E,,1112B,-0.56498,-2.8249,-2.25992
2019,july,PIPOLE,PIPO,L,E,,1112B,-0.60632,-2.8938,-2.28748
2019,july,PIPOLE,PIPO,L,E,,1109,-0.54431,-2.03255,-1.48824
2019,july,PIPOLE,PIPO,L,E,,1109,-0.58565,-1.13685,-0.5512
2019,july,PIPOLE,PIPO,L,E,,1106,-0.56498,-1.8603,-1.29532
2019,july,PIPOLE,PIPO,L,E,,1106,-0.51675,-1.9292,-1.41245
2019,july,PIPOLF,PIPO,L,F,,989,-0.56498,-1.89475,-1.32977
2019,july,PIPOLF,PIPO,L,F,,989,-0.57876,-1.3091,-0.73034
2019,july,PIPOLF,PIPO,L,F,,991,-0.44785,-1.34355,-0.8957
2019,july,PIPOLF,PIPO,L,F,,991,-0.51675,-1.5847,-1.06795
2019,july,PIPOLF,PIPO,L,F,,980,-0.5512,-1.89475,-1.34355
2019,july,PIPOLF,PIPO,L,F,,980,-0.79235,-1.6536,-0.86125
2019,july,PIPOLG,PIPO,L,G,,960,-0.58565,-1.7225,-1.13685
2019,july,PIPOLG,PIPO,L,G,,960,-0.8268,-1.74317,-0.91637
2019,july,PIPOLG,PIPO,L,G,,975,-0.6201,-1.378,-0.7579
2019,july,PIPOLG,PIPO,L,G,,975,-0.65455,-1.55025,-0.8957
2019,july,PIPOLG,PIPO,L,G,,976,-0.689,-2.756,-2.067
2019,july,PIPOLG,PIPO,L,G,,976,-0.44785,-2.85935,-2.4115
2019,july,POTRHA,POTR,H,A,,2314,-0.31005,-0.8268,-0.51675
2019,july,POTRHA,POTR,H,A,,2314,-0.22737,-1.28154,-1.05417
2019,july,POTRHA,POTR,H,A,,2331,-0.4134,-1.0335,-0.6201
2019,july,POTRHA,POTR,H,A,,2331,-0.4134,-0.93015,-0.51675
2019,july,POTRHA,POTR,H,A,,2247,-0.3445,-1.0335,-0.689
2019,july,POTRHA,POTR,H,A,,2247,-0.28249,-1.01283,-0.73034
2019,july,POTRHB,POTR,H,B,,2135,-0.31005,-0.90948,-0.59943
2019,july,POTRHB,POTR,H,B,,2135,-0.2756,-1.1024,-0.8268
2019,july,POTRHB,POTR,H,B,,2109,-0.25493,-0.93015,-0.67522
2019,july,POTRHB,POTR,H,B,,2109,-0.2067,-0.8268,-0.6201
2019,july,POTRHB,POTR,H,B,,2127,-0.29627,-0.84747,-0.5512
2019,july,POTRHB,POTR,H,B,,2127,-0.3445,-1.12996,-0.78546
2019,july,POTRHC,POTR,H,C,,2738,-0.3445,-0.93015,-0.58565
2019,july,POTRHC,POTR,H,C,,2738,-0.2067,-1.32288,-1.11618
2019,july,POTRHC,POTR,H,C,,2782,-0.37895,-0.70278,-0.32383
2019,july,POTRHC,POTR,H,C,,2782,-0.17225,-0.7579,-0.58565
2019,july,POTRHC,POTR,H,C,,2816,-0.17225,-0.79235,-0.6201
2019,july,POTRHC,POTR,H,C,,2816,-0.24115,-0.72345,-0.4823
2019,july,POTRHE,POTR,H,E,,2421,-0.37895,-0.93015,-0.5512
2019,july,POTRHE,POTR,H,E,,2421,-0.36517,-1.13685,-0.77168
2019,july,POTRHE,POTR,H,E,,2441,-0.28938,-0.70278,-0.4134
2019,july,POTRHE,POTR,H,E,,2441,-0.35139,-0.8957,-0.54431
2019,july,POTRHE,POTR,H,E,,2398,-0.26182,-0.7579,-0.49608
2019,july,POTRHE,POTR,H,E,,2398,-0.3445,-0.8957,-0.5512
2019,july,POTRHD,POTR,H,E,,2467,-0.24804,-1.464125,-1.216085
2019,july,POTRHD,POTR,H,D,,2467,-0.31005,-1.685294,-1.375244
2019,july,POTRHD,POTR,H,D,,2551,-0.3445,-0.841269,-0.496769
2019,july,POTRHD,POTR,H,D,,2551,-0.42029,-1.037634,-0.617344
2019,july,POTRHD,POTR,H,D,,2539,-0.24115,-1.016275,-0.775125
2019,july,POTRHD,POTR,H,D,,2539,-0.30316,-1.19197,-0.88881
2019,july,POTRHD,POTR,H,D,,2572,-0.2756,-0.753077,-0.477477
2019,july,POTRHD,POTR,H,D,,2572,-0.28249,-0.831623,-0.549133
2019,july,POTRMA,POTR,M,A,,710,-0.2067,-1.20575,-0.99905
2019,july,POTRMA,POTR,M,A,,710,-0.2756,-1.1713,-0.8957
2019,july,POTRMA,POTR,M,A,,783,-0.26182,-0.93015,-0.66833
2019,july,POTRMA,POTR,M,A,,783,-0.28938,-1.2402,-0.95082
2019,july,POTRMA,POTR,M,A,,779,-0.2756,-1.2402,-0.9646
2019,july,POTRMA,POTR,M,A,,779,-0.22737,-1.4469,-1.21953
2019,july,POTRMB,POTR,M,B,,1037,-0.28938,-1.3091,-1.01972
2019,july,POTRMB,POTR,M,B,,1037,-0.37895,-1.89475,-1.5158
2019,july,POTRMB,POTR,M,B,,1013,-0.3445,-1.4469,-1.1024
2019,july,POTRMB,POTR,M,B,,1013,-0.3445,-1.34355,-0.99905
2019,july,POTRMB,POTR,M,B,,1044,-0.44785,-1.73628,-1.28843
2019,july,POTRMB,POTR,M,B,,1044,-0.35828,-1.6536,-1.29532
2019,july,POTRMC,POTR,M,C,,623,-0.31005,-1.50891,-1.19886
2019,july,POTRMC,POTR,M,C,,623,-0.29627,-1.61915,-1.32288
2019,july,POTRMC,POTR,M,C,,618,-0.3445,-0.8957,-0.5512
2019,july,POTRMC,POTR,M,C,,618,-0.3445,-1.1024,-0.7579
2019,july,POTRMC,POTR,M,C,,T1,-0.37895,-1.89475,-1.5158
2019,july,POTRMC,POTR,M,C,,T1,-0.32383,-1.6536,-1.32977
2019,july,POTRMD,POTR,M,D,,1425,-0.2756,-1.55025,-1.27465
2019,july,POTRMD,POTR,M,D,,1425,-0.2756,-1.75695,-1.48135
2019,july,POTRMD,POTR,M,D,,1411,-0.24115,-0.8268,-0.58565
2019,july,POTRMD,POTR,M,D,,1411,-0.21359,-1.0335,-0.81991
2019,july,POTRMD,POTR,M,D,,1448,-0.28938,-1.34355,-1.05417
2019,july,POTRMD,POTR,M,D,,1448,-0.26871,-1.49513,-1.22642
2019,july,POTRME,POTR,M,E,,T3,-0.29627,-1.35044,-1.05417
2019,july,POTRME,POTR,M,E,,T3,-0.31694,-1.3091,-0.99216
2019,july,POTRME,POTR,M,E,,T5,-0.24115,-1.27465,-1.0335
2019,july,POTRME,POTR,M,E,,T5,-0.21359,-1.327014,-1.113424
2019,july,POTRME,POTR,M,E,,T1,-0.3445,-0.881231,-0.536731
2019,july,POTRME,POTR,M,E,,T1,-0.35828,-0.9646,-0.60632
2019,july,PIPOMA,PIPO,M,A,,1355,-1.55025,-1.3091,0.24115
2019,july,PIPOMA,PIPO,M,A,,1355,-1.20575,-1.48135,-0.2756
2019,july,PIPOMA,PIPO,M,A,,1322,-0.79235,-1.1713,-0.37895
2019,july,PIPOMA,PIPO,M,A,,1322,-0.86125,-1.2402,-0.37895
2019,july,PIPOMA,PIPO,M,A,,1331,-0.79235,-1.0335,-0.24115
2019,july,PIPOMA,PIPO,M,A,,1331,-0.689,-1.378,-0.689
2019,july,PIPOMB,PIPO,M,B,,1298,-0.86125,-3.119792,-2.258542
2019,july,PIPOMB,PIPO,M,B,,1298,-0.72345,-3.168022,-2.444572
2019,july,PIPOMB,PIPO,M,B,,1302,-0.79235,-1.61915,-0.8268
2019,july,PIPOMB,PIPO,M,B,,1302,-0.93015,-1.4469,-0.51675
2019,july,PIPOMB,PIPO,M,B,,1301,-0.9646,-1.1713,-0.2067
2019,july,PIPOMB,PIPO,M,B,,1301,-0.689,-1.3091,-0.6201
2019,july,PIPOMC,PIPO,M,C,,1216,-0.604253,-1.20575,-0.601497
2019,july,PIPOMC,PIPO,M,C,,1216,-0.99905,-1.3091,-0.31005
2019,july,PIPOMC,PIPO,M,C,,1240,-0.46163,-0.8957,-0.43407
2019,july,PIPOMC,PIPO,M,C,,1240,-0.6201,-1.34355,-0.72345
2019,july,PIPOMC,PIPO,M,C,,1249,-0.689,-1.698385,-1.009385
2019,july,PIPOMC,PIPO,M,C,,1249,-0.48919,-1.75695,-1.26776
2019,july,PIPOMD,PIPO,M,D,,1161,-0.44785,-1.55025,-1.1024
2019,july,PIPOMD,PIPO,M,D,,1161,-0.5512,-1.75695,-1.20575
2019,july,PIPOMD,PIPO,M,D,,1156,-0.43407,-1.5158,-1.08173
2019,july,PIPOMD,PIPO,M,D,,1156,-0.53053,-1.7225,-1.19197
2019,july,PIPOMD,PIPO,M,D,,1158,-0.4823,-1.2402,-0.7579
2019,july,PIPOMD,PIPO,M,D,,1158,-0.4134,-1.82585,-1.41245
2019,july,PIPOME,PIPO,M,E,,1258,-0.5512,-2.23925,-1.68805
2019,july,PIPOME,PIPO,M,E,,1258,-0.51675,-2.3426,-1.82585
2019,july,PIPOME,PIPO,M,E,,1256,-0.600808,-1.3091,-0.708292
2019,july,PIPOME,PIPO,M,E,,1256,-0.619411,-1.5847,-0.965289
2019,july,PIPOME,PIPO,M,E,,1281,-0.58565,-1.61915,-1.0335
2019,july,PIPOME,PIPO,M,E,,1281,-0.43407,-1.7225,-1.28843
2019,july,POTRHA,ABLA,H,A,,2310,-0.3445,-0.99905,-0.65455
2019,july,POTRHA,ABLA,H,A,,2310,-0.4134,-1.06795,-0.65455
2019,july,POTRHA,ABLA,H,A,,2300,-0.37895,-1.13685,-0.7579
2019,july,POTRHA,ABLA,H,A,,2300,-0.44785,-1.34355,-0.8957
2019,july,POTRHA,ABLA,H,A,,2264,-0.5512,-0.93015,-0.37895
2019,july,POTRHA,ABLA,H,A,,2264,-0.4823,-0.8957,-0.4134
2019,july,POTRHE,ABLA,H,E,,2356,-0.51675,-1.0335,-0.51675
2019,july,POTRHE,ABLA,H,E,,2356,-0.37895,-1.06795,-0.689
2019,july,POTRHE,ABLA,H,E,,2354,-0.58565,-0.9646,-0.37895
2019,july,POTRHE,ABLA,H,E,,2354,-0.51675,-1.378,-0.86125
2019,july,POTRHE,ABLA,H,E,,2395,-0.58565,-1.0335,-0.44785
2019,july,POTRHE,ABLA,H,E,,2395,-0.4823,-1.1713,-0.689
2019,july,ABLALD,ABLA,L,D,,843,-0.4823,-1.27465,-0.79235
2019,july,ABLALD,ABLA,L,D,,843,-0.37895,-1.1713,-0.79235
2019,july,ABLALD,ABLA,L,D,,912,-0.44785,-1.13685,-0.689
2019,july,ABLALD,ABLA,L,D,,912,-0.37895,-1.48135,-1.1024
2019,july,ABLALD,ABLA,L,D,,906,-0.5512,-1.3091,-0.7579
2019,july,ABLALD,ABLA,L,D,,906,-0.51675,-1.34355,-0.8268
2019,july,ABLALE,ABLA,L,E,T1,T1,-0.5512,-1.06795,-0.51675
2019,july,ABLALE,ABLA,L,E,T1,T1,-0.5512,-1.34355,-0.79235
2019,july,ABLALE,ABLA,L,E,T2,T2,-0.4823,-1.48135,-0.99905
2019,july,ABLALE,ABLA,L,E,T2,T2,-0.44785,-1.68805,-1.2402
2019,july,ABLALE,ABLA,L,E,T3,T3,-0.4134,-0.7579,-0.3445
2019,july,ABLALE,ABLA,L,E,T3,T3,-0.51675,-0.7579,-0.24115
2019,july,ABLAHF,ABLA,H,F,1,1,-0.4823,-1.1024,-0.6201
2019,july,ABLAHF,ABLA,H,F,1,1,-0.4823,-1.0335,-0.5512
2019,july,ABLAHF,ABLA,H,F,2,2,-0.4134,-0.8268,-0.4134
2019,july,ABLAHF,ABLA,H,F,2,2,-0.37895,-0.9646,-0.58565
2019,july,ABLAHF,ABLA,H,F,3,3,-0.44785,-0.8957,-0.44785
2019,july,ABLAHF,ABLA,H,F,3,3,-0.51675,-1.0335,-0.51675
2019,july,ABLAHE,ABLA,H,E,1,1,-0.5512,-1.13685,-0.58565
2019,july,ABLAHE,ABLA,H,E,1,1,-0.44785,-1.34355,-0.8957
2019,july,ABLAHE,ABLA,H,E,2,2,-0.37895,-1.13685,-0.7579
2019,july,ABLAHE,ABLA,H,E,2,2,-0.4134,-1.27465,-0.86125
2019,july,ABLAHE,ABLA,H,E,3,3,-0.3445,-2.30815,-1.96365
2019,july,ABLAHE,ABLA,H,E,3,3,-0.3445,-2.4115,-2.067
2019,july,ABLAHC,ABLA,H,C,L7,L7,-0.44785,-1.06795,-0.6201
2019,july,ABLAHC,ABLA,H,C,L7,L7,-0.4823,-1.1713,-0.689
2019,july,ABLAHC,ABLA,H,C,S1,S1,-0.37895,-1.68805,-1.3091
2019,july,ABLAHC,ABLA,H,C,S1,S1,-0.3445,-1.4469,-1.1024
2019,july,ABLAHC,ABLA,H,C,"""3""","""3""",-0.3445,-1.1024,-0.7579
2019,july,ABLAHC,ABLA,H,C,"""3""","""3""",-0.4134,-1.2402,-0.8268
2019,july,ABLAHD,ABLA,H,D,S4,S4,-0.44785,-1.2402,-0.79235
2019,july,ABLAHD,ABLA,H,D,S4,S4,-0.4823,-1.4469,-0.9646
2019,july,ABLAHD,ABLA,H,D,S2,S2,-0.3445,-0.8957,-0.5512
2019,july,ABLAHD,ABLA,H,D,S2,S2,-0.37895,-1.0335,-0.65455
2019,july,ABLAHD,ABLA,H,D,S7,S7,-0.3445,-1.20575,-0.86125
2019,july,ABLAHD,ABLA,H,D,S7,S7,-0.37895,-1.3091,-0.93015
2019,july,ABLAHA,ABLA,H,A,H5/S6,H5/S6,-0.37895,-0.99905,-0.6201
2019,july,ABLAHA,ABLA,H,A,H5/S6,H5/S6,-0.44785,-1.0335,-0.58565
2019,july,ABLAHA,ABLA,H,A,S5,S5,-0.44785,-1.13685,-0.689
2019,july,ABLAHA,ABLA,H,A,S5,S5,-0.4823,-1.27465,-0.79235
2019,july,ABLAHA,ABLA,H,A,T3,T3,-0.3445,-0.99905,-0.65455
2019,july,ABLAHA,ABLA,H,A,T3,T3,-0.4134,-1.13685,-0.72345
2019,july,ABLAMA,ABLA,M,A,T1,T1,-0.3445,-0.8268,-0.4823
2019,july,ABLAMA,ABLA,M,A,T1,T1,-0.3445,-0.8957,-0.5512
2019,july,ABLAMA,ABLA,M,A,S7,S7,-0.4823,-1.2402,-0.7579
2019,july,ABLAMA,ABLA,M,A,S7,S7,-0.4823,-1.378,-0.8957
2019,july,ABLAMA,ABLA,M,A,T4,T4,-0.44785,-1.20575,-0.7579
2019,july,ABLAMA,ABLA,M,A,T4,T4,-0.4134,-1.34355,-0.93015
2019,july,ABLAMB,ABLA,M,B,M12,M12,-0.37895,-0.8957,-0.51675
2019,july,ABLAMB,ABLA,M,B,M12,M12,-0.4134,-0.86125,-0.44785
2019,july,ABLAMB,ABLA,M,B,S1,S1,-0.51675,-1.1713,-0.65455
2019,july,ABLAMB,ABLA,M,B,S1,S1,-0.5512,-1.1713,-0.6201
2019,july,ABLAMB,ABLA,M,B,S7,S7,-0.51675,-0.9646,-0.44785
2019,july,ABLAMB,ABLA,M,B,S7,S7,-0.44785,-1.1713,-0.72345
2019,july,ABLAMC,ABLA,M,C,M?,M?,-0.44785,-1.13685,-0.689
2019,july,ABLAMC,ABLA,M,C,M?,M?,-0.4823,-1.2402,-0.7579
2019,july,ABLAMC,ABLA,M,C,unlabeled,unlabeled,-0.44785,-1.4469,-0.99905
2019,july,ABLAMC,ABLA,M,C,unlabeled,unlabeled,-0.44785,-1.7225,-1.27465
2019,july,ABLAMC,ABLA,M,C,S2,S2,-0.4823,-1.20575,-0.72345
2019,july,ABLAMC,ABLA,M,C,S2,S2,-0.44785,-1.34355,-0.8957