sequence_list_name,sequence,Kingdom,Phylum,Class,Order,Family,Genus,Species
Contig 1,ATCKMSWSCTNTBCHTTBCTTGTCBAHCTCTAAGTGTCTATKTTTCYTCATWTAYNYMAATGAATGNTAATAGWATGNTTRTGCCTNNATAAAATNTATACAACTTTCAGCAACGGATCTCTTGGCTCTCGCATCGATGAAGAACGCAGCGAAATGCGATAAGTAATGTGAATTGCAGAATTCAGTGAATCATCGAATCTTTGAACGCACCTTGCGCTCCTTGGTATTCCGAGGAGCATGCCTGTTTGAGTGTCATTAATATATATCAACCTNTCTCTTGTTGARTNNGTTTGGATGTGGGGGTTTGCTGSNCCTCTNAANNAGGNTNTCAGCTCNNCCTGAAATGCATTAGCAGAACAACCNTGTTCATTGTGTGATAACTATCTACGCTATTGAATGNTGAGGNGCAGTTCAGCTTTCTAACNGTCNTTTGGACAAHHNTNTCATNATTATGTGACCTCAAATCAGGTAGGACTACCCGCTGAACTTAAGCATATCA,k__Fungi,p__Basidiomycota,c__Agaricomycetes,o__Agaricales,f__Cortinariaceae,g__Cortinarius,NA
Contig 2,CCCCCTKTGCTCACGTTTTTAACATTAAACACCCNATTCGAACGTATTGTAGAATGNTTMTTTKYGCGATCACRCGCGATCAATACAACTTTCAACAACGGATCTCTTGGCTCTCGCATCGATGAAGAACGCAGCGAAATGCGATACGTAATGTGAATTGCAGAATTCAGTGAATCATCGAATCTTTGAACGCACCTTGCGCCCCTTGGCATTCCGAGGGGCACACCCGTTTGAGTGTCGTGAACATCCTCAACCTGCTTCGTTTTACCAAACCAAGTAGGCTTGSAATTTGGAGGTTTTCTGCTGGCCTCCTCCGAAGCCAGCTCCTCTTAAATCTATCAGTGRNATCCGCTTTGCTAGATCCTCGACGTTGATAAGATGTTTCTACGTCTTGRTTTTGCTCGGKARGBACCTGCTTCTAACCGTCCCATCGGRGACATCGTTCGAGCCGATCGCCCTTCACGGGGTNNAAGCTTTTCGACCCATGAAACCTTGACCTCAAATCGGGTGAGACTACCCGCTGAACTTAAGCATA,k__Fungi,p__Basidiomycota,c__Agaricomycetes,o__Russulales,f__Russulaceae,g__Russula,s__brevipes
Contig 3,CGCCCTCCTTCGNCTAAAAGTCTGGCGTTTCCACGTCGGATCGGGGCGCTCTCCGCCCAAACACACACCACAGCCTGTCTTATAACGCATGTATGCCGCCCCACGGGTAACAAAAGWYAATACAACTTTCARCAACGGATCTCTTGGCTCTCGCATCGATGAAGAACGCAGCGAAATGCGATAAGTAATGTGAATTGCAGAATTCAGTGAATCATCGAATCTTTGAACGCACCTTGCGCCCTTTGGCTATTCCGAAGGGCATGCCTGTTTGAGTATCATGAACACCTCAACTCTCATGGTTTGCCATGATGAGCTTGGACTTTGBGGTCTTGCTGNCCTANGGTCGGCTCCTCTCAAATGGATCAGCTTGCCAGTGTTTGTGNCNNTCACAGGTGTGATAACTATCTACGCTTGTGNTTTTCTGCCATNGTAACCTTCAGCGATGRAGGTTCGCTGGAGCTCACANAATGTCTCTCCTCAGTGAGGACAGCTTTTTGAACGTTTGATCTCAAATCAGNTAGGACTACCCGCTGAACTTAAGCATATCAATA,k__Fungi,p__Basidiomycota,c__Agaricomycetes,o__Thelephorales,f__Thelephoraceae,g__Tomentella,NA
Contig 4,CTTCTCATATACAMTRCNCTKTTANCAAYRWTGAACGTGMTNTGTGCCGCAAGGCCATTAATATAATACAACTTTTAACAACGGNTCTCTTGGCTCTCGCATCGATGAAGAACGCAGCGAAATGCGATAAGTAATGTGAATTGCAGAATTCAGTGAATCATCGAATCTTTGAACGCACCTTGCGCTCCCTGNTATTCCGGRGAGCACGCCTGTTCGAGTGTCGCGAAATTTCTCAAGCTTGGATGGCTTTTTTGTCTGTCCTTAGCCTTGGTTGTTGMNCTTTGCCGTGTCCTTTGTTGSNACGGCTGNCCTTAAAAGCATTAGCTGATCCTCGTGTGNCACTGRNTCTACTCAGCGTGATAACAGTCTGATCGCTGAGGACATCTTTTGNNNTGCCCAGTTCTCATTTGNNNTGCTTCCAAACTTGTTTTGCAGATTCTTCAATCTGTGTTCCACTTTTCAGCTTTGACCTCGAATCAGGTGNACTACCCGCTGAACTTAAGCATATCAATAA,k__Fungi,p__Basidiomycota,c__Agaricomycetes,o__Cantharellales,f__Clavulinaceae,g__Clavulina,s__cinerea
Contig 5,AGAGGAGNAGCGGAGAGCAGAAGGCGAAGCGGTTGTCTTTTTAGAGGAGAGGGGGAAGCGGATAWCARAACGCGGGCTTTTGTTTTTTTAGTGKAGGGAGGGGAAGCAKCATATCAAAAAGCGGCGTTTTTTTTTTTTTTAAAAAAGGGAAGCGAAABARAAAAAAAADANGGKTTGTGTTTTTTTTTTTTAAAWAARAGAANGAAGCAAAANAAAAAAANGCGTYGTGTTTTTTTTTTTTAAAGAAGAGGARRGANARNARAAAAAAAAATANKKSKBKTTTTTTTTTTTTTTAAANAAAAGAAAAAAANAACAAAATAANATNNANMTTTTTTTTTTTTTTTTTAAAAAAAAAAAAAGACAAAAAAAAAAAAAAGMGCNTTTTTTTTTTTTTTAAAAAAAAAAAAAAAAMAAAAAAAAAAAANATWNGNNTTTTTTTTTTWAATAAGAAAAAAAAAAAAVAAAAAAACAHAACCCCCTTNTTTTTTTTTNTTTAAAAAAAAAAAAAANAAAAHCCCACHACMACCTTHNNTATTTTTTTATATTAAAAAAAAAAAAAANAVCRAARMAMWAMMMMMMAWWMWAWYYNATTTTWWWWTTAAAAAAAAAAAAAAAAAAAAAACCCTCTTCTTTGAAAGATTTGAAATTTAAAAAAAAAAAAACAAAATAGACTTAGAAAGAGAACTCATCACAAATGAATAAAAGAAAAAAGAAAAGAAGCAAAAACANCCTCAAGGAATTTATCTACGTATTGCAAATGCCATCGTCCCTGCTCCNAATCGTCTCATGTACAATGATG,k__Fungi,NA,NA,NA,NA,NA,NA
Contig 6,AGAGGAGAAGCGGATAACAWAACGCGAAGCGCTTGTCTTGTTAGAGGAGGGAAGGGAAGCGGCATAACAAAARGCGGRGCGTCTTGTTTTTTTAGGGGAGRGGRGGGGMGSAATATMACAASGSGARGCGTCTTGTCTTGTTARWTTAGGGARGGGAAGCGGCATATCAAAAMGCGGAGCGTCTTGTTTTTTTAAAGAAGGGAAGCGAAGCATCATAACAAGAAGCGKCGTGTTTTKTTAAKATAAAGAAGGGAAGCAAAACAWAAAAANRYGTCGCGTCKTKTTTTGTTADDDAAGWRAARRGRARGRAARWAAMAWAARATTTAGAGACGTGTTTTAAAAAAGAAAACACCAAGGCCGGGTGGTGTGTGTTGTNCTTTTCTTCAAAAAAAAAAAAATCTGCATTTTTTTTTGTTTTGTTTTTTTTTTTTTCTAAAATAAAAAAATAGAGTAATTTTTTTTTTTTTTTTTTTTCTCTCTCTTCTAAAAAAAAAGAAGAGGAGAGTTGTTTTGTTTTTTTTCTCCTTCCCCTTAAAAAAAAAAAGAGCGACGTGTTTTTTTTTTGTGCTCCCCTCCCCCCCCAAAAAAAAAAAAAGACACTACTCTTTTTTATTTTTTGCTTTTCTTTTTTTTTAAAAAGGAGATGNAAAAAAAAAAAAAAAAGACCTTTTTTTTTTTTATTTTGAAANGCGGAACGTAAAAAATGNATCTGNCATCTTTTTTTTTTTTATAAAAAAGCGAAAAGAAATGTAAATTGCAGAATTCATTGTTTTATTTAAACTTTGAACGCACATTGAACCACTTGAAATCCCGAGGTTCATGCCTGTTCGAGAGACAAATCACCACTCAAGCCTGCCTTGGTGTTGTTTGACGTATACTAAGAAGACGCGACACGAAATGCTCGNCGGCGTGNACTGTAANAAAGAGAAGAAAAAATCTTTCCGCTTTGAAGTCGGNCCCCCCGTTTTGCCGGAAAAACCTAGCTCGCAAGTTTGACCTCGGAATCAGGCAG,k__Fungi,NA,NA,NA,NA,NA,NA
Contig 7,AGAGNAGAAGCGGATAACAAAACGAGAAGCGGTTGTTTTTTTAAAGGAGGGAAGGGGAGCGGATNNCAAGAGGGGGAGCGTTTTGTTTTTTTAGAGGAGGGGGGGGGAGGAAAAAAACATGGGGGGTGGTGTTTTGTTTTTTAAAAGGAGGGGAGGGGAGCAAAAAAASGSGGRGCGTTTTGTTTTTTTAGTGGAGGGAAGGGATTTATTATATCATGAGGGGTTTTGTTTTTTTTTTGNNGKRRAGGGRTTKAWRRKWTMWTWYKRRSGGGCSWKGKKTTTTTTNNWKKWWKKKYARMAACGSRTCWCWTSMCTCCCGGNTNKGGGKGGKKWYSSYWKYKARWTGSGRWACGWAATGTGAATTGCAGAATTCAGKGAATCATCGAATCTTTGAACGCACCTTGCGCCCCTTGRCATTCCGAGGGGCACACCCGTTTGAGTGTCGTGAAATCCTCAAAACCCCTCTTCTTTGGGAGTTTTGGAATTGGAGGTTTAATGCTCGCTTTTGCCTTTGAAAGTGAGCTCCTCTCAAATGAATCAGTGGGGTCTGCTTTGCTGNTCCTTGACGTGATAAGATGTTTCTACGTCTTGNATTTGSCATCGTCCCTGCTCCTAATCGTCTCATGGACAATGATGGTGCTTCCGGTCACCGCCATCCACATCGGCGGGNAGGCTGGACCCACAAAGAGAAAACCTTGACCTCAAATCGGGTGAGACTACCCGCTGAACTTAA,k__Fungi,p__Basidiomycota,c__Agaricomycetes,o__Russulales,f__Russulaceae,g__Russula,s__aurantioflammans
Contig 8,TAGAGGRGKAAGCGGCATATCATAACGCGAAGCGTCTTGTTTTGTTAATTTAGAGAAVGGAAGCGGNATAACAAAAAGCGAAGCGTCTTGTTTTTTTAAAGKAGGGAAGGGAAGCATAATAACAAGAGGCGGGGTGTTTTGTTTTTTTAAAGGAGGGAAGCGAAATAAAAAAAVAAGGGGGGTTGTTTTTTTTTTTTAAAGAAGAGAAGSGAANAANAAAAAAAASGKGGGGKWGKTTTKTKTTAKKWNGAAGAANAGGGAAWCRAAAAAAAAADNNGGGGGKGGGGTKTWKTWTTAAARAAGRGAARGGAAAAAAWACATAASGDMAGGGGGTGTGNTGTTTTGTTNNGGGRGGGRSRMMCCTCCAAANNCATTTTTNTTTTTGGAAAA,k__Fungi,NA,NA,NA,NA,NA,NA
Contig 9,CGCAAGCACTAATGTACAACTTTCAACAACGGATCTCTTGGCTCTCGCATCGATGAAGAACGCAGCGAAATGCGATAAGTAATGTGAATTGCAGAATTCAGTGAATCATCGAATCTTTGAACGCACCTTGCACCCTTTGRCATTCCGAAGATATGCTCGTTTGAGTGTCATTGTACTCTCACACTTCCAATTCTTTGGATTGAAAGTGGTGVACTTGNNCGCTGCTGCTTTACTGTGGCTCACCTCAAATGCATTAGTGCAACCCTTGNTTAGACATAGTACGGCGTGATAAGTGTCTTCGCTGGCGCCTCACTTTGAGGGTGKCTGATCAGGNCTCTGTGCTTCAAACCGTCTTTGCACAATGKCTGACAACTTGACCTCAAATCGAGTAGCACTACCCGCTGAACTTAANGCATATC,k__Fungi,p__Basidiomycota,c__Agaricomycetes,o__Sebacinales,f__Sebacinaceae,g__Sebacina,NA
Contig 10,GGGGGGTGTGGTGTTTAGGAAGAGGAGGGAGGGGGAGTAAAAAAAAGGGGGGGGGGGGGTTTYTTKWARAGAGAGGAGAAGCGGATAACAAAACGCGGAGCGNCTTGTTTTTTTAAAGGAGGGAAGGGAAGCGGMAWAACAAAAGGGGGGGGGTTTTGTTTTGGTAAGAGGAGGGGRGGGGAGTAAAAAAAAAAGGGGGGGGGTGTTTTGTTTTGAAGNGGAGGGGAGGGAAGAANTAAAAAAAGGGGGGGSGGTGTTTTTTTTTNTARRARAAGGAAGGGAAATAAAATNATAANGGGGGGGGGNGGTTTTTTTTTBGAAAAGAAGAVGAAGCAADAANNAAAAGGGGGGGGGKKKKKTWTRWTWWAKRRAASRKMRRAGMWKKGAAMYMMMMTGGGSGSSKKGKTATTCCGGAAAGAACGCCTGTCCAANTGCCCNNAATTTCTCCAAGCTTGGTGGGTTTTTTGGCGGCCCTTAGCCCTGGGTGGTGGGCTTTTGCCGGGGCCTTTGGTGGGAAGGGTTGGCCCTAAAANCCTTAAGCTGGCCCCCCGGGGGGGACTGGNTCAACCCCGCGGGGAAAAAGCCGGGCCCCCGGGNAATTTTTTTGGGAAGGGCAATTCCCTTTTGNNTGGCTTCCAAAACTGGGTTTTCGAAATTTTTAAAATGGGGTCCCATTTTTCCCTTTTGGCCCC,k__Fungi,NA,NA,NA,NA,NA,NA
Contig 11,GAAGCGNCTTGTTTTKTTAAWKKAGGGAAGGGAAGCNDGCKAAHAAAAAGGSGRGCGTYTTKTTTTTTTANAAGRAGGGAGGGGAAGNNKATAAAAAGAGGGGGGGGGTTTTNGTTTTTTTANAGNAGGRGGGGRGAGTAAYAAAACAAGGGGGGGGGTGTTTTTTTTTWGGGGAGGRGGGGARNGAAAAAAAAANADGGGGGGGGGTTTTTTTTTTTTTTGGNAGRRAARGAVSMAMTCAAAAAAAAAANCGGGGGGGGNTNTTTTTTTTTTTTTAAAGGGRGGGGRAAAVAAAAAAAAATTGGGGGSGGGGGGTTTTTTTTTTTTTTTTGAANGAACCTTGGCCCCCCNGGGATTTCCGGGGGGGCCCCCCGTTTTTGAGGGGCGGGAAACCTCCAAAACCCCCCTCTTTTGGGGGTTTTTGGGATTTGGAGGTTTAAAGGCCCCCTTTCCCCCTCCCAAGGGGGGCCCCTTCAAAAAAAAAAGGGGGGNCCCCCTTGCCGGCCCCCGGGGGGGGAAAAAGGTTTTTCAGGTTTGGGGTTTGCGACCCCCCCCCCTTCCAAAGGCCCCGGGGAAAGGGGGGGTTCCCGCCCCCCCCCCCCTCACTGGGGGGGGGGGGGGGCCCCGGAAAGGNTTTTTCCCCCCAACCGGGGGGAAACACCGGG,k__Fungi,p__Ascomycota,c__Sordariomycetes,o__Magnaporthales,f__Magnaporthaceae,g__Magnaporthe,s__oryzae
Contig 12,AGAGGAGARGCGGATAACAKAACGNSRRGCGKTTGTTTTTTTAGNNRGGVGAGAGGGAAGCGGCATAACAAAAANGCGGNGCTTTTTTTTTTTTAAAGGAGGGAGGGGAAGCRGTATAACAAAAGGMGGKGTTTTTTTTTTTTTAAAAGAAGGGAAGCAAAATAAAATAACACRTRGYKTTTTTTTTTTTTWTTAAAAAAANNNAAGVGVAAMAAAAWAAATGATGTTTTTTTTTTTTTTTTTTTAAAAAAAAAAAAAAAAAAAAAAAATTAWAAACTTTTTTTTTTTTNTCYTYTTCYTTTYMAAAAAACCCMSCCYCCYCYMAYTKYTTYYNCCTCCNCTCCTTTTCCTTAACAAAACCCCCCCCCCCCCGTTTTTTTACTTCCCTTCCCTCCTCTCCCAAAACAAAACACCCCCCCCCTTGTTTTTTTGCTCCCCCCCCCCCCTCTACCAAAACANCACCCCCCCCCTTTTTNTATTCCGCTTCCCCTCCCTCCTTTAAAAANACAAGCGCTTCGCGTTATGNTATCCGCTTCTNCTCT,k__Fungi,NA,NA,NA,NA,NA,NA
Contig 13,GAAATAGCATGACGAGTTGTCGCTGGTCTTTTCTTTGACCGTGCACGCTCTGTCGTTCTTCATTTCTCCATCTATTTGTGCACCTCTTGCGTAGACCTTTTCTTGAGNCTTTCCTCGGGTCGTTAGTNTTGTTTTGAAAAAAAAAAGAATTTTTGTGTTCCTTCCTTGCTACCACCAACACATACACGAAAGTAATTGTTTAGAAGTGAATGTTGTTGGATGCATAATACAACTTTCAGCAACGTCTCGCTTGTCTCTCGCATCGATGAAGMACGCAGCGGAATGCGATAAGGAATGTGGCTTGCAGAATTCAGTGAATCATCGAATCTTTGCACGCATCTTGCGCTCCTTGATTAATCCAAGRAGCATGCCTGTTTGAGTGTCATGAATGTCTCAMCCACACCGTGAGGTGTGGCTTGTGTTTGNTACTTACAGACTCAGCCTGCTCCNCCTGAAATGCATGAGAGCGAACCGCCCTCTCCATTAGGATGAGATACATATCTGCATCTGGGTGAGGGTTTTGCTGCTATACAAGAGTTGNRTTTGATAARCTTNGCCCTCAAATCAGGTASGCCCMCCYCGSYKRWMYTMAACATAATCAATANNNGGAAGNANNTTGGTTCATTTANAGGAAAGTA,k__Fungi,p__Basidiomycota,c__Agaricomycetes,o__Agaricales,f__Inocybaceae,g__Inocybe,s__lanatodisca
Contig 14,AGAGNACGAGGCGGAGANCAAAAGGCGAGGCGTCTTGTCTTGNTAGGGGAGGGNGGGGAAGCAGCATAACAAAAAGCGGAGTGGCTTGTTTWGTAAAAGAAGGNAANGSAAAWAWAMAWAAMAKWAGCGTTGTTTTTTTTTNNTTWWAAAAAAAAAAAMRRAAWAAAMAAAMACTTCSCGTTTTTTTTTAGGGGAGGGGGGGAAGTTTATCCACACAGGGCGGTGTTTTTTTTGTAAAGGGGGGGGGAGGGGAGCCCCAAGGCGTGAGGCCCGGTTTTTTTTATAGAAAGATGAGGGAAGTTTTTTTAAAAAAAACCGGGGTTTGTTTTTTTTATARAAAAAAACACCCCCCACATATCAAGAGGTTGTGCTCCTCTCTTAAAACAAAAAAAAACACGGCACGTTTTTTTGCTCCCCTCCCCTCCTCTACAAAAAAAAAAAACAACGCCCCATGATATTTTGCTCCCCTCCCCTCCTTTAACAAAAAAAAACGCTCCGCCTCTTGATAGCCGCTCCCCTTCCCTCCTTTAAAAAAACAAGACGC,k__Fungi,NA,NA,NA,NA,NA,NA
Contig 15,AGGGGNGAGGCGGAGATCAGAAGGCGGGCGTTTGNTTTTTAGTGGAGAGAGGGTAAGCGKATAAMAAAANGCBDDGCTTTTTGTTTTTTTADAAGAGARGGGVAAVAAAATAAAAAAAGGCGDCGTTTTTTTTTTTTTTAAAGAAGGGAAGNNNAAAAAAAAAAAAANANAGSDTBTKBTTTTTTTTTTAAAAAAAAAAAAGAAGCAAAAAAAAAAAANNNVGVGTTTTTTTTTTTTTTAAAAAAAAAAAANGGAANAAAAAAAAAAATANNNDDTDDDTDDDTAATTTTTTTTAAAAAAAAAAAAAGAAAAATTTWTTTTWTTTTCCCTCTTCNTTTTATTAAAAAAANAAAGCNCAGGCTTTTCTNTTTTGCNCCNTTTTTTTTTAAAAAAAAANAAAAAACGATTGTTATTTTTTTTTGTTTTTCTTTTCTTAATTAAAAAAAAACANNCCTCTTCTTNAGCTTACCNNNCTCCTCTAAAAANNAAAGCNCCGTCTCTATCGCTCTCCTC,k__Fungi,p__Chytridiomycota,NA,NA,NA,NA,NA
Contig 16,ATAACAAGAGGGGGAGGGTTTTGTTTTTTTAGTGAAGGGAGGGGAAGTATTATAAGGAGGGGGTTTTTTTTTTTTTTTTTTAGAGGAGGGAAGAAAAAAAAAAAAAGGGGGGGGGTTGTGTTTTGTTAATGAAGAGAAGAGAAATAAAACAAAAGGGGGGGGGGTGTTTTTTTAAGAAAAAGAAAAGAAAAAAAACAGATTAGGGGGGGGGTTGTTGTTTTGTAGGAGGAGGGAAGGGAAGCGKMWWANCAAAASGGGGMGGGTTTTKTTTTKKWAAWRRAGGGRRGGGRARYAWWAWAWMAWGGGGGGGGGTGTTTTTTTTTTRWARAGAARGGAARGRRARAAWAAWAMNGGGGGGGNNNGTNTTTTTTTTTTNWWAAKRRRRRWKKCAAMAMMRMAWSKSKRGGSKSKGGSKKYTTTKWWWAWWRMANAGAAAAAAAACATAATATAGGGGGGGGGGGTTTTTTGTTTTAAAAAAGAAGAGGAAAGGCACATAGCGCCGGGTGGGGTTGAGTTTTTTGAGGGGGAAAGAGAGCCGTGAACTCCATCAACCTTTCGGGTTTTTTGGACGGAAAAAAATGGACCTTGGCACCATTTGTTTTAGGGTCCTTTTGGAGCCCACCTC,k__Fungi,NA,NA,NA,NA,NA,NA
Contig 17,AACACTAGCCTTTGGCCTATAAAACTTATACAACTTTCAGCAACGNTCTCTTGNTCTCGCATCGATGAAAACGCAGCGAAATGCGATAATAATGTGATTGCAGAATTCAGGAATCATCGAATCTTTGAACGCACCTTGCGCTCCTTGNTATTCCGAGNAGCATGCCTGTNTGANTGNCATTAAATTCTCAACCTTTATCAGCTTTTGCTGATGATGGCTTGANTGTGGANNTTTATTTTNGCTGSCTTCNTTTGCAGATGGNCAGCTNCCCCTTAAANTGNCATTAACNCGNCGCCCCNGCGYGGACTGNCTATTGNTGTGATAATTATCTASSSCCGNGNMCATCTNGCAATTATATNNTTTGCACTGCTTCCMAATCGTCTGTTGAATCAGATAATACATGACAAATTTGANCCTCAAAATCAGGTAGGACTACCCCGCTGAACTTAGANCATA,k__Fungi,p__Basidiomycota,c__Agaricomycetes,o__Agaricales,f__Hymenogastraceae,g__Hebeloma,s__bulbiferum
Contig 18,GATAAGTAGTGTGAATTGCAGAATTCAGTGAATCATCGAATCTTTGAACGCACATTGCGCCTCCTGNTATTCCGGGAGGCATGCCTGTTCGAGCGTCATTAAATACCACTCAAGCTCTTCTGCTTGGTCATGGAAGAAGAGAATGCTTGCATCCTCTCTTCTGAAATCGAACGGCGGACTGCCTCATGTGCCTCGCGTAGTAAGTTCATCTTTTCGCTTGGAGTGTGAGATAGTCTCGCCATCAACCCCCATACTTCTAAGGTTGACCTCGGATCAGGTAGGGATACCCGCTGAACTTAAGCATAT,k__Fungi,p__Ascomycota,c__Pezizomycetes,o__Pezizales,f__Pyronemataceae,g__Wilcoxina,s__rehmii
Contig 19,TCCTCTTTAAATGCATCAGTGRAGAGAAACTCGCCCCAGTGTGATAATCCTGTTGCGCTGTGMTGNNTGANAAGTCTGCTTCCAACCGTCCNTCCGNGACATACAYCATCTYATTTTGACCTCAARTCAGGTAGGACTANCCCGCTGAACTTAAGCATAT,k__Fungi,p__Basidiomycota,c__Agaricomycetes,o__Atheliales,f__Tylosporaceae,g__Amphinema,s__byssoides
Contig 20,AGAGGNGAAGCGGATAACAAAAGGCGAAGCGGTTGTTTTGTTAGAGTAGGGAGGGGAAGCAGCATAAAAAAAAGCGGAGTGTTTTGTTTTTTTAAAGAAGGGAAGGGAAATAAAAAAAAAAAAAGCGTTTTGTTTTTTTAATTAAAATAAAGGAAGCAAAACAAAAAAAAAAGTTGTGTNTTGTTTTTTWGAAAGGGGGACCTATATAAAAAAAAACAAACTTTCCGCATTTTTTTTTTTTTGGGTCGCGGGGTCGGTGAAAAAACGCAGCGGNATGGGGTAAGTNAGGGGGAANGGCAGAATTCAGTGAACCATCCAATCTTTTGGACGGCTCTTTGTGCTTCTTTGNAATCCCGGAGGACCTGCCCTGGTTTGGGGGGCCTTAAAATTTTTTTTAACCCCCCCCCCTTGGGGAGGGGGGGGGNTTTTGGGGGGGGNNNTTTGTGGCCCCTTTTNTTNAAAAAAAAGGGGGCCCCCCCCCCCCCGAAAGGGGTTAAACAAAAAAACCTTTTTATTGGGGGGGAAAAACCTCCCCGGCCCAAGGGGGGGGGGGGGGGTATTTTCTTTTTTTTCAAAGGTTTTTTTGAAAAAACTTTTTAAAAGGGGGGCCCCCCAAAACGGGGGAGCCCCCCCCCCGGAAAAAAAAAAAAAAAAAAANGGGGGAAATTTTTNTTTTTTTGCCCGCACTCAAAAAGGAAAAAAAAAGCCGGGTTTTTTTTTTTTTTTTTTAAGCCCTCTTCCAAATAAAATAGGGNGGGGCCTTCTTTTTTTATTTATAGAGTCAAAGTACAATCCAACGCCT,k__Fungi,NA,NA,NA,NA,NA,NA
Contig 21,AGGGGAGCNNCACAAAAAAAGGGGGGGGGGGGTGTGTTTTTTTAAAGNAAGGGNGNNACCNCCCACCNNNGGGGGGGGGTTTTTTTTTTTTAAAAAAAGGGNAACNCACCCCCCCCCCGGGGGGGGGSGGTTTTTTTTTTAAARGAGGGAGGGGAAGCATAATATCAAAACGCGTGGTTTTTTTTTTTTTTAAAGAAGAGAAGGGAAATAAAATAAAAATTGGCTTTTTTTTTTTTTTAAAAAAAAAAAAGAAGTAAAAAAAAAAAAGGAGGAGCTTTGTTTTTTATAAAAAAAAATAAGAAAAAAAAAAAATAAAAAGACTTTTTTTTTTTTTTTAAAAAAAAAAAAAAAAAAAAAAAAAAAAAATTTCTCTTTTTTTTTTTTAAAAAAAAAAAAAAAAAGAAAAAAAAAGTGAAATTTGGAGTTTTTTGAAAAAAAAAAAATTTAAACACACATTGCGCTCCTTGTGATATTGAGAAGAATGCGTGTGTGAGAGTGATACAAAACTCAACCTTTTANATTTTATAATATTGTATATAGTTGTATGTGTGNNTTGCACACTCCNCCTCTGTGGTCACCTCTCC,k__Fungi,NA,NA,NA,NA,NA,NA
Contig 22,TNTATTTAAAAAGAAAAGCACCGCCAAATAAACTCACGNGGCGTCNTTNTTTTTAAGAAAAAAAAAAACAAYTGAGGGGGGTGTTTGGGTGTTTGTAAGATTTGAGAGGAAGAGATTAGCCTTGGATGGTGGGTTTTGCCTTTTCCTTAAAGGGAAAGAATGGCCTTTAANNGTTCAGCTNGTTTTTCGTGGGTAACTGTNTCTACNAGCGTGAGAACCGTCTCATTCGCNGNNGCATCTTTTGGAATGGCCA,k__Fungi,NA,NA,NA,NA,NA,NA
Contig 23,CCTCTTTANATTTTGAGAGTGTTTGNATGTGNNGTGTTATTTTGCTGNCCTTCTCCAAGGTCAGCTCCCCTGAAATGCATGACTGTAACGNCCTCTCCANTAANATGTGATACATATCTCCATCCGNGAGGGNTGNCCTGCTAAANAAAACTTCGAACTGACAAGCTTGCCCCCNNGCANNCAGNACCACCCGATCNACTTAGGCCGTATCAATNNCCCGCAGGCAAAATCACCCTTTGCCC,k__Fungi,p__Basidiomycota,c__Agaricomycetes,o__Agaricales,f__Cortinariaceae,g__Cortinarius,NA
Contig 24,TTTGAATTCCGATAAGGAATTCAAGTTGGGGGACTGCTGTGCTTAACAGTCGGCTTTCCCTTGTATTTTTCAGGTCTATGTCATTTTTCACAACCTCTATAATATGTTTAGAATGTTGAATCAGGTCCTTGTACCTATATAAAAAGTATAAACAWYTTTCAGCAACGGANCNCTTGGCTCCTCCCATCGANGAAGNNGGCNGCGGAATTGGNNAAAANAAAGGGG,k__Fungi,p__Basidiomycota,c__Agaricomycetes,o__Agaricales,f__Inocybaceae,g__Inocybe,NA
